location_code,damage_code,collision_code,road_code,light_code,road_type_code,traffic_code,weather_code,emp_liability_code,kpi_cause_code
XRD,NSR,SSW,WET,DAWN,MULTI,LIGHT,RAIN,4,BUS - OTHER
BSP,OSM,SSW,DRY,NIGHT,MULTI,LIGHT,FINE,5,GEN
RAD,MIR,HON,SLIP,DAY,SINGLE,LIGHT,FINE,4,BUS - OTHER
DEPOT,NSR,REVERSING,WET,DAWN,SINGLE,NO,RAIN,4,EMP
RAD,OSF,SSW,DRY,DAY,SINGLE,MODERATE,FINE,5,EMP
DEPOT,OSM,REVERSING,DRY,NIGHT,SINGLE,NO,FINE,4,EMP
RAD,MIR,SSW,WET,DAY,MULTI,HEAVY,RAIN,4,EMP
RAD,REAR,ROO,DRY,DAY,SINGLE,NO,FINE,4,EMP
BSP,OSR,SSW,DRY,DAY,SINGLE,LIGHT,FINE,1,EMP
RAD,OSR,SSW,DRY,NIGHT,SINGLE,HEAVY,RAIN,4,CARS TRUCKS
TIN,OSR,SSW,DRY,DAY,MULTI,HEAVY,SUN,4,EMP
DEPOT,REAR,SSW,WET,DAY,SINGLE,NO,RAIN,4,EMP
BSP,OSR,TAI,DRY,DAY,SINGLE,LIGHT,FINE,1,CARS TRUCKS
RAD,NSR,SSW,DRY,DAY,MULTI,NO,FINE,4,EMP
RAD,OSF,SSW,WET,DUSK,MULTI,LIGHT,FINE,5,CARS TRUCKS
RAD,NSM,REVERSING,WET,DAY,SINGLE,NO,FINE,4,CARS TRUCKS
TIN,OSR,TAI,DRY,DAY,SINGLE,HEAVY,FINE,4,CARS TRUCKS
RAD,NSR,REVERSING,DRY,DAY,BUS,NO,FINE,4,CARS TRUCKS
DEPOT,NSR,SSW,DRY,NIGHT,SINGLE,NO,FINE,4,EMP
RAD,FRNT,HON,DRY,DAY,SINGLE,HEAVY,FINE,2,EMP
RBT,REAR,BTMO,DRY,DAY,SINGLE,MODERATE,FINE,1,CARS TRUCKS
DEPOT,WSRE,N2T,DRY,NIGHT,SINGLE,NO,FINE,4,EMP
RAD,MIR,SSW,WET,DAWN,SINGLE,LIGHT,RAIN,4,BUS - OTHER
RAD,REAR,N2T,WET,DUSK,MULTI,EXTREME,FINE,1,CARS TRUCKS
RAD,NSR,SSW,WET,DAY,MULTI,MODERATE,RAIN,4,CARS TRUCKS
RAD,NSM,TBO,WET,DAY,MULTI,MODERATE,RAIN,1,CARS TRUCKS
BSP,NSF,SSW,DRY,DAY,SINGLE,LIGHT,FINE,0,BUS - OTHER
XRD,NSR,HON,DRY,DAY,SINGLE,NO,FINE,4,EMP
RAD,OSR,BTMO,DRY,DAY,SINGLE,LIGHT,FINE,5,EMP
RAD,OSR,SSW,DRY,DUSK,SINGLE,LIGHT,FINE,4,EMP
RAD,OSF,SSW,DRY,DUSK,MULTI,HEAVY,FINE,4,EMP
TIN,NSF,N2T,DRY,DAY,SINGLE,MODERATE,FINE,4,EMP
BSP,OSR,SSW,DRY,DAY,MULTI,NO,FINE,1,GEN
DEPOT,OSR,REVERSING,DRY,DUSK,SINGLE,LIGHT,FINE,4,EMP
DEPOT,REAR,BTMO,DRY,DAY,SINGLE,LIGHT,FINE,4,EMP
BSP,NSF,SSW,DRY,DAY,SINGLE,NO,FINE,0,GEN
DEPOT,OSF,TAI,DRY,DAY,SINGLE,NO,FINE,4,EMP
BSP,OSR,N2T,DRY,DAY,BUS,LIGHT,FINE,1,CARS TRUCKS
RAD,OSM,SSW,DRY,DAY,MULTI,HEAVY,FINE,4,EMP
RAD,FRNT,BTMO,DRY,DAY,SINGLE,NO,FINE,4,EMP
RAD,OSR,TAI,DRY,DAY,MULTI,LIGHT,FINE,4,EMP
RAD,NSR,BTMO,WET,DAY,SINGLE,LIGHT,RAIN,4,EMP
RAD,NSM,SSW,DRY,DAWN,SINGLE,MODERATE,FINE,4,BUS - OTHER
RAD,FRNT,HON,DRY,NIGHT,MULTI,LIGHT,FINE,1,CARS TRUCKS
DEPOT,NSR,BTMO,DRY,DAY,SINGLE,NO,FINE,4,EMP
RAD,Front door glas,SSW,DRY,DAY,SINGLE,LIGHT,FINE,4,EMP
RAD,NSR,REVERSING,DRY,DAY,MULTI,LIGHT,FINE,1,GEN
XRD,NSR,SSW,DRY,DUSK,MULTI,HEAVY,FINE,4,EMP
RAD,NSR,SSW,WET,DUSK,SINGLE,HEAVY,RAIN,1,EMP
RAD,FRNT,N2T,DRY,DAY,MULTI,EXTREME,FINE,4,EMP
BSP,NSF,SSW,DRY,DAY,MULTI,MODERATE,FINE,5,ROA
RAD,Driver's side m,SSW,DRY,DAY,SINGLE,LIGHT,FINE,4,EMP
RAD,NSR,TAI,WET,DAY,SINGLE,MODERATE,RAIN,4,EMP
RAD,OSM,HON,DRY,DAY,SINGLE,LIGHT,FINE,4,EMP
XRD,NSM,SSW,DRY,DAY,SINGLE,HEAVY,FINE,4,ROA
RAD,NSR,N2T,DRY,DAY,MULTI,LIGHT,FINE,4,EMP
BSP,FRNT,HON,DRY,DAWN,SINGLE,LIGHT,FINE,4,EMP
BSP,OSR,SSW,DRY,DAY,MULTI,HEAVY,FINE,1,OTH
RAD,FRNT,HON,DRY,DAY,SINGLE,LIGHT,RAIN,4,EMP
TIN,NSF,TBO,DRY,DAY,SINGLE,LIGHT,FINE,1,CARS TRUCKS
BSP,OSR,SSW,DRY,NIGHT,BUS,HEAVY,FINE,1,EMP
RAD,NSR,TAI,DRY,DAY,MULTI,NO,FINE,4,EMP
RAD,FRNT,TBO,DRY,DAY,BUS,HEAVY,FINE,1,EMP
BSP,NSF,HON,DRY,DUSK,BUS,LIGHT,FINE,4,EMP
RAD,OSR,REVERSING,DRY,DAY,SINGLE,LIGHT,FINE,1,CARS TRUCKS
RAD,NSF,SSW,DRY,DAY,SINGLE,EXTREME,FINE,1,EMP
BSP,OSM,SSW,DRY,DAY,SINGLE,NO,FINE,4,CARS TRUCKS
RAD,NSR,REVERSING,DRY,NIGHT,SINGLE,LIGHT,FINE,1,CARS TRUCKS
RAD,REAR,N2T,WET,STREET,SINGLE,NO,RAIN,1,EMP
XRD,OSR,SSW,DRY,DAY,BUS,HEAVY,FINE,1,EMP
RAD,REAR,REVERSING,DRY,DAY,SINGLE,LIGHT,RAIN,4,EMP
XRD,NSF,SSW,DRY,DAWN,MULTI,LIGHT,FINE,5,GEN
RAD,OSM,SSW,WET,NIGHT,SINGLE,NO,RAIN,1,CARS TRUCKS
DEPOT,OSM,SSW,DRY,DAY,SINGLE,LIGHT,FINE,4,CARS TRUCKS
RAD,NSR,HON,DRY,DAWN,MULTI,HEAVY,FINE,5,EMP
DEPOT,WIN,SSW,DRY,DAY,SINGLE,LIGHT,FINE,4,EMP
RAD,NSF,SSW,WET,DAY,SINGLE,MODERATE,FINE,4,EMP
RAD,NSM,REVERSING,DRY,DAY,SINGLE,MODERATE,FINE,1,CARS TRUCKS
RAD,WSRE,SSW,DRY,DAY,SINGLE,NO,FINE,4,EMP
RAD,REAR,SSW,DRY,STREET,SINGLE,NO,FINE,4,EMP
BSP,REAR,SSW,DRY,NIGHT,MULTI,HEAVY,FINE,1,EMP
RAD,REAR,HON,DRY,DAY,SINGLE,LIGHT,FINE,1,EMP
XRD,FRNT,N2T,DRY,DAY,MULTI,MODERATE,FINE,1,CARS TRUCKS
TIN,NSF,TBO,DRY,DAY,SINGLE,NO,FINE,4,EMP
XRD,REAR,SSW,DRY,NIGHT,MULTI,HEAVY,FINE,4,BUS - OTHER
XRD,REAR,N2T,DRY,DUSK,MULTI,HEAVY,FINE,1,CARS TRUCKS
RAD,NSF,SSW,DRY,DAY,SINGLE,HEAVY,FINE,1,EMP
RAD,NSR,SSW,DRY,DAY,MULTI,HEAVY,FINE,4,CARS TRUCKS
BSP,NSR,SSW,DRY,DAY,SINGLE,MODERATE,FINE,4,CARS TRUCKS
BSP,OSR,SSW,DRY,NIGHT,BUS,LIGHT,FINE,2,EMP
RAD,NSF,SSW,DRY,NIGHT,SINGLE,LIGHT,FINE,0,OTH
DEPOT,OSR,SSW,DRY,DAY,MULTI,NO,FINE,4,EMP
DEPOT,OSM,SSW,DRY,NIGHT,SINGLE,NO,FINE,4,EMP
DEPOT,WSRE,REVERSING,DRY,DAY,SINGLE,NO,FINE,2,EMP
XRD,FRNT,TBO,DRY,DAY,SINGLE,LIGHT,FINE,4,EMP
RAD,OSR,SSW,WET,DAY,MULTI,HEAVY,RAIN,4,CARS TRUCKS
TIN,NSM,SSW,DRY,STREET,SINGLE,MODERATE,FINE,4,EMP
TIN,NSF,SSW,DRY,DAY,MULTI,MODERATE,FINE,1,CARS TRUCKS
RAD,NSM,SSW,DRY,DAY,SINGLE,HEAVY,FINE,0,GEN
RAD,REAR,N2T,DRY,DAY,SINGLE,HEAVY,FINE,1,EMP
RAD,REAR,N2T,SLIP,DAY,MULTI,MODERATE,FINE,1,ROA
BSP,NSR,REVERSING,DRY,DAY,BUS,NO,FINE,1,CARS TRUCKS
BSP,OSR,TAI,DRY,DAY,MULTI,NO,FINE,4,EMP
RAD,WSRE,HON,DRY,DAY,SINGLE,LIGHT,FINE,0,OTH
RBT,NSF,N2T,DRY,DAY,MULTI,LIGHT,FINE,4,EMP
TIN,OSR,ROO,DRY,DAY,SINGLE,LIGHT,FINE,4,BUS - OTHER
DEPOT,OSR,SSW,DRY,DAY,SINGLE,LIGHT,FINE,4,BUS - OTHER
RBT,NSF,SSW,WET,NIGHT,SINGLE,LIGHT,RAIN,4,EMP
TIN,OSM,SSW,DRY,DAY,SINGLE,MODERATE,SUN,1,EMP
RAD,NSF,SSW,WET,NIGHT,MULTI,LIGHT,RAIN,1,CARS TRUCKS
RAD,NSM,SSW,DRY,DAWN,SINGLE,LIGHT,FINE,4,BUS - OTHER
RAD,MIR,SSW,DRY,DUSK,MULTI,HEAVY,FINE,4,BUS - OTHER
RAD,OSF,ROO,DRY,DAY,MULTI,HEAVY,FINE,4,CARS TRUCKS
BSP,WSRE,ROO,DRY,DAY,SINGLE,LIGHT,FINE,4,CARS TRUCKS
RAD,OSR,SSW,DRY,DAY,BUS,HEAVY,FINE,4,EMP
BSP,FRNT,SSW,DRY,DAY,SINGLE,NO,FINE,4,EMP
RAD,MIR,HON,DRY,DAY,MULTI,MODERATE,FINE,4,CARS TRUCKS
RAD,NSR,TBO,DRY,DAY,SINGLE,MODERATE,FINE,1,CARS TRUCKS
DEPOT,WIN,SSW,DRY,DAY,SINGLE,LIGHT,FINE,6,CARS TRUCKS
RAD,OSM,SSW,DRY,DAY,MULTI,LIGHT,FINE,4,CARS TRUCKS
BSP,NSF,HON,DRY,DAWN,MULTI,LIGHT,SUN,4,EMP
RAD,NSM,SSW,DRY,DAY,SINGLE,LIGHT,FINE,1,GEN
BSP,OSR,SSW,DRY,DAY,BUS,NO,FINE,4,EMP
RAD,OSR,SSW,DRY,DAWN,SINGLE,NO,FINE,3,EMP
TIN,FRNT,N2T,SLIP,DAY,MULTI,LIGHT,RAIN,1,EMP
TIN,NSF,SSW,DRY,DAY,SINGLE,LIGHT,FINE,5,ROA
RAD,NSF,SSW,WET,DUSK,SINGLE,MODERATE,RAIN,0,OTH
BSP,OSR,SSW,DRY,DAWN,SINGLE,HEAVY,FINE,1,CARS TRUCKS
RAD,FRNT,N2T,WET,DAY,MULTI,MODERATE,RAIN,4,EMP
RAD,OSR,N2T,DRY,DAY,SINGLE,LIGHT,FINE,1,CARS TRUCKS
RAD,OSF,SSW,DRY,DAY,MULTI,NO,FINE,4,EMP
DEPOT,FRNT,HON,DRY,DAY,SINGLE,LIGHT,FINE,6,EMP
RAD,NSM,SSW,DRY,DAY,SINGLE,EXTREME,FINE,4,CARS TRUCKS
RAD,REAR,N2T,DRY,DAY,SINGLE,LIGHT,FINE,5,ROA
RBT,REAR,SSW,DRY,DAY,SINGLE,LIGHT,FINE,1,EMP
BSP,OSF,SSW,WET,DAY,MULTI,LIGHT,FINE,1,EMP
BSP,MIR,SSW,DRY,DAWN,BUS,LIGHT,FINE,4,EMP
DEPOT,REAR,SSW,DRY,NIGHT,SINGLE,LIGHT,FINE,0,BUS - OTHER
RAD,OSM,SSW,SLIP,DUSK,SINGLE,HEAVY,FINE,4,EMP
RAD,FRNT,TBO,DRY,DAY,MULTI,MODERATE,FINE,1,EMP
RAD,NSF,SSW,WET,NIGHT,SINGLE,MODERATE,RAIN,4,CARS TRUCKS
BSP,NSF,SSW,DRY,DAY,MULTI,HEAVY,FINE,4,OTH
RAD,OSM,SSW,DRY,DAY,SINGLE,EXTREME,FINE,4,CARS TRUCKS
BSP,NSM,REVERSING,WET,NIGHT,BUS,LIGHT,RAIN,1,CARS TRUCKS
RAD,Rear bumper and,SSW,DRY,DAY,SINGLE,LIGHT,FINE,1,EMP
BSP,REAR,SSW,WET,NIGHT,SINGLE,NO,FINE,1,EMP
RAD,FRNT,N2T,DRY,DUSK,MULTI,LIGHT,FINE,1,CARS TRUCKS
RBT,NSM,SSW,DRY,DAY,MULTI,HEAVY,FINE,4,EMP
BSP,OSF,N2T,DRY,DAY,SINGLE,LIGHT,FINE,1,CARS TRUCKS
RAD,MIR,SSW,WET,DUSK,MULTI,LIGHT,RAIN,4,EMP
XRD,NSM,SSW,DRY,DAY,BUS,HEAVY,FINE,4,EMP
RAD,OSM,SSW,DRY,DAY,SINGLE,LIGHT,FINE,6,BUS - OTHER
RAD,OSM,TBO,DRY,DAY,MULTI,HEAVY,FINE,1,CARS TRUCKS
RAD,NSF,SSW,DRY,DAY,MULTI,MODERATE,FINE,6,OTH
TIN,NSR,SSW,DRY,DAY,MULTI,LIGHT,FINE,1,ROA
RAD,2 panels damage,SSW,DRY,DAY,SINGLE,LIGHT,FINE,4,EMP
RBT,OSF,SSW,WET,DUSK,MULTI,HEAVY,RAIN,5,CARS TRUCKS
RAD,Front L/H/S dam,SSW,DRY,DAY,SINGLE,LIGHT,FINE,1,EMP
RBT,NSR,REVERSING,DRY,DAY,SINGLE,LIGHT,FINE,4,EMP
RAD,FRNT,N2T,DRY,DAY,SINGLE,MODERATE,FINE,4,EMP
RAD,NSM,SSW,SLIP,DUSK,MULTI,HEAVY,RAIN,1,EMP
DEPOT,FRNT,HON,WET,DAY,SINGLE,NO,FINE,0,EMP
BSP,NSR,REVERSING,DRY,DAY,MULTI,LIGHT,FINE,1,CARS TRUCKS
XRD,FRNT,TBO,DRY,DAY,MULTI,MODERATE,FINE,1,GEN
RAD,REAR,BTMO,DRY,DAY,BUS,NO,FINE,4,EMP
RAD,WSRE,HON,DRY,DAY,SINGLE,LIGHT,FINE,5,EMP
RBT,NSF,SSW,DRY,DAY,SINGLE,NO,FINE,4,CARS TRUCKS
XRD,NSF,SSW,WET,DUSK,MULTI,MODERATE,RAIN,4,EMP
RAD,NSF,N2T,DRY,DAY,MULTI,HEAVY,FINE,1,CARS TRUCKS
RAD,NSF,SSW,DRY,DAY,SINGLE,NO,FINE,0,BUS - OTHER
RAD,NSM,SSW,DRY,DUSK,SINGLE,HEAVY,FINE,4,ROA
RAD,NSF,HON,DRY,DAY,MULTI,LIGHT,FINE,4,EMP
BSP,OSR,SSW,DRY,DAY,MULTI,MODERATE,FINE,1,EMP
RAD,NSM,SSW,DRY,DAWN,SINGLE,NO,FINE,1,EMP
RAD,NSM,SSW,DRY,DAY,BUS,LIGHT,FINE,1,EMP
RBT,OSF,HON,DRY,STREET,SINGLE,NO,FINE,4,BUS - OTHER
BSP,NSF,HON,DRY,DAY,MULTI,LIGHT,FINE,4,EMP
BSP,NSR,SSW,DRY,DAY,MULTI,MODERATE,FINE,1,EMP
RAD,NSR,SSW,WET,DAY,SINGLE,HEAVY,RAIN,4,EMP
RAD,FRNT,HON,DRY,DAY,SINGLE,LIGHT,FINE,3,EMP
TIN,NSR,TAI,DRY,DAY,SINGLE,HEAVY,FINE,4,EMP
RAD,FRNT,HON,WET,DAWN,MULTI,LIGHT,FINE,4,CARS TRUCKS
XRD,FRNT,HON,DRY,DAY,MULTI,HEAVY,FINE,1,CARS TRUCKS
RAD,NSF,SSW,DRY,DAY,SINGLE,HEAVY,FINE,4,CARS TRUCKS
DEPOT,REAR,REVERSING,WET,DAWN,SINGLE,NO,RAIN,4,EMP
RAD,NSM,ROO,DRY,NIGHT,SINGLE,NO,FINE,4,EMP
DEPOT,OSR,TAI,DRY,DAY,BUS,NO,FINE,4,BUS - OTHER
RAD,NSF,SSW,DRY,DAY,SINGLE,LIGHT,FINE,6,CARS TRUCKS
BSP,NSF,SSW,DRY,DAY,SINGLE,LIGHT,FINE,3,EMP
RAD,NSM,SSW,WET,DAY,MULTI,HEAVY,RAIN,4,CARS TRUCKS
RAD,NSR,SSW,DRY,NIGHT,MULTI,NO,FINE,0,GEN
DEPOT,NSR,REVERSING,WET,DUSK,SINGLE,NO,RAIN,4,EMP
RAD,OSR,SSW,DRY,DAY,MULTI,HEAVY,FINE,4,BUS - OTHER
XRD,OSF,SSW,DRY,DAWN,MULTI,LIGHT,FINE,1,EMP
BSP,NSF,N2T,DRY,DAY,MULTI,LIGHT,FINE,1,BUS - OTHER
RAD,FRNT,SSW,DRY,DAY,BUS,EXTREME,FINE,1,EMP
RAD,NSF,SSW,DRY,DUSK,MULTI,LIGHT,FINE,1,CARS TRUCKS
XRD,OSR,SSW,DRY,DUSK,SINGLE,NO,FINE,4,EMP
RAD,NSM,SSW,DRY,DAY,MULTI,LIGHT,FINE,0,EMP
RAD,FRNT,SSW,DRY,NIGHT,SINGLE,NO,FINE,1,EMP
BSP,WIN,SSW,WET,DAY,SINGLE,HEAVY,RAIN,4,EMP
RAD,WIN,SSW,DRY,DAY,MULTI,NO,FINE,0,GEN
RAD,NSR,REVERSING,DRY,DAY,SINGLE,MODERATE,FINE,4,EMP
RAD,NSR,SSW,WET,DUSK,MULTI,LIGHT,RAIN,4,EMP
XRD,OSF,SSW,DRY,DAY,MULTI,HEAVY,FINE,1,ROA
RAD,REAR,REVERSING,DRY,DAY,SINGLE,LIGHT,FINE,6,EMP
BSP,OSM,REVERSING,DRY,DAY,SINGLE,LIGHT,FINE,5,CARS TRUCKS
TIN,OSR,SSW,WET,DUSK,SINGLE,MODERATE,FINE,4,EMP
XRD,OSR,TAI,DRY,DAY,MULTI,MODERATE,FINE,4,CARS TRUCKS
RAD,FRNT,HON,DRY,NIGHT,MULTI,EXTREME,FINE,4,EMP
RBT,OSM,SSW,DRY,DAY,MULTI,NO,FINE,4,EMP
XRD,WSRE,SSW,WET,DAY,MULTI,LIGHT,RAIN,1,EMP
RAD,TOPR,ROO,DRY,DAY,SINGLE,MODERATE,FINE,4,EMP
BSP,NSR,TAI,SLIP,DUSK,MULTI,MODERATE,FINE,4,BUS - OTHER
RAD,NSR,SSW,DRY,DAY,BUS,NO,FINE,4,EMP
XRD,FRNT,TBO,DRY,DAY,MULTI,MODERATE,FINE,5,CARS TRUCKS
BSP,NSR,SSW,DRY,DUSK,SINGLE,HEAVY,SUN,4,EMP
BSP,NSR,TAI,DRY,DAY,MULTI,LIGHT,FINE,4,BUS - OTHER
RBT,OSR,SSW,DRY,DAY,SINGLE,LIGHT,FINE,3,EMP
RAD,NSR,BTMO,WET,DAY,SINGLE,MODERATE,RAIN,4,EMP
RAD,FRNT,SSW,DRY,DAY,SINGLE,HEAVY,FINE,1,ROA
BSP,NSM,SSW,DRY,DAY,MULTI,HEAVY,FINE,1,EMP
XRD,FRNT,SSW,DRY,DUSK,SINGLE,LIGHT,FINE,4,EMP
TIN,NSR,BTMO,DRY,DAY,MULTI,LIGHT,FINE,4,EMP
RAD,NSF,SSW,DRY,DUSK,MULTI,HEAVY,FINE,1,EMP
RAD,NSR,SSW,DRY,DAY,SINGLE,LIGHT,FINE,5,BUS - OTHER
RAD,TOPF,HON,DRY,DAY,SINGLE,MODERATE,FINE,0,EMP
RAD,REAR,N2T,DRY,NIGHT,FREE,LIGHT,FINE,1,CARS TRUCKS
BSP,OSR,TAI,SLIP,DAY,BUS,LIGHT,RAIN,4,EMP
BSP,OSR,SSW,DRY,DAY,MULTI,HEAVY,FINE,4,EMP
TIN,FRNT,SSW,DRY,DAY,MULTI,MODERATE,FINE,1,EMP
BSP,MIR,SSW,DRY,DAY,MULTI,MODERATE,FINE,4,BUS - OTHER
RAD,MIR,SSW,DRY,DAY,BUS,LIGHT,FINE,4,EMP
RAD,NSR,SSW,DRY,DAY,SINGLE,HEAVY,FINE,1,EMP
RAD,OSF,SSW,DRY,DAY,MULTI,HEAVY,FINE,5,CARS TRUCKS
TIN,FRNT,N2T,DRY,DAY,SINGLE,LIGHT,FINE,1,EMP
BSP,OSR,N2T,DRY,DAY,BUS,HEAVY,FINE,1,ROA
RAD,REAR,REVERSING,DRY,NIGHT,MULTI,MODERATE,FINE,4,BUS - OTHER
RBT,NSF,TBO,DRY,DAY,MULTI,HEAVY,RAIN,1,CARS TRUCKS
RAD,MIR,SSW,DRY,DAY,SINGLE,NO,FINE,4,ENV
DEPOT,NSR,SSW,WET,DAY,SINGLE,NO,FINE,4,EMP
RAD,NSR,SSW,WET,NIGHT,SINGLE,HEAVY,RAIN,4,EMP
RAD,WSRE,SSW,DRY,DAY,SINGLE,LIGHT,FINE,6,OTH
RAD,FRNT,SSW,DRY,DAY,SINGLE,LIGHT,FINE,0,GEN
RAD,NSM,HON,WET,DAY,MULTI,NO,RAIN,4,EMP
BSP,OSR,SSW,DRY,NIGHT,SINGLE,NO,FINE,4,ENV
BSP,FRNT,SSW,DRY,DAY,MULTI,LIGHT,FINE,1,CARS TRUCKS
TIN,MIR,TAI,DRY,DAY,MULTI,HEAVY,FINE,4,EMP
RAD,OSM,SSW,DRY,DAY,SINGLE,LIGHT,FINE,6,EMP
RAD,TOPR,TAI,DRY,DAY,SINGLE,NO,FINE,4,EMP
RBT,FRNT,HON,WET,DAY,SINGLE,MODERATE,RAIN,4,EMP
XRD,MIR,SSW,DRY,DAY,MULTI,MODERATE,FINE,4,CARS TRUCKS
BSP,REAR,TAI,DRY,NIGHT,SINGLE,LIGHT,FINE,4,CARS TRUCKS
XRD,NSM,SSW,SLIP,DAY,SINGLE,MODERATE,RAIN,4,EMP
RAD,NSM,SSW,DRY,DAY,MULTI,MODERATE,FINE,4,OTH
BSP,OSF,SSW,DRY,DAY,MULTI,LIGHT,FINE,0,GEN
XRD,MIR,SSW,DRY,DAY,MULTI,MODERATE,FINE,1,CARS TRUCKS
TIN,MIR,HON,DRY,DAY,SINGLE,MODERATE,FINE,4,EMP
RAD,MIR,SSW,WET,NIGHT,MULTI,MODERATE,RAIN,1,CARS TRUCKS
RAD,NSF,SSW,WET,DUSK,MULTI,HEAVY,RAIN,1,CARS TRUCKS
XRD,NSM,SSW,DRY,DAY,SINGLE,EXTREME,FINE,4,EMP
DEPOT,NSR,SSW,DRY,NIGHT,BUS,LIGHT,FINE,4,EMP
TIN,NSM,SSW,DRY,DAY,SINGLE,MODERATE,FINE,4,EMP
RAD,FRNT,HON,WET,DAY,MULTI,LIGHT,RAIN,4,CARS TRUCKS
XRD,NSF,SSW,DRY,DAY,MULTI,LIGHT,FINE,4,CARS TRUCKS
RAD,REAR,SSW,DRY,DAWN,MULTI,LIGHT,FINE,1,EMP
RAD,NSM,SSW,DRY,DAY,SINGLE,NO,FINE,4,PL&EQ
BSP,OSM,SSW,DRY,NIGHT,SINGLE,NO,FINE,4,EMP
RAD,OSM,SSW,DRY,DAY,SINGLE,MODERATE,FINE,4,EMP
TIN,OSM,SSW,WET,DAY,SINGLE,MODERATE,RAIN,1,EMP
BSP,NSM,TAI,DRY,NIGHT,SINGLE,NO,SUN,4,EMP
RAD,NSM,TBO,DRY,DAY,SINGLE,LIGHT,FINE,4,CARS TRUCKS
BSP,OSF,SSW,DRY,DAWN,SINGLE,LIGHT,FINE,4,EMP
RAD,NSM,N2T,DRY,DAY,SINGLE,LIGHT,FINE,4,EMP
XRD,OSF,SSW,DRY,DAY,MULTI,LIGHT,FINE,1,EMP
TIN,NSM,SSW,WET,DAY,SINGLE,LIGHT,RAIN,4,CARS TRUCKS
DEPOT,FRNT,REVERSING,DRY,DAY,BUS,NO,FINE,1,BUS - OTHER
TIN,OSM,TBO,WET,DAY,MULTI,HEAVY,RAIN,1,GEN
RAD,NSR,REVERSING,DRY,DAY,SINGLE,LIGHT,FINE,4,EMP
TIN,NSM,SSW,DRY,NIGHT,SINGLE,EXTREME,FINE,4,EMP
TIN,OSM,SSW,DRY,DUSK,SINGLE,MODERATE,FINE,4,EMP
RAD,OSF,SSW,DRY,DAY,SINGLE,NO,FINE,5,GEN
TIN,OSF,SSW,SLIP,DAY,MULTI,HEAVY,RAIN,4,EMP
DEPOT,OSF,REVERSING,DRY,DAY,BUS,NO,FINE,4,EMP
BSP,WIN,SSW,DRY,DAY,SINGLE,LIGHT,FINE,5,CARS TRUCKS
BSP,NSF,SSW,DRY,DAWN,SINGLE,NO,FINE,4,EMP
RAD,NSR,SSW,DRY,DUSK,SINGLE,LIGHT,SUN,4,EMP
RAD,MIR,SSW,WET,NIGHT,MULTI,LIGHT,RAIN,1,EMP
BSP,NSR,TAI,WET,DAY,SINGLE,MODERATE,RAIN,4,EMP
RAD,NSR,SSW,WET,NIGHT,SINGLE,MODERATE,FOG,1,EMP
RAD,Front l/h/s,SSW,DRY,DAY,SINGLE,LIGHT,FINE,4,EMP
RAD,NSR,SSW,DRY,DAY,SINGLE,MODERATE,FINE,4,EMP
RAD,REAR,REVERSING,DRY,DAY,SINGLE,LIGHT,FINE,1,CARS TRUCKS
TIN,FRNT,HON,DRY,DAY,SINGLE,LIGHT,FINE,4,EMP
RAD,MIR,SSW,WET,NIGHT,SINGLE,LIGHT,FOG,4,EMP
RAD,OSR,SSW,DRY,NIGHT,MULTI,LIGHT,FINE,5,CARS TRUCKS
BSP,WSRE,HON,DRY,DAY,SINGLE,NO,FINE,4,BUS - OTHER
DEPOT,MIR,HON,DRY,DAY,BUS,NO,FINE,4,EMP
RAD,OSM,SSW,DRY,DAY,MULTI,HEAVY,FINE,4,CARS TRUCKS
RAD,NSR,SSW,DRY,DAY,SINGLE,LIGHT,SUN,4,EMP
DEPOT,OSR,TAI,DRY,DAY,SINGLE,NO,FINE,2,EMP
BSP,FRNT,HON,DRY,NIGHT,BUS,NO,FINE,0,BUS - OTHER
XRD,NSF,SSW,DRY,DAY,MULTI,MODERATE,FINE,4,EMP
BSP,WIN,SSW,DRY,NIGHT,MULTI,LIGHT,FINE,0,PAS
DEPOT,FRNT,HON,DRY,DAY,SINGLE,NO,FINE,4,EMP
XRD,NSM,SSW,DRY,DAY,BUS,NO,FINE,4,EMP
XRD,REAR,SSW,DRY,DAY,SINGLE,NO,FINE,4,EMP
RAD,REAR,REVERSING,WET,DAWN,BUS,LIGHT,RAIN,4,EMP