location_code,damage_code,collision_code,road_code,light_code,road_type_code,traffic_code,weather_code,emp_liability_code,kpi_cause_code
RAD,NSR,SSW,DRY,NIGHT,SINGLE,LIGHT,FINE,4,EMP
DEPOT,OSM,SSW,WET,NIGHT,SINGLE,HEAVY,FOG,4,EMP
XRD,NSM,TBO,DRY,DAY,SINGLE,MODERATE,SUN,4,EMP
TIN,OSM,SSW,DRY,DAY,SINGLE,LIGHT,FINE,1,EMP
BSP,MIR,SSW,DRY,DAY,SINGLE,HEAVY,FINE,4,EMP
RAD,NSM,SSW,WET,DAY,SINGLE,MODERATE,RAIN,4,EMP
RAD,MIR,SSW,DRY,NIGHT,MULTI,HEAVY,FINE,4,CARS TRUCKS
RAD,REAR,N2T,WET,DAY,SINGLE,MODERATE,FINE,1,CARS TRUCKS
BSP,NSM,SSW,DRY,DAY,SINGLE,LIGHT,FINE,1,GEN
XRD,NSF,N2T,DRY,DAY,SINGLE,MODERATE,FINE,4,EMP
RAD,NSF,SSW,DRY,DAWN,SINGLE,HEAVY,FOG,4,CARS TRUCKS
BSP,NSR,SSW,DRY,DUSK,SINGLE,NO,FINE,4,EMP
RAD,MIR,SSW,SLIP,DAY,FREE,MODERATE,FINE,1,EMP
RAD,OSR,SSW,WET,DAY,SINGLE,NO,FINE,4,EMP
BSP,NSR,SSW,DRY,DUSK,BUS,LIGHT,FINE,4,EMP
RAD,MIR,SSW,DRY,DAY,MULTI,HEAVY,FINE,5,ROA
RAD,FRNT,SSW,DRY,DAY,MULTI,LIGHT,FINE,0,OTH
DEPOT,NSM,SSW,WET,DUSK,SINGLE,HEAVY,RAIN,4,CARS TRUCKS
RAD,NSM,SSW,DRY,DAY,SINGLE,LIGHT,FINE,4,ENV
RBT,OSF,SSW,DRY,DAWN,SINGLE,LIGHT,FINE,4,EMP
RAD,NSR,SSW,DRY,DAY,SINGLE,NO,FINE,4,POW
RAD,NSR,N2T,DRY,NIGHT,SINGLE,NO,FINE,4,EMP
RAD,NSF,N2T,DRY,NIGHT,SINGLE,LIGHT,FINE,4,EMP
XRD,NSF,TBO,DRY,DAY,MULTI,LIGHT,FINE,1,EMP
RAD,WSRE,SSW,DRY,NIGHT,MULTI,LIGHT,FINE,4,EMP
RAD,NSF,TBO,DRY,DAY,BUS,HEAVY,FINE,1,EMP
TIN,REAR,SSW,DRY,DAY,SINGLE,LIGHT,FINE,1,EMP
RAD,NSF,SSW,WET,DUSK,MULTI,HEAVY,RAIN,4,EMP
RAD,NSM,SSW,DRY,DAY,SINGLE,HEAVY,FINE,1,ROA
BSP,OSR,SSW,DRY,DUSK,BUS,HEAVY,FINE,1,CARS TRUCKS
BSP,NSF,HON,DRY,NIGHT,SINGLE,LIGHT,FINE,4,BUS - OTHER
RAD,NSR,SSW,SLIP,NIGHT,MULTI,LIGHT,RAIN,5,EMP
BSP,REAR,SSW,DRY,DAY,SINGLE,LIGHT,FINE,3,EMP
RAD,NSF,SSW,DRY,DAY,MULTI,MODERATE,FINE,1,EMP
RAD,NSF,HON,DRY,DAY,SINGLE,HEAVY,FINE,4,EMP
RAD,NSR,SSW,DRY,DAY,SINGLE,MODERATE,FINE,3,EMP
BSP,NSF,SSW,DRY,NIGHT,SINGLE,NO,FINE,4,CARS TRUCKS
RAD,NSM,TAI,DRY,DAY,SINGLE,EXTREME,FINE,4,EMP
BSP,NSR,SSW,DRY,DAY,MULTI,HEAVY,FINE,1,CARS TRUCKS
RAD,NSF,SSW,DRY,DAY,SINGLE,MODERATE,FINE,1,CARS TRUCKS
BSP,OSR,N2T,DRY,DAY,BUS,HEAVY,FINE,1,CARS TRUCKS
DEPOT,NSF,SSW,DRY,DAY,BUS,NO,FINE,2,BUS - OTHER
BSP,OSR,SSW,DRY,DAY,SINGLE,LIGHT,FINE,0,EMP
RAD,OSR,SSW,WET,DAY,MULTI,LIGHT,RAIN,1,EMP
BSP,TOPM,ROO,DRY,DAY,SINGLE,NO,FINE,4,EMP
BSP,OSF,SSW,DRY,DUSK,SINGLE,LIGHT,FINE,1,EMP
XRD,NSM,TAI,DRY,NIGHT,SINGLE,LIGHT,FINE,4,EMP
XRD,REAR,SSW,DRY,DAY,MULTI,HEAVY,FINE,5,CARS TRUCKS
XRD,NSR,SSW,WET,STREET,MULTI,NO,RAIN,4,EMP
RAD,NSF,HON,WET,DAY,MULTI,LIGHT,RAIN,4,EMP
RAD,FRNT,N2T,DRY,NIGHT,SINGLE,MODERATE,FINE,4,CARS TRUCKS
RAD,OSR,TAI,DRY,DUSK,SINGLE,MODERATE,FINE,4,EMP
RAD,OSM,SSW,DRY,DAY,SINGLE,LIGHT,SUN,4,EMP
RAD,Large scratch L,SSW,DRY,DAY,SINGLE,LIGHT,FINE,4,EMP
BSP,OSR,SSW,DRY,DAY,SINGLE,LIGHT,FINE,5,CARS TRUCKS
DEPOT,FRNT,REVERSING,DRY,NIGHT,BUS,NO,FINE,2,EMP
BSP,MIR,SSW,SLIP,DAY,MULTI,MODERATE,RAIN,4,EMP
XRD,NSR,SSW,WET,DAY,SINGLE,NO,FINE,4,EMP
DEPOT,REAR,SSW,DRY,DAY,BUS,NO,FINE,4,BUS - OTHER
RAD,OSM,SSW,DRY,DAY,FREE,LIGHT,FINE,0,OTH
BSP,NSF,SSW,WET,DAY,MULTI,LIGHT,RAIN,4,EMP
RAD,NSF,BTMO,DRY,DAY,SINGLE,LIGHT,FINE,6,OTH
BSP,MIR,SSW,SLIP,DUSK,MULTI,LIGHT,RAIN,4,EMP
TIN,NSF,N2T,DRY,DAY,MULTI,HEAVY,FINE,4,EMP
RAD,MIR,SSW,DRY,DUSK,MULTI,MODERATE,FINE,3,EMP
RAD,NSR,TAI,DRY,DAY,MULTI,HEAVY,FINE,4,BUS - OTHER
RAD,OSR,TAI,DRY,DAY,MULTI,EXTREME,FINE,4,EMP
XRD,MIR,SSW,DRY,DAY,SINGLE,LIGHT,FINE,1,CARS TRUCKS
RAD,NSF,TBO,DRY,DAY,MULTI,NO,FINE,1,CARS TRUCKS
RAD,FRNT,HON,DRY,NIGHT,SINGLE,LIGHT,FINE,4,EMP
RAD,NSR,TAI,DRY,DAWN,SINGLE,NO,FINE,4,EMP
XRD,NSF,SSW,DRY,DUSK,MULTI,HEAVY,FINE,4,BUS - OTHER
RAD,OSF,SSW,DRY,NIGHT,BUS,LIGHT,FINE,1,EMP
XRD,OSR,BTMO,DRY,DAY,SINGLE,LIGHT,FINE,4,CARS TRUCKS
XRD,NSR,TBO,DRY,DAY,SINGLE,LIGHT,FINE,1,EMP
XRD,NSF,SSW,DRY,DAY,MULTI,HEAVY,FINE,5,CARS TRUCKS
TIN,MIR,SSW,DRY,DAY,SINGLE,MODERATE,FINE,4,EMP
BSP,NSR,SSW,WET,DAY,SINGLE,NO,RAIN,4,EMP
RAD,MIR,SSW,DRY,DUSK,MULTI,HEAVY,FINE,4,CARS TRUCKS
DEPOT,MIR,SSW,WET,DAY,SINGLE,LIGHT,FINE,4,BUS - OTHER
RAD,NSF,SSW,DRY,NIGHT,SINGLE,NO,FINE,4,CARS TRUCKS
TIN,NSR,SSW,DRY,DAY,MULTI,MODERATE,FINE,4,EMP
RAD,NSF,N2T,DRY,DAY,SINGLE,LIGHT,FINE,1,CARS TRUCKS
BSP,REAR,SSW,DRY,NIGHT,SINGLE,NO,FINE,4,EMP
XRD,NSR,SSW,DRY,DAY,SINGLE,HEAVY,FINE,1,ROA
BSP,FRNT,SSW,DRY,DAY,BUS,LIGHT,FINE,1,CARS TRUCKS
BSP,OSR,TAI,DRY,DAY,SINGLE,MODERATE,FINE,4,CARS TRUCKS
RAD,REAR,TAI,DRY,DAY,SINGLE,HEAVY,FINE,4,BUS - OTHER
TIN,REAR,N2T,DRY,DAY,SINGLE,LIGHT,FINE,4,CARS TRUCKS
DEPOT,OSR,REVERSING,DRY,DUSK,SINGLE,NO,FINE,4,EMP
RAD,WSRE,HON,DRY,DAY,FREE,MODERATE,FINE,0,OTH
RAD,NSM,REVERSING,SLIP,STREET,SINGLE,LIGHT,FINE,4,EMP
RBT,WIN,SSW,DRY,DAY,SINGLE,LIGHT,FINE,3,EMP
RAD,REAR,N2T,SLIP,DAY,FREE,LIGHT,RAIN,1,EMP
BSP,NSR,SSW,DRY,DUSK,SINGLE,LIGHT,FINE,4,EMP
TIN,NSM,ROO,WET,DAY,SINGLE,MODERATE,FINE,4,EMP
DEPOT,OSR,TBO,DRY,DAY,SINGLE,LIGHT,FINE,1,EMP
XRD,NSM,SSW,DRY,STREET,MULTI,HEAVY,FINE,4,EMP
BSP,NSR,SSW,DRY,DAY,BUS,HEAVY,FINE,4,BUS - OTHER
DEPOT,NSR,TAI,DRY,DAY,MULTI,NO,FINE,2,EMP
RAD,FRNT,SSW,DRY,DAY,MULTI,MODERATE,FINE,4,BUS - OTHER
BSP,NSM,SSW,DRY,DAY,SINGLE,HEAVY,FINE,4,EMP
XRD,OSM,SSW,DRY,DAY,MULTI,MODERATE,FINE,4,EMP
BSP,OSR,N2T,DRY,DAY,SINGLE,LIGHT,FINE,1,ROA
RAD,NSR,SSW,DRY,DAY,SINGLE,MODERATE,FINE,0,CARS TRUCKS
RBT,OSM,SSW,DRY,DAY,SINGLE,NO,FINE,4,EMP
BSP,NSM,SSW,DRY,DAY,BUS,LIGHT,FINE,4,BUS - OTHER
RAD,NSR,TBO,DRY,DAY,MULTI,MODERATE,FINE,1,EMP
RAD,OSR,SSW,DRY,DAY,SINGLE,MODERATE,FINE,4,EMP
BSP,OSF,TBO,DRY,DAY,SINGLE,MODERATE,FINE,5,GEN
XRD,OSR,TBO,DRY,NIGHT,MULTI,HEAVY,FINE,1,EMP
RAD,OSM,SSW,DRY,DAY,SINGLE,LIGHT,FINE,5,EMP
RAD,NSR,TAI,DRY,NIGHT,MULTI,LIGHT,FINE,4,EMP
TIN,OSM,SSW,DRY,DAY,SINGLE,NO,FINE,4,EMP
BSP,NSF,SSW,WET,DAY,BUS,NO,RAIN,4,EMP
TIN,WSRE,SSW,DRY,DAY,SINGLE,NO,FINE,4,BUS - OTHER
RAD,NSF,HON,DRY,DAY,MULTI,HEAVY,FINE,4,EMP
RAD,NSR,N2T,DRY,DAY,MULTI,LIGHT,FINE,1,OTH
RAD,NSR,HON,WET,DAY,SINGLE,NO,RAIN,0,OTH
BSP,OSF,SSW,SLIP,DAY,BUS,NO,RAIN,4,EMP
RAD,NSR,SSW,DRY,NIGHT,MULTI,LIGHT,FINE,4,CARS TRUCKS
RBT,OSR,SSW,DRY,NIGHT,SINGLE,LIGHT,FINE,4,EMP
XRD,NSR,SSW,DRY,DAY,SINGLE,HEAVY,FINE,1,EMP
RAD,OSF,N2T,DRY,DAY,MULTI,LIGHT,FINE,1,CARS TRUCKS
XRD,OSR,TAI,DRY,DAY,MULTI,HEAVY,FINE,4,BUS - OTHER
BSP,NSR,SSW,DRY,DUSK,SINGLE,NO,FINE,1,BUS - OTHER
RAD,OSF,SSW,DRY,DAY,SINGLE,LIGHT,FINE,5,OTH
BSP,OSF,SSW,DRY,NIGHT,MULTI,LIGHT,FINE,1,CARS TRUCKS
RAD,OSR,N2T,DRY,DAWN,MULTI,NO,FINE,1,CARS TRUCKS
XRD,OSM,SSW,DRY,DAY,MULTI,EXTREME,FINE,4,EMP
RAD,OSM,SSW,DRY,DAY,SINGLE,LIGHT,FINE,4,BUS - OTHER
XRD,MIR,SSW,DRY,DAY,MULTI,MODERATE,FINE,1,ROA
RAD,NSM,TAI,DRY,DAY,SINGLE,LIGHT,FINE,4,EMP
RAD,FRNT,HON,WET,DUSK,SINGLE,MODERATE,RAIN,1,GEN
RBT,NSR,ROO,DRY,DAY,SINGLE,NO,FINE,4,EMP
XRD,WIN,SSW,DRY,DAY,MULTI,LIGHT,FINE,1,CARS TRUCKS
TIN,NSM,SSW,DRY,NIGHT,BUS,MODERATE,FINE,1,EMP
BSP,NSR,SSW,DRY,DAY,SINGLE,LIGHT,FINE,2,CARS TRUCKS
RBT,NSM,SSW,DRY,DAY,MULTI,HEAVY,FINE,4,BUS - OTHER
XRD,NSR,SSW,DRY,NIGHT,MULTI,HEAVY,FINE,4,EMP
RAD,FRNT,N2T,DRY,DAY,MULTI,MODERATE,FINE,1,EMP
RAD,NSF,SSW,WET,DAY,SINGLE,HEAVY,RAIN,4,EMP
RAD,NSM,SSW,DRY,DAY,MULTI,LIGHT,FINE,4,BUS - OTHER
RAD,NSR,TBO,DRY,DAY,MULTI,LIGHT,FINE,1,ROA
RBT,FRNT,SSW,DRY,DAY,SINGLE,HEAVY,FINE,4,EMP
BSP,MIR,SSW,DRY,DAY,SINGLE,NO,FINE,0,OTH
RAD,OSR,SSW,DRY,DAY,MULTI,MODERATE,FINE,1,EMP
DEPOT,MIR,SSW,DRY,DAY,SINGLE,NO,FINE,4,BUS - OTHER
RAD,FRNT,HON,DRY,DAY,MULTI,LIGHT,FINE,4,CARS TRUCKS
RBT,NSM,SSW,DRY,NIGHT,BUS,NO,FINE,4,EMP
XRD,OSR,SSW,DRY,DAY,SINGLE,HEAVY,FINE,4,EMP
BSP,REAR,REVERSING,DRY,DAWN,BUS,LIGHT,FINE,4,BUS - OTHER
BSP,MIR,SSW,DRY,DUSK,SINGLE,LIGHT,SUN,4,BUS - OTHER
DEPOT,WSRE,N2T,DRY,DAY,BUS,NO,FINE,1,EMP
BSP,OSR,SSW,DRY,DAY,SINGLE,LIGHT,FINE,1,ROA
RAD,TOPM,SSW,DRY,DAY,SINGLE,NO,FINE,1,EMP
BSP,NSF,SSW,DRY,DAWN,MULTI,LIGHT,FINE,4,EMP
RAD,NSF,SSW,WET,NIGHT,MULTI,LIGHT,RAIN,0,CARS TRUCKS
XRD,FRNT,HON,DRY,DAY,MULTI,EXTREME,FINE,4,EMP
RAD,NSF,SSW,DRY,DAWN,SINGLE,MODERATE,FINE,0,EMP
RBT,NSF,N2T,DRY,DAY,SINGLE,HEAVY,FINE,4,EMP
RAD,WIN,SSW,DRY,DAY,SINGLE,LIGHT,FINE,4,EMP
BSP,OSF,SSW,DRY,DAY,MULTI,MODERATE,FINE,4,CARS TRUCKS
RAD,MIR,SSW,DRY,DAY,BUS,LIGHT,FINE,1,CARS TRUCKS
BSP,NSR,N2T,DRY,NIGHT,SINGLE,LIGHT,FINE,1,GEN
BSP,OSM,SSW,WET,DUSK,SINGLE,LIGHT,RAIN,1,CARS TRUCKS
RAD,L/H/S front bum,SSW,DRY,DAY,SINGLE,LIGHT,FINE,1,EMP
RAD,NSR,SSW,WET,NIGHT,SINGLE,NO,RAIN,4,CARS TRUCKS
RAD,OSR,SSW,WET,NIGHT,SINGLE,LIGHT,RAIN,1,CARS TRUCKS
RAD,REAR,N2T,WET,DAY,MULTI,LIGHT,RAIN,1,EMP
RAD,OSF,N2T,DRY,DAY,SINGLE,HEAVY,FINE,4,EMP
RAD,OSF,SSW,DRY,DAY,MULTI,LIGHT,FINE,4,BUS - OTHER
RAD,2 small dents o,SSW,DRY,DAY,SINGLE,LIGHT,FINE,4,EMP
RBT,MIR,SSW,DRY,DAY,SINGLE,LIGHT,FINE,4,CARS TRUCKS
RAD,FRNT,HON,DRY,DAY,SINGLE,LIGHT,FINE,0,BUS - OTHER
RAD,NSR,SSW,DRY,STREET,SINGLE,HEAVY,FINE,1,EMP
XRD,NSM,SSW,DRY,DAY,MULTI,LIGHT,FINE,4,CARS TRUCKS
DEPOT,REAR,SSW,DRY,NIGHT,SINGLE,NO,FINE,4,CARS TRUCKS
BSP,REAR,SSW,DRY,DAY,MULTI,LIGHT,FINE,1,EMP
RAD,OSR,SSW,DRY,DAWN,SINGLE,LIGHT,FOG,4,EMP
RAD,REAR,HON,WET,NIGHT,MULTI,HEAVY,RAIN,1,EMP
BSP,OSR,BTMO,DRY,NIGHT,SINGLE,NO,FOG,4,EMP
RAD,REAR,N2T,DRY,DAY,MULTI,HEAVY,FINE,1,BUS BRAKING
BSP,NSM,SSW,DRY,DAY,BUS,LIGHT,FINE,0,PAS
RAD,NSR,SSW,DRY,DAY,SINGLE,NO,FINE,4,BUS - OTHER
RAD,NSM,SSW,DRY,NIGHT,SINGLE,LIGHT,FINE,5,GEN
BSP,NSM,SSW,WET,NIGHT,SINGLE,LIGHT,RAIN,4,EMP
TIN,OSF,SSW,DRY,DAY,MULTI,MODERATE,FINE,5,CARS TRUCKS
BSP,OSR,SSW,DRY,DAY,MULTI,MODERATE,FINE,4,BUS - OTHER
BSP,OSR,SSW,DRY,NIGHT,MULTI,MODERATE,FINE,5,CARS TRUCKS
BSP,NSM,SSW,WET,DAY,SINGLE,LIGHT,RAIN,1,CARS TRUCKS
RAD,NSM,SSW,DRY,DAY,SINGLE,HEAVY,FINE,1,EMP
RAD,OSR,SSW,DRY,DUSK,SINGLE,HEAVY,FINE,4,EMP
RAD,TOPF,REVERSING,DRY,DAY,SINGLE,NO,SUN,4,CARS TRUCKS
RAD,REAR,REVERSING,DRY,DAY,SINGLE,MODERATE,FINE,4,EMP
RAD,OSF,TBO,WET,DAY,MULTI,HEAVY,RAIN,1,EMP
RAD,NSM,SSW,DRY,DAY,MULTI,HEAVY,FINE,1,BUS - OTHER
RAD,FRNT,HON,DRY,DAY,BUS,NO,FINE,4,EMP
TIN,REAR,TAI,DRY,DAY,MULTI,HEAVY,FINE,5,EMP
BSP,NSR,SSW,DRY,DAY,MULTI,MODERATE,FINE,4,EMP
RBT,FRNT,REVERSING,DRY,DAY,SINGLE,LIGHT,FINE,5,CARS TRUCKS
BSP,NSR,TAI,DRY,DAY,MULTI,LIGHT,FINE,4,CARS TRUCKS
XRD,NSF,N2T,DRY,DAY,SINGLE,LIGHT,FINE,4,EMP
RAD,OSF,BTMO,DRY,DAY,SINGLE,NO,FINE,0,EMP
BSP,MIR,HON,DRY,DAY,MULTI,MODERATE,SUN,4,EMP
RAD,FRNT,TBO,DRY,DAY,SINGLE,NO,FINE,4,CARS TRUCKS
BSP,NSR,SSW,DRY,DAY,SINGLE,NO,FINE,0,CARS TRUCKS
RAD,NSR,SSW,SLIP,DAY,SINGLE,MODERATE,ICE,4,BUS - OTHER
RAD,NSF,HON,WET,NIGHT,MULTI,HEAVY,RAIN,4,EMP
RBT,NSM,SSW,DRY,DAY,MULTI,NO,FINE,4,EMP
RAD,NSF,REVERSING,WET,NIGHT,SINGLE,LIGHT,RAIN,1,CARS TRUCKS
RAD,OSF,SSW,DRY,DAY,SINGLE,NO,FINE,1,EMP
RAD,OSF,SSW,DRY,DAY,SINGLE,LIGHT,FINE,1,ROA
XRD,OSM,SSW,DRY,NIGHT,MULTI,LIGHT,FINE,4,EMP
TIN,FRNT,HON,DRY,DAY,MULTI,EXTREME,FINE,4,EMP
RAD,NSR,TAI,DRY,DAY,SINGLE,HEAVY,FINE,4,EMP
RAD,FRNT,SSW,DRY,DAY,SINGLE,MODERATE,FINE,4,CARS TRUCKS
BSP,OSR,N2T,DRY,DAY,MULTI,LIGHT,FINE,1,GEN
RBT,NSM,SSW,DRY,DAY,SINGLE,LIGHT,FINE,4,EMP
BSP,FRNT,SSW,DRY,DAY,MULTI,NO,FINE,4,CARS TRUCKS
RAD,NSR,SSW,DRY,DAY,SINGLE,HEAVY,FINE,0,OTH
DEPOT,NSF,TAI,DRY,DAY,SINGLE,NO,FINE,2,CARS TRUCKS
BSP,TOPF,HON,DRY,DAY,BUS,LIGHT,FINE,4,CARS TRUCKS
RAD,FRNT,SSW,SLIP,DAY,SINGLE,NO,SUN,1,ROA
BSP,NSR,SSW,DRY,DAY,SINGLE,LIGHT,FINE,4,EMP
XRD,NSM,SSW,DRY,DAY,MULTI,LIGHT,FINE,1,ROA
BSP,REAR,N2T,DRY,DAY,BUS,NO,FINE,2,CARS TRUCKS
RAD,NSR,SSW,WET,DAY,SINGLE,LIGHT,RAIN,4,EMP
TIN,NSR,SSW,WET,NIGHT,SINGLE,MODERATE,RAIN,4,EMP
RAD,FRNT,N2T,DRY,DAY,MULTI,HEAVY,FINE,2,BUS - OTHER
RBT,NSM,SSW,DRY,NIGHT,MULTI,LIGHT,FINE,4,EMP
BSP,FRNT,N2T,DRY,DUSK,MULTI,LIGHT,FINE,1,EMP
DEPOT,NSR,TAI,DRY,DAWN,BUS,NO,FINE,4,EMP
RAD,NSR,N2T,WET,DUSK,MULTI,MODERATE,RAIN,1,CARS TRUCKS
RAD,OSM,SSW,DRY,DAY,MULTI,EXTREME,FINE,1,EMP
BSP,OSR,SSW,DRY,NIGHT,MULTI,HEAVY,FINE,1,ROA
DEPOT,FRNT,N2T,DRY,DAY,SINGLE,LIGHT,FINE,1,EMP
RAD,FRNT,HON,DRY,NIGHT,SINGLE,LIGHT,FINE,0,CARS TRUCKS
RAD,NSR,TAI,WET,DAY,SINGLE,HEAVY,RAIN,4,CARS TRUCKS
RAD,NSF,SSW,DRY,DAY,SINGLE,LIGHT,FINE,3,EMP
TIN,OSM,SSW,DRY,DAY,SINGLE,EXTREME,SUN,4,EMP
RAD,FRNT,HON,WET,NIGHT,MULTI,MODERATE,RAIN,0,OTH
XRD,NSF,SSW,DRY,DAY,SINGLE,NO,FINE,1,EMP
BSP,OSM,SSW,DRY,NIGHT,MULTI,MODERATE,FINE,4,CARS TRUCKS
BSP,OSR,TAI,WET,DAY,SINGLE,HEAVY,RAIN,4,BUS - OTHER
BSP,OSR,SSW,WET,DAWN,SINGLE,LIGHT,RAIN,1,EMP
BSP,FRNT,SSW,DRY,DAY,SINGLE,NO,FINE,1,EMP
RAD,NSF,SSW,DRY,DUSK,MULTI,LIGHT,FINE,0,ENV
RAD,NSF,SSW,DRY,DAY,MULTI,LIGHT,FINE,1,GEN
XRD,OSR,TAI,DRY,DAY,SINGLE,MODERATE,FINE,4,EMP
RAD,NSR,TAI,DRY,DAY,SINGLE,NO,FINE,4,EMP
TIN,NSM,SSW,DRY,NIGHT,SINGLE,NO,FINE,4,BUS - OTHER
RAD,WIN,SSW,DRY,DAY,SINGLE,LIGHT,FINE,0,EMP
RAD,FRNT,HON,DRY,DAY,MULTI,MODERATE,FINE,4,CARS TRUCKS
XRD,OSF,SSW,DRY,DAY,MULTI,MODERATE,FINE,1,ROA
RAD,NSF,SSW,DRY,DAY,MULTI,LIGHT,FINE,1,ROA
RAD,NSR,SSW,WET,DAY,MULTI,MODERATE,FINE,4,EMP
RAD,OSR,SSW,DRY,DAY,SINGLE,LIGHT,FINE,4,OTH
BSP,REAR,SSW,DRY,NIGHT,BUS,NO,FINE,1,CARS TRUCKS
RAD,NSF,SSW,WET,NIGHT,SINGLE,LIGHT,FINE,4,EMP
RAD,L/H/F Blinker A,SSW,DRY,DAY,SINGLE,LIGHT,FINE,4,EMP
TIN,MIR,SSW,DRY,DAY,SINGLE,NO,FINE,4,EMP
RAD,OSM,SSW,DRY,DAY,BUS,NO,FINE,4,EMP
BSP,MIR,SSW,DRY,DAY,SINGLE,LIGHT,FINE,0,OTH
DEPOT,NSM,SSW,DRY,NIGHT,SINGLE,NO,FINE,0,OTH
RAD,NSM,TBO,DRY,NIGHT,SINGLE,NO,FINE,1,CARS TRUCKS
BSP,MIR,SSW,DRY,DAY,MULTI,MODERATE,FINE,4,EMP
BSP,OSR,SSW,DRY,DAY,SINGLE,MODERATE,FINE,1,BUS - OTHER
RAD,OSM,SSW,WET,DAY,MULTI,HEAVY,FINE,1,CARS TRUCKS
RAD,NSF,SSW,DRY,DUSK,SINGLE,HEAVY,FINE,1,ROA
RAD,NSF,TBO,WET,DAY,SINGLE,LIGHT,RAIN,4,EMP
RAD,FRNT,HON,DRY,DAY,MULTI,MODERATE,FINE,5,CYC
RAD,NSF,SSW,WET,NIGHT,MULTI,LIGHT,FINE,0,ENV
RAD,REAR,SSW,DRY,NIGHT,MULTI,NO,FINE,4,EMP
DEPOT,OSF,SSW,DRY,DAWN,SINGLE,NO,FINE,4,EMP
DEPOT,NSR,TAI,DRY,DAY,SINGLE,NO,FINE,4,CARS TRUCKS
RAD,MIR,ROO,DRY,DAY,SINGLE,LIGHT,FINE,4,EMP
BSP,MIR,SSW,DRY,DAY,MULTI,MODERATE,FINE,1,CARS TRUCKS
TIN,NSM,SSW,DRY,STREET,MULTI,LIGHT,FINE,4,BUS - OTHER
XRD,OSF,SSW,DRY,DAY,MULTI,HEAVY,FINE,1,EMP
RAD,NSF,SSW,DRY,STREET,MULTI,LIGHT,FINE,1,EMP
DEPOT,FRNT,HON,DRY,DAY,SINGLE,LIGHT,FINE,4,EMP
BSP,OSM,SSW,DRY,DAY,BUS,LIGHT,SUN,4,EMP
BSP,REAR,N2T,DRY,DAY,SINGLE,HEAVY,FINE,1,CARS TRUCKS
BSP,NSF,HON,DRY,NIGHT,SINGLE,NO,FINE,4,EMP
RAD,Nil damage,SSW,DRY,DAY,SINGLE,LIGHT,FINE,4,EMP
DEPOT,OSR,TAI,DRY,NIGHT,MULTI,NO,FINE,4,EMP
TIN,REAR,TAI,DRY,STREET,SINGLE,HEAVY,FINE,4,CARS TRUCKS
BSP,OSR,SSW,SLIP,DUSK,MULTI,LIGHT,FINE,1,EMP
XRD,OSR,SSW,WET,DAY,MULTI,MODERATE,FINE,1,ROA
RAD,OSR,BTMO,DRY,DAY,SINGLE,LIGHT,FINE,4,EMP
RAD,FRNT,HON,SLIP,DAY,SINGLE,NO,FINE,4,CARS TRUCKS
BSP,OSF,SSW,DRY,DAY,MULTI,MODERATE,FINE,1,CARS TRUCKS
RAD,MIR,SSW,WET,DUSK,MULTI,MODERATE,RAIN,4,ENV
RAD,OSF,TBO,DRY,DAY,MULTI,LIGHT,FINE,4,EMP
DEPOT,NSR,SSW,DRY,DAY,SINGLE,NO,FINE,2,EMP
XRD,NSF,SSW,DRY,DAWN,MULTI,LIGHT,FINE,1,ROA
RAD,OSR,SSW,DRY,DAY,SINGLE,HEAVY,FINE,4,CARS TRUCKS
BSP,OSR,SSW,DRY,DAY,SINGLE,NO,FINE,4,EMP
RAD,NSM,HON,DRY,DAY,SINGLE,LIGHT,FINE,1,ROA
TIN,NSM,TAI,DRY,DAY,SINGLE,LIGHT,FINE,4,EMP
RAD,NSR,SSW,DRY,DAWN,MULTI,LIGHT,FINE,4,EMP
BSP,REAR,SSW,DRY,DAY,SINGLE,NO,FINE,4,EMP
BSP,OSR,SSW,WET,DUSK,MULTI,HEAVY,RAIN,1,EMP
RAD,NSR,TBO,DRY,DAY,BUS,NO,FINE,1,CARS TRUCKS
RAD,WSRE,SSW,WET,DAY,SINGLE,MODERATE,RAIN,4,EMP
XRD,MIR,HON,DRY,DAY,SINGLE,LIGHT,FINE,1,ROA
XRD,OSR,BTMO,DRY,DAY,SINGLE,LIGHT,FINE,4,EMP
XRD,FRNT,HON,WET,NIGHT,MULTI,MODERATE,RAIN,5,ROA
XRD,NSM,BTMO,DRY,DAY,SINGLE,MODERATE,FINE,4,EMP