location_code,damage_code,collision_code,road_code,light_code,road_type_code,traffic_code,weather_code,emp_liability_code,kpi_cause_code
RAD,NSR,TAI,WET,DAY,MULTI,HEAVY,FINE,4,CARS TRUCKS
RAD,NSR,SSW,DRY,DAWN,SINGLE,LIGHT,FINE,1,EMP
RAD,TOPR,SSW,DRY,DAY,SINGLE,LIGHT,FINE,4,EMP
RAD,Broken rear roo,SSW,DRY,DAY,SINGLE,LIGHT,FINE,4,EMP
BSP,MIR,HON,DRY,NIGHT,SINGLE,LIGHT,FOG,4,EMP
RAD,NSR,SSW,WET,DUSK,SINGLE,MODERATE,FINE,4,EMP
RAD,WIN,SSW,DRY,DAY,SINGLE,LIGHT,FINE,6,OTH
RAD,NSR,REVERSING,DRY,DAY,SINGLE,MODERATE,FINE,5,CARS TRUCKS
XRD,WIN,SSW,DRY,DAY,SINGLE,HEAVY,FINE,5,EMP
RAD,NSR,SSW,WET,STREET,BUS,NO,FINE,4,EMP
RAD,OSF,TBO,WET,NIGHT,MULTI,MODERATE,FINE,1,CARS TRUCKS
DEPOT,OSM,TAI,DRY,DAY,BUS,NO,FINE,4,BUS - OTHER
RAD,REAR,N2T,WET,STREET,SINGLE,LIGHT,RAIN,1,EMP
XRD,REAR,N2T,DRY,DAY,SINGLE,LIGHT,FINE,1,ROA
BSP,NSF,SSW,WET,DAY,SINGLE,MODERATE,FINE,4,EMP
RAD,REAR BUMPER,SSW,DRY,DAY,SINGLE,LIGHT,FINE,1,EMP
RAD,OSF,TBO,DRY,DAY,MULTI,LIGHT,FINE,1,ROA
RAD,FRNT,SSW,DRY,NIGHT,MULTI,LIGHT,FINE,5,ROA
RAD,OSM,SSW,WET,DUSK,SINGLE,HEAVY,RAIN,1,EMP
RBT,REAR,SSW,DRY,NIGHT,MULTI,MODERATE,FINE,4,EMP
BSP,REAR,SSW,DRY,DAY,SINGLE,LIGHT,FINE,0,GEN
RAD,REAR,SSW,DRY,NIGHT,SINGLE,LIGHT,FINE,0,GEN
XRD,FRNT,SSW,DRY,DAY,MULTI,LIGHT,FINE,1,EMP
RAD,FRNT,N2T,DRY,DAY,SINGLE,NO,FINE,4,EMP
BSP,MIR,SSW,WET,DAY,MULTI,HEAVY,RAIN,4,EMP
BSP,FRNT,ROO,DRY,NIGHT,SINGLE,LIGHT,FINE,4,CARS TRUCKS
BSP,REAR,N2T,DRY,DAY,MULTI,EXTREME,FINE,1,CARS TRUCKS
RAD,FRNT,SSW,DRY,DUSK,MULTI,LIGHT,FINE,0,BUS - OTHER
RAD,Roof,SSW,DRY,DAY,SINGLE,LIGHT,FINE,4,EMP
RAD,OSM,HON,DRY,DAY,MULTI,HEAVY,FINE,1,CARS TRUCKS
DEPOT,WSRE,SSW,DRY,DAY,SINGLE,NO,FINE,6,EMP
BSP,REAR,SSW,WET,DAY,SINGLE,NO,RAIN,4,EMP
BSP,NSR,N2T,DRY,DAY,SINGLE,LIGHT,FINE,4,EMP
XRD,MIR,SSW,DRY,DAY,BUS,MODERATE,FINE,1,EMP
RAD,NSF,SSW,WET,DAY,MULTI,MODERATE,RAIN,4,EMP
BSP,MIR,SSW,WET,NIGHT,MULTI,HEAVY,RAIN,4,EMP
RAD,OSM,SSW,DRY,DUSK,MULTI,LIGHT,FINE,4,EMP
BSP,NSR,TAI,DRY,DAY,BUS,MODERATE,FINE,4,BUS - OTHER
BSP,MIR,SSW,DRY,DAY,BUS,LIGHT,FINE,1,EMP
BSP,NSF,ROO,WET,DAY,BUS,LIGHT,RAIN,4,EMP
DEPOT,FRNT,N2T,DRY,DAY,MULTI,NO,FINE,1,EMP
RBT,OSR,SSW,DRY,DUSK,SINGLE,HEAVY,SUN,4,EMP
BSP,OSF,SSW,DRY,DUSK,BUS,NO,FINE,2,BUS - OTHER
DEPOT,NSM,SSW,WET,DAY,SINGLE,NO,RAIN,4,EMP
RAD,OSR,SSW,WET,DAY,SINGLE,HEAVY,FINE,4,EMP
XRD,NSR,SSW,DRY,DAY,MULTI,MODERATE,FINE,4,CARS TRUCKS
XRD,TOPR,SSW,DRY,DAY,SINGLE,LIGHT,FINE,4,EMP
RAD,FRNT,N2T,DRY,DAY,SINGLE,LIGHT,FINE,4,OTH
BSP,MIR,SSW,WET,DAWN,MULTI,LIGHT,RAIN,4,EMP
XRD,NSM,SSW,DRY,DUSK,SINGLE,LIGHT,FINE,4,EMP
RAD,NSM,SSW,WET,NIGHT,SINGLE,NO,RAIN,3,EMP
RAD,FRNT,SSW,WET,DAY,SINGLE,NO,FINE,4,EMP
BSP,MIR,HON,DRY,NIGHT,SINGLE,LIGHT,FINE,4,EMP
RAD,NSF,SSW,WET,DAY,MULTI,MODERATE,RAIN,0,ENV
BSP,OSR,N2T,DRY,DAY,SINGLE,HEAVY,FINE,1,CARS TRUCKS
RAD,NSM,SSW,DRY,DAY,MULTI,MODERATE,FINE,4,CARS TRUCKS
RAD,FRNT,SSW,DRY,DAY,MULTI,NO,FINE,1,CARS TRUCKS
RAD,REAR,SSW,DRY,DAY,FREE,HEAVY,FINE,4,CARS TRUCKS
RAD,NSM,SSW,DRY,DAY,BUS,NO,FINE,4,EMP
BSP,OSR,SSW,DRY,DAY,SINGLE,MODERATE,FINE,0,OTH
BSP,NSR,SSW,DRY,DAY,BUS,NO,FINE,1,EMP
RAD,OSF,HON,DRY,DAY,MULTI,LIGHT,FINE,1,CARS TRUCKS
BSP,MIR,SSW,DRY,DUSK,SINGLE,HEAVY,FINE,4,EMP
RAD,MIR,SSW,WET,DUSK,MULTI,LIGHT,RAIN,1,CARS TRUCKS
XRD,OSM,SSW,WET,NIGHT,SINGLE,NO,RAIN,4,EMP
RAD,NSF,SSW,DRY,DAY,SINGLE,NO,FINE,4,EMP
BSP,OSF,HON,DRY,DAY,SINGLE,HEAVY,SUN,4,EMP
RAD,NSR,REVERSING,DRY,DAY,MULTI,LIGHT,FINE,1,EMP
RAD,FRNT,SSW,DRY,NIGHT,MULTI,LIGHT,FINE,0,GEN
RAD,OSM,TBO,WET,DUSK,MULTI,HEAVY,RAIN,1,EMP
RAD,OSR,SSW,DRY,DAY,MULTI,MODERATE,SUN,1,CARS TRUCKS
RAD,REAR,SSW,SLIP,DAY,MULTI,MODERATE,FINE,4,EMP
RBT,WSRE,SSW,DRY,DAY,SINGLE,LIGHT,FINE,0,EMP
RAD,NSF,SSW,WET,NIGHT,MULTI,MODERATE,RAIN,4,EMP
RAD,NSF,SSW,WET,DUSK,SINGLE,LIGHT,RAIN,1,EMP
XRD,NSM,SSW,DRY,DAY,MULTI,MODERATE,FINE,1,EMP
BSP,OSR,TBO,DRY,NIGHT,SINGLE,LIGHT,FINE,1,CARS TRUCKS
BSP,NSR,TAI,DRY,DAY,SINGLE,MODERATE,FINE,4,EMP
RAD,NSR,TAI,DRY,NIGHT,SINGLE,NO,FINE,4,EMP
RAD,OSR,TAI,DRY,DAY,SINGLE,NO,FINE,4,EMP
RAD,L/H/S panels be,SSW,DRY,DAY,SINGLE,LIGHT,FINE,1,EMP
TIN,OSR,N2T,DRY,DAY,MULTI,LIGHT,FINE,1,ROA
XRD,OSF,SSW,DRY,DUSK,MULTI,HEAVY,FINE,4,CARS TRUCKS
RBT,NSR,SSW,DRY,DAY,MULTI,MODERATE,FINE,4,CARS TRUCKS
RAD,FRNT,HON,DRY,DUSK,MULTI,MODERATE,FINE,0,ENV
BSP,MIR,SSW,DRY,DUSK,BUS,LIGHT,FINE,4,EMP
BSP,FRNT,HON,DRY,DAY,SINGLE,NO,FINE,4,BUS - OTHER
TIN,OSM,N2T,DRY,DAY,MULTI,LIGHT,FINE,4,EMP
XRD,REAR,SSW,WET,DAY,MULTI,LIGHT,FINE,0,EMP
RAD,WSRE,SSW,DRY,DUSK,SINGLE,LIGHT,FINE,1,EMP
BSP,NSR,SSW,DRY,DUSK,SINGLE,MODERATE,FINE,4,EMP
RAD,REAR,REVERSING,DRY,DAY,SINGLE,MODERATE,SUN,0,EMP
RAD,NSF,TBO,DRY,DAWN,SINGLE,NO,FINE,1,CARS TRUCKS
BSP,NSR,REVERSING,DRY,DUSK,SINGLE,NO,FINE,4,EMP
DEPOT,OSR,SSW,DRY,NIGHT,BUS,NO,FINE,4,EMP
TIN,OSR,BTMO,DRY,DAY,SINGLE,LIGHT,FINE,4,EMP
DEPOT,NSR,SSW,DRY,DAY,SINGLE,NO,FINE,2,BUS - OTHER
BSP,MIR,HON,WET,DAY,MULTI,LIGHT,SUN,4,EMP
DEPOT,MIR,REVERSING,WET,DAY,SINGLE,NO,FINE,4,EMP
RAD,NSM,SSW,WET,DAY,SINGLE,MODERATE,RAIN,1,EMP
RAD,NSR,REVERSING,DRY,DAY,MULTI,LIGHT,FINE,4,EMP
RAD,NSF,SSW,SLIP,DAY,SINGLE,MODERATE,RAIN,4,EMP
RAD,WSRE,SSW,WET,DAWN,MULTI,MODERATE,FINE,0,BUS - OTHER
XRD,NSF,SSW,SLIP,DAY,SINGLE,LIGHT,RAIN,1,EMP
RAD,O/S indicator a,SSW,DRY,DAY,SINGLE,LIGHT,FINE,1,EMP
TIN,NSR,TAI,WET,DAY,SINGLE,MODERATE,RAIN,4,EMP
BSP,OSR,TAI,DRY,DAY,SINGLE,NO,FINE,4,EMP
BSP,NSR,SSW,DRY,DAY,SINGLE,HEAVY,FINE,4,EMP
XRD,NSR,SSW,DRY,NIGHT,SINGLE,LIGHT,FINE,4,EMP
RAD,REAR,TAI,DRY,DAY,SINGLE,LIGHT,FINE,4,CARS TRUCKS
RAD,FRNT,N2T,DRY,DAY,MULTI,LIGHT,FINE,4,EMP
BSP,OSR,SSW,DRY,DAY,SINGLE,LIGHT,FINE,4,CARS TRUCKS
RAD,FRNT,ROO,DRY,DAY,MULTI,LIGHT,FINE,4,EMP
RAD,WSRE,SSW,DRY,DAY,SINGLE,NO,FINE,1,EMP
DEPOT,NSR,REVERSING,DRY,DUSK,SINGLE,NO,FINE,4,EMP
RAD,MIR,SSW,WET,DAY,MULTI,HEAVY,FINE,5,CARS TRUCKS
BSP,NSR,TAI,WET,DAY,BUS,HEAVY,RAIN,4,EMP
DEPOT,MIR,SSW,DRY,NIGHT,SINGLE,NO,FINE,4,BUS - OTHER
RAD,MIR,SSW,DRY,DAY,SINGLE,LIGHT,FINE,1,CARS TRUCKS
XRD,FRNT,SSW,DRY,DAY,MULTI,LIGHT,FINE,5,EMP
BSP,MIR,SSW,DRY,DAY,MULTI,LIGHT,FINE,5,BUS - OTHER
RAD,OSM,SSW,WET,DAY,SINGLE,LIGHT,RAIN,1,ROA
TIN,OSM,SSW,DRY,DAY,MULTI,LIGHT,FINE,1,EMP
RAD,FRNT,HON,DRY,DAY,SINGLE,LIGHT,FINE,0,EMP
RAD,REAR,HON,DRY,DAY,SINGLE,HEAVY,FINE,5,CARS TRUCKS
BSP,NSR,SSW,WET,DAWN,SINGLE,MODERATE,RAIN,4,EMP
BSP,TOPF,SSW,DRY,NIGHT,BUS,NO,FINE,4,EMP
XRD,FRNT,N2T,WET,DUSK,MULTI,HEAVY,FINE,1,ROA
RAD,MIR,SSW,DRY,DAY,BUS,NO,FINE,4,EMP
BSP,OSR,SSW,DRY,DAY,MULTI,NO,FINE,1,OTH
RBT,FRNT,SSW,WET,DAY,SINGLE,HEAVY,RAIN,4,EMP
BSP,NSF,SSW,DRY,DAY,SINGLE,LIGHT,FINE,4,ENV
RAD,FRNT,HON,DRY,DAY,SINGLE,NO,FINE,1,CARS TRUCKS
XRD,OSR,TBO,DRY,DAY,MULTI,LIGHT,FINE,1,GEN
RAD,OSM,TBO,DRY,DAY,SINGLE,LIGHT,FINE,4,EMP
RAD,OSR,SSW,WET,DAY,MULTI,HEAVY,RAIN,4,EMP
BSP,NSR,TAI,DRY,DAY,BUS,NO,FINE,4,CARS TRUCKS
RAD,NSR,TAI,DRY,DAY,SINGLE,LIGHT,FINE,4,BUS - OTHER
RAD,NSF,SSW,DRY,DAY,BUS,LIGHT,FINE,4,EMP
RAD,NSM,TBO,DRY,DAY,SINGLE,MODERATE,FINE,3,EMP
XRD,NSR,SSW,DRY,DAY,BUS,NO,FINE,1,EMP
XRD,TOPR,HON,WET,DAWN,SINGLE,HEAVY,RAIN,4,EMP
RAD,NSR,N2T,SLIP,DAY,MULTI,LIGHT,FINE,1,EMP
DEPOT,MIR,HON,DRY,DAY,SINGLE,NO,FINE,4,EMP
XRD,NSR,SSW,DRY,DAY,MULTI,MODERATE,FINE,4,EMP
RAD,OSR,SSW,WET,DAY,SINGLE,MODERATE,FINE,4,EMP
XRD,NSR,SSW,DRY,DAY,SINGLE,HEAVY,SUN,1,EMP
RAD,NSM,SSW,DRY,NIGHT,SINGLE,LIGHT,FINE,4,BUS - OTHER
RAD,NSR,N2T,DRY,DAY,SINGLE,LIGHT,FINE,6,OTH
RAD,OSF,SSW,SLIP,DAY,MULTI,MODERATE,RAIN,1,EMP
BSP,NSR,SSW,DRY,DUSK,SINGLE,HEAVY,FINE,5,CARS TRUCKS
RBT,WSRE,SSW,DRY,DUSK,SINGLE,NO,FINE,4,EMP
RAD,WSRE,SSW,DRY,DAWN,SINGLE,MODERATE,FINE,5,NONPOW
RAD,FRNT,N2T,DRY,DAY,SINGLE,NO,FINE,1,EMP
RAD,REAR,REVERSING,DRY,NIGHT,SINGLE,NO,FINE,4,EMP
RAD,NSR,N2T,DRY,DAY,MULTI,HEAVY,FINE,1,CARS TRUCKS
BSP,OSR,SSW,DRY,DAY,MULTI,HEAVY,FINE,1,CARS TRUCKS
XRD,FRNT,SSW,WET,DUSK,MULTI,LIGHT,RAIN,1,EMP
BSP,MIR,SSW,WET,DAY,SINGLE,LIGHT,RAIN,4,CARS TRUCKS
RAD,NSR,SSW,DRY,DAY,SINGLE,HEAVY,FINE,5,CARS TRUCKS
DEPOT,MIR,TAI,DRY,DAY,SINGLE,LIGHT,FINE,6,EMP
TIN,OSM,SSW,DRY,DAY,SINGLE,MODERATE,FINE,4,CARS TRUCKS
BSP,OSR,SSW,WET,NIGHT,MULTI,HEAVY,RAIN,1,CARS TRUCKS
RAD,NSR,HON,DRY,DAY,SINGLE,LIGHT,FINE,4,EMP
RAD,MIR,HON,DRY,DAY,SINGLE,LIGHT,FINE,4,EMP
RAD,WSRE,SSW,DRY,DAY,SINGLE,LIGHT,FINE,5,ENV
RAD,NSF,SSW,DRY,NIGHT,BUS,MODERATE,FINE,5,CARS TRUCKS
BSP,REAR,HON,DRY,DAY,MULTI,MODERATE,FINE,1,ROA
RAD,NSM,SSW,WET,DUSK,BUS,LIGHT,RAIN,4,EMP
RAD,FRNT,N2T,DRY,DAY,SINGLE,NO,FINE,4,CARS TRUCKS
DEPOT,FRNT,N2T,DRY,DAY,SINGLE,LIGHT,FINE,5,CARS TRUCKS
BSP,NSF,SSW,WET,NIGHT,SINGLE,MODERATE,RAIN,4,EMP
RBT,OSR,TAI,DRY,DAY,SINGLE,LIGHT,FINE,4,EMP
TIN,FRNT,SSW,WET,DAY,MULTI,LIGHT,FINE,1,EMP
BSP,NSM,SSW,DRY,DAY,MULTI,MODERATE,FINE,0,GEN
XRD,OSM,REVERSING,DRY,DAY,SINGLE,LIGHT,FINE,4,EMP
RAD,REAR,SSW,DRY,DAY,SINGLE,LIGHT,FINE,6,EMP
RAD,FRNT,N2T,DRY,NIGHT,SINGLE,NO,FINE,4,EMP
DEPOT,MIR,SSW,DRY,DAY,MULTI,MODERATE,FINE,1,EMP
BSP,NSR,SSW,DRY,DAY,SINGLE,LIGHT,FINE,1,EMP
RAD,NSF,SSW,WET,DAY,SINGLE,MODERATE,RAIN,5,EMP
RAD,NSR,TAI,DRY,DAY,SINGLE,LIGHT,FINE,1,CARS TRUCKS
RAD,FRNT,N2T,DRY,DAWN,SINGLE,NO,FINE,4,EMP
RAD,MIR,SSW,DRY,DAWN,MULTI,HEAVY,FINE,4,EMP
BSP,NSR,N2T,DRY,DAY,MULTI,MODERATE,FINE,1,CARS TRUCKS
RAD,MIR,SSW,DRY,DAY,SINGLE,NO,SUN,4,EMP
BSP,NSR,SSW,DRY,DAY,SINGLE,HEAVY,FINE,1,CARS TRUCKS
BSP,NSR,TAI,DRY,DAY,SINGLE,LIGHT,FINE,1,BUS - OTHER
DEPOT,NSM,REVERSING,WET,DAWN,SINGLE,NO,RAIN,4,CARS TRUCKS
RAD,OSM,SSW,DRY,DAY,BUS,MODERATE,FINE,1,CARS TRUCKS
BSP,REAR,N2T,DRY,DAY,SINGLE,MODERATE,FINE,1,EMP
DEPOT,NSR,SSW,DRY,DAY,MULTI,MODERATE,FINE,5,ROA
RAD,NSR,TAI,DRY,DAY,SINGLE,HEAVY,SUN,4,EMP
RAD,OSR,TBO,DRY,DAY,SINGLE,LIGHT,FINE,4,EMP
BSP,FRNT,N2T,DRY,DAY,BUS,LIGHT,FINE,4,CARS TRUCKS
RAD,NSF,SSW,DRY,DAY,MULTI,MODERATE,SUN,4,EMP
TIN,NSM,TBO,DRY,NIGHT,MULTI,MODERATE,FINE,1,CARS TRUCKS
RAD,NSM,SSW,DRY,DAWN,MULTI,MODERATE,FINE,1,EMP
RAD,FRNT,SSW,DRY,NIGHT,SINGLE,MODERATE,FINE,4,EMP
XRD,NSM,SSW,DRY,NIGHT,MULTI,LIGHT,FINE,1,CARS TRUCKS
BSP,NSM,SSW,WET,DAY,MULTI,HEAVY,RAIN,1,EMP
XRD,NSR,SSW,DRY,DAY,SINGLE,LIGHT,FINE,1,CARS TRUCKS
RAD,OSM,SSW,WET,NIGHT,SINGLE,NO,FINE,4,EMP
RAD,NSR,N2T,DRY,DUSK,MULTI,HEAVY,FINE,1,EMP
BSP,OSF,SSW,WET,DAY,SINGLE,HEAVY,RAIN,4,EMP
RAD,NSM,SSW,WET,DAY,MULTI,LIGHT,RAIN,5,EMP
BSP,OSR,SSW,DRY,DUSK,MULTI,MODERATE,FINE,1,CARS TRUCKS
RAD,NSR,SSW,DRY,DAY,SINGLE,LIGHT,FINE,2,EMP
RAD,WIN,SSW,WET,DAY,SINGLE,LIGHT,RAIN,0,ENV
BSP,FRNT,HON,DRY,DAWN,SINGLE,LIGHT,FINE,4,BUS - OTHER
TIN,NSM,SSW,WET,DAY,SINGLE,LIGHT,FINE,4,EMP
RAD,REAR,TAI,DRY,DAWN,SINGLE,LIGHT,FINE,4,EMP
XRD,NSR,TBO,DRY,DAY,SINGLE,HEAVY,FINE,1,CARS TRUCKS
DEPOT,MIR,REVERSING,WET,DUSK,SINGLE,NO,RAIN,4,EMP
TIN,OSF,SSW,DRY,STREET,SINGLE,LIGHT,FINE,0,EMP
RAD,NSM,SSW,DRY,DAY,MULTI,HEAVY,FINE,1,CARS TRUCKS
TIN,NSF,HON,DRY,DAY,SINGLE,NO,FINE,4,EMP
RAD,NSM,SSW,DRY,DUSK,SINGLE,NO,FOG,1,EMP
RAD,NSM,SSW,DRY,NIGHT,SINGLE,LIGHT,FINE,4,CARS TRUCKS
DEPOT,FRNT,REVERSING,DRY,DAWN,SINGLE,NO,FINE,2,CARS TRUCKS
RAD,NSM,SSW,SLIP,NIGHT,SINGLE,NO,FOG,4,EMP
BSP,NSM,SSW,DRY,DAY,BUS,HEAVY,SUN,4,EMP
RAD,TOPR,ROO,DRY,DAY,SINGLE,NO,FINE,4,EMP
RAD,OSF,SSW,DRY,NIGHT,SINGLE,NO,FINE,4,CARS TRUCKS
BSP,NSR,TBO,DRY,DAY,SINGLE,LIGHT,FINE,1,CARS TRUCKS
DEPOT,NSM,SSW,DRY,DAY,SINGLE,LIGHT,FINE,4,BUS - OTHER
RAD,OSM,BTMO,WET,DAY,MULTI,LIGHT,RAIN,4,EMP
RAD,REAR,SSW,WET,DAWN,SINGLE,NO,RAIN,4,EMP
BSP,OSR,SSW,DRY,NIGHT,MULTI,HEAVY,FINE,4,EMP
RAD,NSR,SSW,DRY,DAWN,MULTI,MODERATE,FINE,1,CARS TRUCKS
XRD,NSM,SSW,WET,NIGHT,MULTI,MODERATE,RAIN,1,EMP
RAD,NSR,SSW,WET,DAY,SINGLE,LIGHT,RAIN,1,EMP
BSP,NSF,SSW,DRY,DAY,SINGLE,LIGHT,FINE,4,EMP
RAD,OSM,TBO,DRY,DAY,SINGLE,MODERATE,FINE,1,ROA
RAD,NSF,SSW,WET,DAWN,SINGLE,LIGHT,RAIN,4,EMP
RAD,NSR,TAI,DRY,DAY,BUS,NO,FINE,4,EMP
RAD,OSR,N2T,DRY,DAY,MULTI,MODERATE,FINE,1,EMP
BSP,NSR,BTMO,DRY,DAY,SINGLE,NO,FINE,1,BUS - OTHER
BSP,FRNT,HON,DRY,DUSK,SINGLE,MODERATE,FINE,4,EMP
BSP,OSR,TAI,DRY,DAY,SINGLE,LIGHT,FINE,4,EMP
BSP,NSR,SSW,WET,DAY,SINGLE,NO,RAIN,1,CARS TRUCKS
RAD,NSF,REVERSING,DRY,DAY,MULTI,NO,FINE,1,CARS TRUCKS
RAD,OSM,SSW,DRY,DAWN,MULTI,EXTREME,FINE,4,CARS TRUCKS
RAD,OSR,TAI,WET,DAY,MULTI,LIGHT,RAIN,4,EMP
BSP,MIR,HON,DRY,DAY,BUS,MODERATE,FINE,4,EMP
RAD,NSF,SSW,DRY,DAWN,SINGLE,NO,FOG,4,CARS TRUCKS
DEPOT,NSM,SSW,DRY,DAY,BUS,NO,FINE,6,OTH
BSP,NSR,TBO,DRY,DAWN,MULTI,LIGHT,FINE,1,CARS TRUCKS
RAD,NSF,SSW,WET,DAWN,SINGLE,LIGHT,FINE,0,CARS TRUCKS
XRD,OSR,TBO,DRY,DAY,SINGLE,LIGHT,FINE,1,EMP
RAD,WIN,SSW,SLIP,DAWN,SINGLE,LIGHT,FINE,4,EMP
RAD,OSR,TAI,DRY,DUSK,MULTI,HEAVY,FINE,1,ROA
XRD,OSF,SSW,DRY,DAY,MULTI,HEAVY,FINE,5,BUS - OTHER
TIN,OSR,SSW,DRY,DAY,SINGLE,MODERATE,FINE,4,BUS - OTHER
BSP,NSM,SSW,DRY,DAY,BUS,LIGHT,FINE,1,ROA
RAD,OSR,TAI,DRY,DAWN,SINGLE,HEAVY,FOG,4,CARS TRUCKS
TIN,NSM,TBO,DRY,DAY,MULTI,LIGHT,FINE,1,CARS TRUCKS
TIN,OSM,SSW,DRY,DUSK,MULTI,HEAVY,FINE,4,EMP
RAD,WSRE,HON,DRY,DAY,SINGLE,LIGHT,FINE,4,CARS TRUCKS
DEPOT,WSRE,REVERSING,DRY,DAY,SINGLE,LIGHT,FINE,2,EMP
XRD,REAR,N2T,DRY,DAY,MULTI,MODERATE,FINE,1,CARS TRUCKS
RAD,OSM,SSW,DRY,DAY,MULTI,MODERATE,FINE,5,CARS TRUCKS
RAD,Damage to Rear ,SSW,DRY,DAY,SINGLE,LIGHT,FINE,4,EMP
RAD,NSR,N2T,DRY,DAY,MULTI,MODERATE,FINE,4,EMP
RAD,NSF,SSW,DRY,DAY,SINGLE,MODERATE,FINE,1,GEN
TIN,MIR,SSW,DRY,DAY,SINGLE,LIGHT,FINE,4,EMP
RAD,NSR,SSW,WET,NIGHT,SINGLE,MODERATE,RAIN,6,EMP
BSP,OSM,SSW,DRY,DAWN,SINGLE,NO,FINE,4,EMP
RAD,OSR,TAI,DRY,DAY,SINGLE,HEAVY,FINE,4,EMP
RAD,TOPF,SSW,DRY,DAY,MULTI,MODERATE,SUN,4,EMP
RAD,REAR,SSW,SLIP,DAY,SINGLE,NO,SUN,4,EMP
RAD,OSF,SSW,WET,NIGHT,FREE,LIGHT,RAIN,0,BUS - OTHER
XRD,OSF,HON,DRY,DAY,SINGLE,LIGHT,FINE,4,EMP
RAD,FRNT,HON,DRY,DAWN,SINGLE,LIGHT,FOG,0,OTH
DEPOT,OSR,SSW,WET,DAWN,BUS,NO,RAIN,2,EMP
TIN,NSM,TBO,WET,DAY,SINGLE,MODERATE,RAIN,1,EMP
RAD,NSR,N2T,DRY,DAY,MULTI,LIGHT,FINE,1,CARS TRUCKS
RAD,REAR,SSW,DRY,DAWN,SINGLE,NO,FINE,4,EMP
BSP,MIR,HON,DRY,DAY,SINGLE,HEAVY,FINE,4,EMP
RAD,MIR,SSW,DRY,DAY,SINGLE,HEAVY,FINE,4,BUS - OTHER
XRD,OSM,SSW,DRY,DAY,MULTI,NO,FINE,4,EMP
RAD,NSM,SSW,WET,DAY,SINGLE,HEAVY,RAIN,4,EMP
XRD,MIR,SSW,DRY,DAY,SINGLE,LIGHT,FINE,3,EMP
RAD,MIR,SSW,WET,NIGHT,SINGLE,LIGHT,RAIN,4,BUS - OTHER
RAD,TOPF,HON,DRY,DAY,SINGLE,LIGHT,FINE,4,EMP
XRD,REAR,REVERSING,DRY,DAY,SINGLE,LIGHT,FINE,4,EMP
RAD,NSF,SSW,DRY,DAY,SINGLE,LIGHT,FINE,1,GEN
RAD,OSR,BTMO,WET,DAY,MULTI,LIGHT,RAIN,1,CARS TRUCKS
DEPOT,REAR,TAI,DRY,NIGHT,BUS,NO,FINE,4,BUS - OTHER
RAD,NSM,SSW,DRY,DAY,MULTI,EXTREME,FINE,4,EMP
RAD,REAR,HON,DRY,DAY,MULTI,HEAVY,FINE,1,EMP
BSP,NSF,HON,DRY,DAY,SINGLE,LIGHT,FINE,4,CARS TRUCKS
RAD,OSR,SSW,DRY,NIGHT,FREE,LIGHT,FINE,5,CARS TRUCKS
RAD,FRNT,BTMO,WET,DAY,SINGLE,NO,RAIN,4,EMP
RAD,NSF,SSW,DRY,DAY,MULTI,MODERATE,FINE,0,CARS TRUCKS
BSP,NSR,N2T,DRY,DAY,BUS,MODERATE,FINE,1,EMP
TIN,TOPM,SSW,DRY,DAY,SINGLE,HEAVY,FINE,4,EMP
RAD,OSM,SSW,WET,DAWN,MULTI,LIGHT,RAIN,1,EMP
TIN,OSR,TAI,WET,STREET,SINGLE,NO,RAIN,4,EMP
RAD,NSF,SSW,WET,NIGHT,SINGLE,NO,RAIN,5,EMP
RAD,FRNT,BTMO,DRY,DUSK,SINGLE,LIGHT,FINE,0,OTH
BSP,OSF,SSW,DRY,DAY,MULTI,MODERATE,FINE,4,EMP
RAD,NSM,SSW,DRY,DAY,SINGLE,HEAVY,FINE,4,OTH
XRD,NSR,SSW,DRY,NIGHT,SINGLE,NO,FINE,4,EMP
BSP,OSR,SSW,DRY,NIGHT,SINGLE,LIGHT,FINE,4,EMP
TIN,NSM,SSW,DRY,DAY,SINGLE,LIGHT,FINE,1,EMP
XRD,OSF,SSW,DRY,DAY,MULTI,HEAVY,FINE,1,BUS - OTHER
RAD,OSR,BTMO,DRY,NIGHT,MULTI,NO,FINE,4,BUS - OTHER
RAD,OSR,SSW,DRY,NIGHT,MULTI,LIGHT,FINE,5,EMP
XRD,NSR,SSW,WET,DAY,SINGLE,MODERATE,RAIN,4,EMP
RAD,OSR,SSW,DRY,DAWN,BUS,EXTREME,FINE,6,EMP