location_code,damage_code,collision_code,road_code,light_code,road_type_code,traffic_code,weather_code,emp_liability_code,kpi_cause_code
RAD,NSR,SSW,DRY,DAY,SINGLE,EXTREME,SUN,4,EMP
DEPOT,MIR,SSW,DRY,DAY,SINGLE,LIGHT,FINE,1,EMP
RBT,NSR,SSW,DRY,DAY,SINGLE,LIGHT,FINE,4,EMP
DEPOT,NSF,SSW,DRY,DAY,BUS,NO,FINE,4,CARS TRUCKS
RAD,NSF,SSW,DRY,STREET,MULTI,MODERATE,FOG,4,EMP
XRD,NSF,SSW,DRY,DUSK,BUS,HEAVY,FINE,4,BUS - OTHER
DEPOT,NSF,SSW,DRY,NIGHT,SINGLE,NO,FOG,4,EMP
DEPOT,REAR,REVERSING,DRY,DAY,SINGLE,LIGHT,FINE,4,EMP
TIN,NSF,SSW,DRY,NIGHT,SINGLE,MODERATE,FINE,4,BUS - OTHER
RAD,NSM,SSW,DRY,DAY,SINGLE,NO,FINE,6,EMP
BSP,OSF,SSW,DRY,DAY,MULTI,HEAVY,FINE,5,CARS TRUCKS
TIN,OSR,SSW,DRY,DAY,MULTI,LIGHT,FINE,1,EMP
RAD,NSF,SSW,DRY,DAY,SINGLE,MODERATE,FINE,4,EMP
BSP,WIN,SSW,WET,DAY,MULTI,MODERATE,RAIN,1,CARS TRUCKS
BSP,NSM,SSW,DRY,DAY,BUS,HEAVY,FINE,4,BUS - OTHER
TIN,FRNT,N2T,WET,NIGHT,SINGLE,MODERATE,FINE,4,CARS TRUCKS
RBT,NSR,TBO,DRY,DAY,SINGLE,LIGHT,FINE,1,CARS TRUCKS
BSP,REAR,BTMO,DRY,DAY,MULTI,HEAVY,FINE,1,CARS TRUCKS
RBT,NSF,SSW,DRY,DAY,SINGLE,LIGHT,FINE,4,CARS TRUCKS
BSP,NSR,TAI,DRY,DAY,BUS,NO,FINE,4,BUS - OTHER
XRD,NSM,TBO,DRY,NIGHT,SINGLE,LIGHT,FINE,1,EMP
BSP,OSR,N2T,DRY,DAY,MULTI,LIGHT,FINE,5,ROA
DEPOT,FRNT,SSW,DRY,DAY,SINGLE,LIGHT,FINE,4,EMP
RAD,OSR,SSW,WET,DUSK,MULTI,HEAVY,RAIN,1,EMP
DEPOT,NSF,REVERSING,DRY,DAY,SINGLE,LIGHT,FINE,1,BUS - OTHER
DEPOT,FRNT,REVERSING,WET,DAY,SINGLE,NO,RAIN,4,CARS TRUCKS
RAD,WSRE,TBO,DRY,DAY,MULTI,HEAVY,FINE,1,ROA
RBT,MIR,HON,DRY,NIGHT,SINGLE,EXTREME,FINE,4,EMP
RAD,WSRE,SSW,DRY,NIGHT,SINGLE,LIGHT,FINE,1,EMP
BSP,NSR,SSW,DRY,NIGHT,BUS,LIGHT,FINE,2,CARS TRUCKS
RBT,OSR,HON,DRY,DAY,MULTI,MODERATE,FINE,4,CARS TRUCKS
RAD,NSR,SSW,DRY,NIGHT,SINGLE,NO,FINE,6,EMP
RAD,NSF,TBO,DRY,DAY,MULTI,HEAVY,FINE,4,EMP
RAD,OSF,HON,DRY,DUSK,MULTI,MODERATE,FINE,1,CARS TRUCKS
RAD,MIR,SSW,DRY,DAY,MULTI,HEAVY,FINE,4,BUS - OTHER
TIN,NSM,TBO,DRY,DUSK,SINGLE,HEAVY,FINE,4,EMP
RAD,OSR,SSW,WET,DAY,SINGLE,LIGHT,RAIN,5,EMP
RAD,MIR,SSW,DRY,DAY,BUS,LIGHT,FINE,4,BUS - OTHER
BSP,NSF,SSW,WET,DAY,SINGLE,NO,FINE,4,BUS - OTHER
RBT,NSR,TAI,DRY,DUSK,SINGLE,LIGHT,FINE,4,EMP
RBT,NSR,BTMO,DRY,DAY,SINGLE,LIGHT,FINE,4,CARS TRUCKS
RAD,NSF,SSW,DRY,DAY,SINGLE,NO,FINE,4,ROA
RAD,OSM,BTMO,DRY,DAY,SINGLE,LIGHT,FINE,6,BUS - OTHER
RAD,NSF,SSW,DRY,DAY,SINGLE,LIGHT,FINE,4,CYC
DEPOT,NSR,SSW,DRY,DUSK,BUS,NO,FINE,4,EMP
DEPOT,NSR,REVERSING,DRY,DUSK,SINGLE,NO,FINE,4,BUS - OTHER
RAD,NSF,BTMO,DRY,DAY,SINGLE,LIGHT,FINE,6,EMP
RAD,NSF,SSW,DRY,DAY,SINGLE,HEAVY,FINE,1,ROA
RAD,FRNT,HON,DRY,DAWN,BUS,HEAVY,FINE,1,CARS TRUCKS
BSP,OSR,TAI,DRY,DAWN,SINGLE,NO,FINE,4,EMP
RAD,OSR,SSW,DRY,DAY,MULTI,HEAVY,FINE,4,GEN
RAD,REAR,N2T,DRY,DAY,MULTI,LIGHT,FINE,2,CARS TRUCKS
DEPOT,NSR,N2T,DRY,NIGHT,SINGLE,NO,FINE,4,EMP
RAD,NSR,SSW,DRY,DUSK,MULTI,LIGHT,FINE,4,EMP
RAD,MIR,HON,DRY,DAY,MULTI,NO,FINE,4,EMP
RAD,REAR,SSW,WET,DAY,MULTI,MODERATE,RAIN,1,CARS TRUCKS
RAD,NSR,TAI,DRY,DAY,SINGLE,MODERATE,RAIN,4,CARS TRUCKS
BSP,NSF,HON,DRY,DAY,SINGLE,NO,FINE,4,EMP
RAD,L/H/S panels,SSW,DRY,DAY,SINGLE,LIGHT,FINE,1,EMP
TIN,NSM,SSW,DRY,DAY,SINGLE,NO,FINE,4,EMP
BSP,NSF,SSW,DRY,NIGHT,MULTI,HEAVY,FINE,4,EMP
BSP,FRNT,HON,DRY,DAY,BUS,MODERATE,FINE,4,EMP
RAD,FRNT,HON,SLIP,DAY,SINGLE,LIGHT,FINE,4,BUS - OTHER
RAD,NSR,SSW,DRY,DAY,SINGLE,LIGHT,FINE,6,OTH
RAD,FRNT,N2T,WET,DAY,MULTI,LIGHT,RAIN,4,BUS BRAKING
RAD,REAR,REVERSING,WET,STREET,SINGLE,NO,FINE,4,EMP
BSP,OSR,TAI,DRY,DAY,BUS,MODERATE,FINE,4,EMP
BSP,REAR,N2T,DRY,DAY,MULTI,MODERATE,FINE,1,ROA
XRD,OSR,SSW,DRY,DAY,SINGLE,LIGHT,FINE,4,CARS TRUCKS
DEPOT,MIR,SSW,DRY,DAY,SINGLE,LIGHT,FINE,0,PL&EQ
RAD,MIR,SSW,DRY,DAY,SINGLE,LIGHT,FINE,0,OTH
RAD,NSM,SSW,DRY,DAY,SINGLE,MODERATE,SUN,4,EMP
BSP,FRNT,TBO,DRY,DUSK,BUS,MODERATE,FINE,4,BUS - OTHER
RAD,MIR,SSW,DRY,DAWN,MULTI,LIGHT,FINE,1,CARS TRUCKS
RAD,NSF,SSW,DRY,DAY,MULTI,NO,FINE,4,EMP
RAD,FRNT,N2T,DRY,DAY,MULTI,HEAVY,FINE,1,ROA
RAD,NSF,TBO,SLIP,NIGHT,MULTI,LIGHT,RAIN,1,CARS TRUCKS
BSP,NSR,SSW,DRY,STREET,BUS,MODERATE,FINE,2,EMP
BSP,FRNT,TBO,DRY,DAY,MULTI,LIGHT,FINE,1,CARS TRUCKS
RAD,FRNT,BTMO,DRY,DAY,SINGLE,LIGHT,FINE,0,OTH
RAD,OSR,TBO,DRY,NIGHT,MULTI,LIGHT,FINE,1,CARS TRUCKS
BSP,REAR,TAI,DRY,DAY,SINGLE,HEAVY,FINE,4,EMP
RAD,NSM,SSW,DRY,DAWN,MULTI,MODERATE,FINE,1,CARS TRUCKS
RAD,NSF,HON,DRY,DAY,MULTI,LIGHT,FINE,1,CARS TRUCKS
XRD,NSF,SSW,DRY,DAWN,SINGLE,MODERATE,FINE,1,CARS TRUCKS
RAD,MIR,HON,DRY,DAY,MULTI,LIGHT,FINE,4,EMP
RAD,Cracked window ,SSW,DRY,DAY,SINGLE,LIGHT,FINE,4,EMP
TIN,NSM,SSW,DRY,DAY,MULTI,HEAVY,FINE,4,CARS TRUCKS
XRD,OSR,TAI,DRY,DAY,SINGLE,HEAVY,FINE,4,EMP
RAD,OSR,SSW,DRY,NIGHT,SINGLE,NO,FINE,4,BUS - OTHER
BSP,OSF,HON,DRY,DAY,SINGLE,LIGHT,FINE,4,CARS TRUCKS
XRD,OSF,SSW,DRY,NIGHT,SINGLE,NO,FINE,1,ROA
RAD,OSM,SSW,DRY,DAY,SINGLE,LIGHT,FINE,5,GEN
RAD,OSR,REVERSING,DRY,DAY,SINGLE,NO,FINE,1,OTH
BSP,FRNT,N2T,DRY,DAY,BUS,NO,FINE,1,CARS TRUCKS
RAD,OSF,SSW,DRY,DAY,BUS,HEAVY,FINE,2,CARS TRUCKS
RAD,OSM,SSW,DRY,DAY,MULTI,MODERATE,SUN,4,CARS TRUCKS
RAD,Front N//S bump,SSW,DRY,DAY,SINGLE,LIGHT,FINE,4,EMP
RAD,WSRE,SSW,DRY,DAY,SINGLE,MODERATE,FINE,1,EMP
BSP,REAR,N2T,DRY,DAY,BUS,MODERATE,FINE,1,CARS TRUCKS
DEPOT,FRNT,N2T,DRY,DAY,SINGLE,LIGHT,FINE,4,CARS TRUCKS
RBT,OSM,SSW,DRY,DAY,MULTI,LIGHT,FINE,4,EMP
TIN,OSF,TBO,DRY,DAY,SINGLE,LIGHT,FINE,1,CARS TRUCKS
BSP,TOPM,SSW,DRY,DAY,SINGLE,MODERATE,FINE,4,EMP
RAD,NSM,SSW,WET,DAY,SINGLE,NO,RAIN,4,EMP
RAD,NSF,SSW,DRY,DAY,MULTI,MODERATE,FINE,5,BUS - OTHER
XRD,REAR,N2T,DRY,DAY,MULTI,HEAVY,FINE,1,CARS TRUCKS
RAD,NSR,SSW,DRY,DAY,MULTI,NO,FINE,1,BUS - OTHER
RAD,OSF,SSW,DRY,NIGHT,SINGLE,LIGHT,FINE,1,EMP
RAD,NSF,SSW,DRY,DAY,SINGLE,MODERATE,FINE,4,CARS TRUCKS
BSP,NSR,SSW,DRY,DAY,SINGLE,NO,FINE,1,ROA
XRD,OSM,SSW,DRY,DAY,SINGLE,HEAVY,FINE,4,CARS TRUCKS
DEPOT,REAR,REVERSING,DRY,DAY,BUS,NO,FINE,6,OTH
BSP,MIR,SSW,DRY,NIGHT,MULTI,NO,FINE,4,BUS - OTHER
TIN,NSR,TBO,DRY,DAY,MULTI,LIGHT,FINE,1,CYC
RBT,NSM,SSW,DRY,DAY,MULTI,LIGHT,FINE,4,EMP
BSP,MIR,SSW,WET,DAY,MULTI,HEAVY,RAIN,1,EMP
RAD,TOPM,ROO,DRY,DAWN,MULTI,NO,FINE,0,CARS TRUCKS
RAD,NSF,SSW,DRY,DAY,BUS,NO,FINE,1,CARS TRUCKS
XRD,MIR,SSW,DRY,DUSK,SINGLE,HEAVY,FINE,4,EMP
DEPOT,REAR,REVERSING,DRY,DAY,SINGLE,NO,FINE,4,EMP
RAD,OSM,SSW,DRY,NIGHT,MULTI,LIGHT,FINE,1,EMP
XRD,NSR,SSW,DRY,DAY,SINGLE,EXTREME,FINE,1,BUS - OTHER
RBT,FRNT,SSW,DRY,DAWN,SINGLE,NO,FINE,4,EMP
RAD,FRNT,N2T,DRY,DAY,SINGLE,MODERATE,FINE,4,BUS - OTHER
RAD,REAR,SSW,DRY,DAY,MULTI,HEAVY,FINE,1,CARS TRUCKS
TIN,NSF,N2T,DRY,DAWN,SINGLE,MODERATE,FINE,4,CARS TRUCKS
DEPOT,NSR,SSW,WET,NIGHT,MULTI,NO,RAIN,4,EMP
BSP,NSR,SSW,DRY,DAY,BUS,LIGHT,FINE,4,BUS - OTHER
XRD,OSF,SSW,DRY,DAY,SINGLE,MODERATE,FINE,4,CARS TRUCKS
RBT,NSR,BTMO,WET,DAY,SINGLE,NO,RAIN,4,CARS TRUCKS
RAD,OSM,SSW,DRY,DAY,SINGLE,HEAVY,FINE,1,CARS TRUCKS
BSP,OSF,SSW,WET,DUSK,SINGLE,LIGHT,RAIN,1,EMP
RAD,OSR,BTMO,DRY,DAY,SINGLE,LIGHT,FINE,6,OTH
RAD,NSR,SSW,DRY,DAY,BUS,LIGHT,FINE,2,OTH
RAD,NSF,SSW,DRY,NIGHT,MULTI,LIGHT,FINE,1,CARS TRUCKS
DEPOT,MIR,HON,DRY,DAY,SINGLE,LIGHT,FINE,4,EMP
TIN,OSF,SSW,WET,DAY,MULTI,MODERATE,FINE,4,EMP
BSP,REAR,N2T,WET,DAY,MULTI,MODERATE,RAIN,1,CARS TRUCKS
RBT,REAR,SSW,DRY,DAY,SINGLE,NO,FINE,4,EMP
RAD,NSM,SSW,DRY,DAY,SINGLE,EXTREME,FINE,3,EMP
RAD,OSM,SSW,SLIP,NIGHT,MULTI,MODERATE,RAIN,1,EMP
XRD,FRNT,BTMO,WET,DUSK,SINGLE,MODERATE,RAIN,4,EMP
BSP,NSF,SSW,DRY,DAY,SINGLE,LIGHT,FINE,4,BUS - OTHER
BSP,NSF,SSW,WET,DAY,BUS,LIGHT,FINE,4,EMP
RAD,NSR,SSW,WET,DUSK,MULTI,LIGHT,RAIN,1,EMP
XRD,OSF,SSW,WET,DAY,MULTI,LIGHT,RAIN,4,EMP
TIN,OSR,TBO,DRY,DAY,MULTI,LIGHT,FINE,4,EMP
BSP,OSM,SSW,DRY,DAY,BUS,LIGHT,FINE,4,EMP
BSP,MIR,SSW,DRY,DAY,MULTI,HEAVY,FINE,4,EMP
DEPOT,WSRE,REVERSING,DRY,NIGHT,SINGLE,NO,FINE,4,BUS - OTHER
BSP,OSR,TAI,WET,NIGHT,MULTI,LIGHT,RAIN,4,EMP
BSP,OSF,SSW,WET,STREET,MULTI,LIGHT,FINE,5,CARS TRUCKS
RAD,Scratch and den,SSW,DRY,DAY,SINGLE,LIGHT,FINE,4,EMP
RAD,OSF,SSW,DRY,DAY,SINGLE,HEAVY,FINE,1,EMP
RBT,OSF,HON,DRY,DAY,SINGLE,NO,FINE,1,EMP
XRD,NSR,SSW,WET,DAY,SINGLE,LIGHT,RAIN,1,CARS TRUCKS
RAD,NSF,SSW,DRY,NIGHT,MULTI,HEAVY,FINE,1,EMP
RAD,OSF,SSW,DRY,NIGHT,MULTI,LIGHT,FINE,1,EMP
RAD,REAR,N2T,DRY,DAY,SINGLE,NO,FINE,1,CARS TRUCKS
BSP,MIR,SSW,DRY,DAY,MULTI,HEAVY,FINE,5,CARS TRUCKS
RAD,WSRE,SSW,WET,DAWN,SINGLE,LIGHT,FINE,4,EMP
RAD,NSR,SSW,WET,DAY,SINGLE,EXTREME,FINE,4,EMP
DEPOT,WSRE,SSW,DRY,DAY,SINGLE,LIGHT,FINE,0,OTH
RAD,NSF,HON,WET,NIGHT,SINGLE,NO,RAIN,0,ENV
RAD,MIR,SSW,DRY,DAY,MULTI,HEAVY,FINE,4,EMP
RAD,TOPF,HON,DRY,DAY,SINGLE,LIGHT,FINE,4,ENV
RAD,OSF,REVERSING,DRY,DAY,SINGLE,LIGHT,FINE,1,CARS TRUCKS
RBT,NSF,SSW,DRY,DAY,BUS,NO,FINE,4,CARS TRUCKS
XRD,WIN,SSW,DRY,DAY,SINGLE,LIGHT,FINE,1,EMP
RAD,OSR,SSW,DRY,DAWN,SINGLE,MODERATE,FINE,4,CARS TRUCKS
RAD,NSM,SSW,DRY,NIGHT,MULTI,LIGHT,FINE,1,EMP
BSP,NSR,SSW,DRY,DAY,BUS,HEAVY,FINE,1,BUS - OTHER
BSP,REAR,N2T,SLIP,DAY,MULTI,MODERATE,SUN,1,BUS - OTHER
RAD,NSF,SSW,DRY,STREET,SINGLE,NO,FINE,1,EMP
BSP,REAR,HON,DRY,DAY,BUS,LIGHT,FINE,1,ROA
BSP,NSM,SSW,DRY,DAY,SINGLE,LIGHT,FINE,0,GEN
RAD,NSM,SSW,DRY,DAY,SINGLE,HEAVY,FINE,4,BUS - OTHER
RAD,MIR,SSW,DRY,NIGHT,SINGLE,LIGHT,FINE,1,EMP
RAD,MIR,SSW,DRY,DAY,SINGLE,NO,FINE,6,OTH
BSP,OSR,SSW,DRY,DAY,MULTI,NO,FINE,5,EMP
RBT,OSF,HON,WET,DAWN,SINGLE,MODERATE,RAIN,4,CARS TRUCKS
DEPOT,WSRE,HON,DRY,DAY,SINGLE,LIGHT,FINE,0,CARS TRUCKS
BSP,NSR,REVERSING,DRY,NIGHT,SINGLE,NO,FINE,4,CARS TRUCKS
XRD,NSR,SSW,DRY,DUSK,SINGLE,EXTREME,FINE,4,EMP
RBT,NSM,SSW,SLIP,DAY,SINGLE,LIGHT,RAIN,4,EMP
BSP,MIR,SSW,DRY,DUSK,SINGLE,MODERATE,SUN,1,EMP
RAD,FRNT,SSW,DRY,NIGHT,SINGLE,LIGHT,FINE,5,GEN
XRD,NSF,SSW,DRY,DAY,MULTI,LIGHT,FINE,5,EMP
TIN,OSF,SSW,WET,DAY,MULTI,LIGHT,RAIN,1,EMP
RAD,NSM,SSW,DRY,DAY,MULTI,HEAVY,FINE,4,BUS - OTHER
XRD,WIN,TAI,DRY,DAY,SINGLE,LIGHT,FINE,4,EMP
RAD,MIR,SSW,DRY,DUSK,MULTI,MODERATE,FINE,4,EMP
BSP,OSF,SSW,DRY,DAY,SINGLE,NO,FINE,4,EMP
RAD,NSF,SSW,DRY,DAY,MULTI,LIGHT,FINE,0,OTH
BSP,NSF,HON,DRY,DAY,MULTI,NO,FINE,4,EMP
RAD,MIR,SSW,DRY,DAY,BUS,NO,FINE,2,BUS - OTHER
RAD,REAR,N2T,DRY,DAY,MULTI,LIGHT,FINE,5,OTH
RAD,OSR,SSW,DRY,DAY,MULTI,LIGHT,FINE,4,EMP
XRD,FRNT,ROO,DRY,DAY,MULTI,LIGHT,FINE,1,CARS TRUCKS
TIN,OSF,SSW,DRY,DAY,MULTI,LIGHT,FINE,2,EMP
DEPOT,NSM,TBO,DRY,DAY,SINGLE,LIGHT,FINE,4,EMP
BSP,OSF,SSW,WET,NIGHT,MULTI,HEAVY,RAIN,5,EMP
RAD,OSF,TBO,DRY,DAY,SINGLE,NO,FINE,1,EMP
RAD,OSM,SSW,DRY,DAY,SINGLE,LIGHT,FINE,0,BUS - OTHER
RAD,Front R/H/S ind,SSW,DRY,DAY,SINGLE,LIGHT,FINE,4,EMP
XRD,NSR,BTMO,DRY,DAY,MULTI,LIGHT,FINE,4,CARS TRUCKS
DEPOT,OSR,SSW,DRY,NIGHT,SINGLE,NO,FINE,2,BUS - OTHER
RAD,WIN,SSW,DRY,DAY,MULTI,MODERATE,FINE,0,GEN
BSP,REAR,N2T,WET,DAY,BUS,NO,FINE,4,EMP
BSP,OSM,SSW,SLIP,DAY,MULTI,MODERATE,FINE,1,EMP
RAD,REAR,N2T,WET,DUSK,SINGLE,HEAVY,RAIN,1,CARS TRUCKS
TIN,REAR,SSW,DRY,DAY,SINGLE,LIGHT,FINE,5,CARS TRUCKS
BSP,NSF,SSW,DRY,DAY,MULTI,NO,FINE,4,EMP
RAD,MIR,HON,DRY,DAY,SINGLE,MODERATE,FINE,4,EMP
RAD,OSR,SSW,DRY,DAY,SINGLE,LIGHT,FINE,6,EMP
RAD,OSF,HON,DRY,DAY,SINGLE,NO,FINE,4,EMP
RAD,MIR,SSW,DRY,DAWN,MULTI,NO,FINE,1,EMP
BSP,REAR,N2T,WET,DAY,MULTI,HEAVY,RAIN,5,CARS TRUCKS
RAD,NSM,SSW,DRY,DAY,BUS,MODERATE,FINE,0,BUS - OTHER
BSP,TOPR,SSW,DRY,DAY,SINGLE,NO,FINE,4,EMP
TIN,NSM,SSW,DRY,DAY,SINGLE,HEAVY,FINE,5,CARS TRUCKS
BSP,MIR,SSW,SLIP,NIGHT,SINGLE,LIGHT,FINE,4,EMP
RAD,NSR,TBO,DRY,DAWN,MULTI,LIGHT,FINE,1,EMP
BSP,NSR,SSW,DRY,DAWN,MULTI,LIGHT,FINE,4,EMP
RAD,FRNT,HON,WET,DAY,MULTI,LIGHT,RAIN,4,BUS - OTHER
RAD,OSF,TBO,DRY,DAY,MULTI,HEAVY,FINE,1,EMP
RAD,OSF,SSW,DRY,NIGHT,SINGLE,LIGHT,FINE,5,OTH
BSP,FRNT,HON,DRY,DAY,BUS,NO,FINE,4,BUS - OTHER
DEPOT,TOPM,SSW,WET,DAY,SINGLE,NO,FINE,4,EMP
DEPOT,OSR,REVERSING,DRY,DAY,BUS,NO,FINE,4,BUS - OTHER
RAD,FRNT,SSW,DRY,DAY,SINGLE,LIGHT,FINE,2,EMP
RAD,FRNT,N2T,DRY,DAY,MULTI,MODERATE,FINE,4,BUS - OTHER
RAD,NSM,SSW,DRY,DAWN,BUS,LIGHT,FINE,4,EMP
RAD,OSF,SSW,WET,NIGHT,MULTI,MODERATE,FINE,5,CARS TRUCKS
RAD,FRNT,HON,DRY,DAWN,FREE,NO,FINE,0,EMP
BSP,OSM,REVERSING,DRY,DAY,MULTI,LIGHT,FINE,1,CARS TRUCKS
RAD,OSR,SSW,DRY,DAY,BUS,HEAVY,FINE,0,PL&EQ
RAD,FRNT,SSW,DRY,DAY,SINGLE,LIGHT,FINE,5,CARS TRUCKS
RAD,NSM,SSW,DRY,NIGHT,MULTI,MODERATE,FINE,1,GEN
BSP,REAR,SSW,DRY,NIGHT,SINGLE,LIGHT,FINE,2,BUS - OTHER
BSP,NSR,SSW,DRY,DAY,MULTI,LIGHT,FINE,5,GEN
RAD,OSF,SSW,DRY,DAY,MULTI,LIGHT,FINE,1,EMP
RAD,MIR,SSW,DRY,DAY,MULTI,MODERATE,FINE,1,BUS - OTHER
TIN,NSM,SSW,DRY,DAY,SINGLE,EXTREME,FINE,4,EMP
BSP,WIN,SSW,DRY,NIGHT,SINGLE,LIGHT,FINE,1,EMP
RAD,FRNT,TAI,DRY,DAY,MULTI,LIGHT,FINE,4,EMP
BSP,OSR,N2T,WET,NIGHT,BUS,HEAVY,RAIN,1,EMP
RAD,NSF,BTMO,WET,NIGHT,MULTI,LIGHT,RAIN,0,ENV
RBT,NSF,HON,DRY,DAY,SINGLE,LIGHT,FINE,1,EMP
RAD,FRNT,SSW,DRY,DAY,MULTI,HEAVY,FINE,0,OTH
DEPOT,MIR,SSW,DRY,DAY,SINGLE,LIGHT,FINE,4,PAS
TIN,NSM,SSW,DRY,NIGHT,MULTI,LIGHT,FINE,4,CARS TRUCKS
RAD,O/S mirror head,SSW,DRY,DAY,SINGLE,LIGHT,FINE,1,EMP
RBT,NSM,TBO,DRY,DAY,SINGLE,LIGHT,FINE,1,CARS TRUCKS
BSP,MIR,SSW,WET,DUSK,SINGLE,LIGHT,RAIN,4,EMP
RAD,OSR,SSW,DRY,DAY,SINGLE,MODERATE,FINE,4,OTH
XRD,OSF,TBO,DRY,DAY,SINGLE,EXTREME,FINE,4,GEN
TIN,NSR,TAI,DRY,DAY,SINGLE,LIGHT,FINE,4,CARS TRUCKS
RAD,FRNT,SSW,DRY,DAY,MULTI,LIGHT,FINE,5,CARS TRUCKS
BSP,MIR,SSW,DRY,DAY,SINGLE,MODERATE,FINE,6,EMP
DEPOT,NSM,SSW,DRY,NIGHT,SINGLE,NO,FINE,4,BUS - OTHER
RBT,OSR,SSW,DRY,DAY,MULTI,HEAVY,FINE,4,BUS - OTHER
RAD,NSF,SSW,SLIP,DAY,BUS,HEAVY,RAIN,4,EMP
RAD,TOPM,HON,DRY,DAY,SINGLE,NO,FINE,4,EMP
BSP,OSR,N2T,DRY,DUSK,BUS,NO,FINE,2,BUS - OTHER
BSP,REAR,SSW,DRY,DAY,SINGLE,HEAVY,FINE,4,EMP
RAD,NSR,SSW,DRY,NIGHT,SINGLE,NO,FINE,1,EMP
XRD,MIR,SSW,DRY,DAY,SINGLE,MODERATE,FINE,5,CARS TRUCKS
XRD,OSR,SSW,DRY,DAWN,BUS,HEAVY,FINE,4,EMP
RBT,NSF,HON,DRY,DAY,SINGLE,MODERATE,FINE,1,CARS TRUCKS
DEPOT,FRNT,SSW,DRY,DAY,BUS,NO,FINE,4,EMP
RAD,FRNT,HON,DRY,DAY,BUS,MODERATE,FINE,0,EMP
RAD,NSF,SSW,DRY,NIGHT,SINGLE,LIGHT,FINE,4,CARS TRUCKS
BSP,OSR,SSW,DRY,NIGHT,SINGLE,NO,FINE,1,ROA
RBT,MIR,HON,DRY,NIGHT,SINGLE,NO,FINE,4,EMP
BSP,MIR,SSW,DRY,DAY,BUS,MODERATE,FINE,1,CARS TRUCKS
XRD,OSR,SSW,DRY,DAY,SINGLE,MODERATE,FINE,4,EMP
BSP,NSR,TAI,SLIP,DAY,MULTI,MODERATE,RAIN,4,CARS TRUCKS
RAD,MIR,SSW,DRY,DAWN,SINGLE,LIGHT,FINE,4,EMP
DEPOT,MIR,TAI,DRY,DAY,SINGLE,NO,FINE,2,EMP
XRD,NSF,TBO,DRY,DAY,SINGLE,LIGHT,FINE,1,EMP
BSP,REAR,SSW,DRY,DAY,BUS,LIGHT,FINE,4,EMP
BSP,WSRE,N2T,DRY,DAY,BUS,NO,FINE,4,EMP
RAD,OSM,TBO,DRY,DAY,SINGLE,LIGHT,FINE,1,CARS TRUCKS
RAD,FRNT,SSW,DRY,NIGHT,MULTI,LIGHT,FINE,4,EMP
BSP,FRNT,SSW,DRY,DAY,SINGLE,LIGHT,FINE,0,OTH
BSP,NSR,SSW,SLIP,DUSK,SINGLE,MODERATE,RAIN,4,EMP
RAD,OSM,SSW,SLIP,DAY,SINGLE,LIGHT,RAIN,4,EMP
TIN,FRNT,TAI,DRY,DAY,SINGLE,MODERATE,SUN,1,CARS TRUCKS
BSP,OSF,N2T,DRY,DAY,BUS,NO,FINE,2,BUS - OTHER
RAD,MIR,SSW,DRY,DAY,SINGLE,MODERATE,FINE,1,EMP
RAD,REAR,REVERSING,DRY,DAY,BUS,NO,FINE,4,EMP
RBT,NSR,SSW,DRY,NIGHT,MULTI,LIGHT,FINE,1,EMP
XRD,OSM,SSW,DRY,DAY,SINGLE,EXTREME,FINE,1,EMP
RAD,NSM,SSW,DRY,NIGHT,MULTI,NO,FINE,4,EMP
DEPOT,OSR,REVERSING,DRY,DAY,SINGLE,NO,FINE,4,CARS TRUCKS
RAD,OSR,SSW,DRY,NIGHT,SINGLE,NO,FINE,6,OTH
RBT,MIR,HON,DRY,DAY,SINGLE,LIGHT,FINE,4,EMP
RAD,NSR,SSW,DRY,NIGHT,MULTI,LIGHT,FINE,4,EMP
DEPOT,FRNT,SSW,DRY,DAY,SINGLE,LIGHT,FINE,2,BUS - OTHER
TIN,REAR,SSW,DRY,DUSK,SINGLE,LIGHT,FINE,4,EMP
RAD,OSF,SSW,WET,DAWN,MULTI,MODERATE,RAIN,1,CARS TRUCKS
XRD,OSR,SSW,WET,DAY,SINGLE,HEAVY,FINE,4,EMP
RAD,FRNT,HON,DRY,DAY,SINGLE,LIGHT,FINE,4,CARS TRUCKS
XRD,OSR,SSW,DRY,DUSK,MULTI,HEAVY,FINE,5,CARS TRUCKS