location_code,damage_code,collision_code,road_code,light_code,road_type_code,traffic_code,weather_code,emp_liability_code,kpi_cause_code
BSP,MIR,SSW,DRY,DUSK,MULTI,MODERATE,FINE,4,EMP
RAD,FRNT,HON,DRY,DAY,MULTI,MODERATE,FINE,4,EMP
RAD,NSM,SSW,SLIP,NIGHT,SINGLE,NO,RAIN,4,EMP
RBT,OSR,SSW,DRY,DAY,MULTI,MODERATE,FINE,4,EMP
RAD,FRNT,BTMO,WET,DAY,SINGLE,HEAVY,RAIN,0,EMP
RAD,REAR,SSW,DRY,DAY,MULTI,LIGHT,FINE,1,EMP
XRD,NSR,TBO,DRY,DAY,MULTI,LIGHT,FINE,1,ROA
DEPOT,NSR,SSW,WET,DUSK,FREE,NO,FINE,4,EMP
RAD,NSF,SSW,WET,DAY,MULTI,HEAVY,RAIN,4,CARS TRUCKS
RAD,NSF,N2T,DRY,DAWN,SINGLE,LIGHT,FINE,4,EMP
RAD,NSM,SSW,DRY,DAY,SINGLE,LIGHT,FINE,5,ROA
BSP,NSR,BTMO,DRY,DAWN,MULTI,MODERATE,FINE,4,EMP
RBT,FRNT,HON,DRY,DAY,SINGLE,LIGHT,FINE,4,BUS - OTHER
RBT,OSF,SSW,DRY,DAY,SINGLE,HEAVY,FINE,4,EMP
XRD,NSF,SSW,DRY,DAY,SINGLE,MODERATE,FINE,4,EMP
XRD,FRNT,N2T,DRY,DAY,SINGLE,NO,FINE,1,CARS TRUCKS
BSP,NSM,SSW,DRY,DAY,SINGLE,MODERATE,FINE,4,CARS TRUCKS
DEPOT,NSR,SSW,DRY,DAY,BUS,NO,SUN,2,EMP
BSP,NSF,N2T,DRY,DAY,BUS,MODERATE,FINE,4,BUS - OTHER
RAD,OSF,HON,DRY,DAY,MULTI,MODERATE,FINE,1,ROA
RAD,FRNT,HON,DRY,DAY,MULTI,LIGHT,SUN,4,EMP
RAD,NSM,SSW,DRY,NIGHT,SINGLE,MODERATE,FINE,0,GEN
RAD,NSR,SSW,DRY,DUSK,SINGLE,MODERATE,SUN,4,BUS - OTHER
BSP,NSR,SSW,WET,NIGHT,SINGLE,LIGHT,RAIN,4,BUS - OTHER
XRD,NSM,SSW,DRY,DAY,SINGLE,NO,FINE,1,GEN
RAD,NSR,SSW,DRY,DAY,SINGLE,EXTREME,FINE,4,BUS - OTHER
DEPOT,WSRE,HON,WET,DAY,SINGLE,NO,FINE,4,OTH
TIN,OSF,TBO,DRY,DAWN,SINGLE,LIGHT,SUN,4,EMP
RAD,FRNT,REVERSING,DRY,DAY,SINGLE,LIGHT,FINE,1,CARS TRUCKS
RAD,MIR,SSW,DRY,DAY,MULTI,HEAVY,FINE,1,EMP
RBT,WSRE,SSW,WET,NIGHT,SINGLE,LIGHT,RAIN,4,EMP
BSP,MIR,HON,DRY,DAY,MULTI,HEAVY,FINE,4,EMP
TIN,NSF,SSW,DRY,NIGHT,MULTI,HEAVY,FINE,1,EMP
BSP,MIR,SSW,DRY,DAY,MULTI,NO,FINE,1,CARS TRUCKS
RAD,FRNT,HON,DRY,DAY,SINGLE,LIGHT,SUN,0,ENV
RAD,WSRE,BTMO,DRY,NIGHT,SINGLE,NO,FINE,4,EMP
RAD,NSM,SSW,DRY,NIGHT,MULTI,NO,FINE,1,ROA
BSP,FRNT,N2T,DRY,DAY,MULTI,LIGHT,FINE,1,EMP
RAD,NSM,TBO,DRY,DAY,BUS,MODERATE,FINE,1,EMP
RAD,NSM,SSW,WET,NIGHT,SINGLE,LIGHT,RAIN,4,ENV
RAD,OSR,SSW,DRY,DAY,BUS,EXTREME,FINE,1,CARS TRUCKS
XRD,OSF,HON,SLIP,DAY,MULTI,HEAVY,RAIN,4,EMP
BSP,OSR,SSW,DRY,DAY,BUS,NO,FINE,1,CARS TRUCKS
TIN,NSR,N2T,DRY,DAY,SINGLE,LIGHT,FINE,4,EMP
DEPOT,REAR,REVERSING,DRY,DAY,SINGLE,NO,FINE,4,CARS TRUCKS
RAD,OSM,SSW,DRY,DAY,MULTI,HEAVY,FINE,1,EMP
RBT,MIR,SSW,WET,DAY,SINGLE,LIGHT,RAIN,1,EMP
RAD,REAR,N2T,DRY,DAY,MULTI,MODERATE,FINE,1,EMP
RAD,NSR,SSW,DRY,STREET,SINGLE,LIGHT,FINE,1,EMP
BSP,NSF,SSW,WET,DAY,SINGLE,NO,RAIN,4,EMP
RAD,MIR,SSW,DRY,DAY,SINGLE,LIGHT,FINE,6,OTH
TIN,NSF,N2T,DRY,DAY,SINGLE,LIGHT,FINE,4,EMP
DEPOT,OSF,SSW,WET,DAY,SINGLE,NO,RAIN,1,EMP
BSP,NSR,TAI,DRY,DAY,MULTI,HEAVY,FINE,1,CARS TRUCKS
XRD,REAR,N2T,DRY,DAY,MULTI,MODERATE,SUN,1,EMP
DEPOT,OSM,TAI,WET,DAY,BUS,NO,FINE,4,EMP
TIN,OSM,SSW,DRY,DAY,MULTI,MODERATE,FINE,5,CARS TRUCKS
RAD,NSM,TBO,DRY,DAY,SINGLE,LIGHT,FINE,3,EMP
BSP,MIR,SSW,WET,DAY,SINGLE,LIGHT,FINE,4,EMP
XRD,OSM,SSW,DRY,DAY,SINGLE,MODERATE,FINE,4,CARS TRUCKS
RAD,NSF,HON,WET,DUSK,SINGLE,LIGHT,FINE,4,EMP
BSP,NSR,SSW,SLIP,DUSK,SINGLE,HEAVY,FINE,4,EMP
RAD,OSF,HON,DRY,DAY,SINGLE,LIGHT,FINE,1,ROA
RAD,OSF,SSW,DRY,DUSK,MULTI,MODERATE,FINE,1,EMP
DEPOT,WSRE,HON,DRY,DAY,SINGLE,LIGHT,FINE,0,OTH
BSP,NSM,SSW,WET,DUSK,BUS,LIGHT,RAIN,4,BUS - OTHER
RAD,NSM,TBO,DRY,DAY,SINGLE,HEAVY,FOG,1,CARS TRUCKS
RAD,NSF,SSW,DRY,DAY,SINGLE,NO,FINE,1,ROA
RAD,WSRE,SSW,DRY,NIGHT,SINGLE,NO,FINE,0,GEN
BSP,FRNT,HON,DRY,DAY,SINGLE,LIGHT,FINE,4,BUS - OTHER
RAD,NSF,SSW,DRY,NIGHT,SINGLE,NO,ICE,4,EMP
RAD,OSF,SSW,DRY,DAY,SINGLE,LIGHT,FINE,1,EMP
RAD,OSF,REVERSING,DRY,DUSK,MULTI,MODERATE,FINE,4,EMP
RAD,NSR,HON,DRY,DAY,SINGLE,HEAVY,FINE,4,EMP
RAD,NSF,SSW,DRY,NIGHT,MULTI,LIGHT,FINE,1,ROA
TIN,NSR,N2T,DRY,DAY,SINGLE,HEAVY,FINE,4,EMP
RAD,OSR,SSW,DRY,DAY,SINGLE,LIGHT,FINE,0,CARS TRUCKS
BSP,REAR,SSW,DRY,DAY,BUS,LIGHT,FINE,1,EMP
BSP,MIR,SSW,DRY,DAY,MULTI,NO,FINE,4,BUS - OTHER
TIN,OSF,SSW,DRY,DAY,BUS,HEAVY,FINE,1,EMP
RAD,NSF,REVERSING,DRY,DAY,SINGLE,LIGHT,FINE,1,CARS TRUCKS
XRD,NSR,SSW,WET,DAY,SINGLE,LIGHT,RAIN,4,EMP
RAD,REAR,SSW,DRY,NIGHT,SINGLE,LIGHT,FINE,1,EMP
RAD,OSR,TAI,DRY,DAY,MULTI,MODERATE,FINE,4,EMP
BSP,REAR,TAI,DRY,DAY,SINGLE,LIGHT,FINE,4,BUS - OTHER
RAD,NSF,BTMO,DRY,DAY,SINGLE,MODERATE,FINE,6,BUS - OTHER
BSP,FRNT,SSW,DRY,DAY,SINGLE,LIGHT,FINE,4,EMP
RAD,FRNT,HON,DRY,DAY,SINGLE,LIGHT,FINE,0,ENV
BSP,REAR,SSW,DRY,DAY,SINGLE,MODERATE,FINE,4,EMP
RAD,OSF,BTMO,DRY,DAY,SINGLE,LIGHT,FINE,6,OTH
BSP,MIR,SSW,DRY,NIGHT,SINGLE,MODERATE,FINE,4,EMP
XRD,NSR,SSW,DRY,DAWN,MULTI,HEAVY,FINE,4,EMP
XRD,FRNT,N2T,SLIP,NIGHT,SINGLE,LIGHT,RAIN,4,EMP
TIN,OSM,SSW,DRY,DAY,MULTI,LIGHT,FINE,1,CARS TRUCKS
RAD,FRNT,HON,DRY,DAY,BUS,MODERATE,FINE,0,ENV
DEPOT,NSR,SSW,DRY,DAWN,SINGLE,NO,FINE,6,EMP
RAD,OSR,SSW,DRY,STREET,MULTI,HEAVY,FINE,4,EMP
RAD,NSR,REVERSING,DRY,NIGHT,MULTI,MODERATE,FINE,1,CARS TRUCKS
TIN,NSR,TAI,WET,DAY,MULTI,LIGHT,FINE,4,BUS - OTHER
RAD,OSF,TAI,DRY,DAY,SINGLE,LIGHT,FINE,1,CARS TRUCKS
BSP,REAR,TAI,DRY,DAY,BUS,MODERATE,FINE,4,BUS - OTHER
XRD,FRNT,SSW,DRY,DAY,MULTI,NO,FINE,5,EMP
RAD,OSM,SSW,WET,NIGHT,SINGLE,MODERATE,ICE,4,EMP
RAD,NSF,SSW,WET,DAY,MULTI,HEAVY,RAIN,1,EMP
RAD,OSR,REVERSING,DRY,NIGHT,MULTI,NO,FINE,4,BUS - OTHER
XRD,OSM,SSW,SLIP,DAY,MULTI,LIGHT,RAIN,1,BUS - OTHER
RAD,OSF,HON,WET,DAY,SINGLE,MODERATE,FINE,4,EMP
RAD,NSM,REVERSING,DRY,DAY,SINGLE,LIGHT,FINE,1,EMP
RAD,OSM,TBO,DRY,DAY,SINGLE,NO,FINE,1,EMP
RAD,WIN,SSW,DRY,STREET,SINGLE,LIGHT,FINE,1,EMP
RAD,Rear L/H/S dama,SSW,DRY,DAY,SINGLE,LIGHT,FINE,1,EMP
XRD,NSR,TAI,DRY,DAWN,MULTI,LIGHT,SUN,4,EMP
DEPOT,OSR,SSW,DRY,DAY,BUS,NO,FINE,2,EMP
RAD,NSR,SSW,WET,DUSK,SINGLE,NO,RAIN,1,EMP
BSP,MIR,SSW,DRY,DAWN,BUS,HEAVY,FINE,4,EMP
RAD,NSR,SSW,WET,DAWN,SINGLE,NO,RAIN,4,EMP
RAD,R/H/S broken le,SSW,DRY,DAY,SINGLE,LIGHT,FINE,4,EMP
RAD,FRNT,N2T,DRY,DAY,MULTI,LIGHT,FINE,1,ROA
RAD,NSF,SSW,DRY,DUSK,MULTI,LIGHT,FINE,0,PAS
RAD,REAR,SSW,WET,DAY,MULTI,LIGHT,RAIN,1,EMP
TIN,NSM,SSW,SLIP,DAY,MULTI,HEAVY,RAIN,4,EMP
DEPOT,NSF,SSW,DRY,DAY,SINGLE,NO,FINE,4,CARS TRUCKS
RAD,MIR,SSW,WET,NIGHT,SINGLE,NO,FOG,4,EMP
BSP,NSR,BTMO,WET,DAY,BUS,MODERATE,FINE,4,BUS - OTHER
RAD,TOPF,SSW,DRY,DAY,SINGLE,LIGHT,FINE,4,EMP
RAD,NSF,SSW,WET,DAY,MULTI,HEAVY,RAIN,3,EMP
RAD,NSR,TAI,DRY,DAY,SINGLE,MODERATE,FINE,4,EMP
BSP,MIR,HON,DRY,DAY,MULTI,NO,FINE,4,EMP
TIN,FRNT,HON,DRY,DAY,MULTI,LIGHT,FINE,5,CARS TRUCKS
RAD,OSF,N2T,WET,DUSK,MULTI,HEAVY,RAIN,1,EMP
BSP,OSM,SSW,DRY,DAY,BUS,LIGHT,FINE,4,CARS TRUCKS
BSP,NSF,SSW,WET,NIGHT,MULTI,MODERATE,RAIN,4,EMP
BSP,FRNT,SSW,DRY,DAY,SINGLE,HEAVY,FINE,4,CARS TRUCKS
RAD,NSM,SSW,DRY,DUSK,MULTI,HEAVY,FINE,1,CARS TRUCKS
BSP,NSM,SSW,DRY,DAY,SINGLE,HEAVY,FINE,4,CARS TRUCKS
RAD,NSR,HON,WET,DAY,MULTI,LIGHT,RAIN,4,EMP
RAD,MIR,SSW,DRY,DAY,MULTI,NO,FINE,5,CARS TRUCKS
RAD,FRNT,N2T,WET,DUSK,MULTI,LIGHT,RAIN,4,BUS BRAKING
RAD,FRNT,SSW,DRY,NIGHT,SINGLE,LIGHT,FINE,1,EMP
RAD,REAR,SSW,DRY,DAY,SINGLE,MODERATE,FINE,4,CARS TRUCKS
BSP,NSR,TAI,DRY,DAY,SINGLE,HEAVY,SUN,4,EMP
RAD,MIR,SSW,DRY,DAY,MULTI,LIGHT,FINE,2,CARS TRUCKS
RBT,NSM,BTMO,DRY,NIGHT,SINGLE,LIGHT,FINE,4,EMP
BSP,WIN,SSW,DRY,DAY,SINGLE,NO,FINE,1,EMP
RAD,NSM,SSW,DRY,DAY,FREE,LIGHT,FINE,4,EMP
DEPOT,NSM,SSW,SLIP,DAY,SINGLE,LIGHT,FINE,4,EMP
RAD,NSR,TAI,DRY,NIGHT,SINGLE,HEAVY,FINE,4,EMP
RAD,NSR,SSW,SLIP,DAY,SINGLE,EXTREME,FINE,4,BUS - OTHER
BSP,NSF,HON,DRY,DAY,MULTI,MODERATE,FINE,4,EMP
RAD,OSM,SSW,WET,NIGHT,MULTI,MODERATE,FINE,4,EMP
XRD,NSR,SSW,DRY,NIGHT,MULTI,MODERATE,FINE,4,EMP
TIN,OSR,SSW,DRY,DAY,MULTI,HEAVY,FINE,1,EMP
XRD,NSR,SSW,DRY,DAWN,MULTI,LIGHT,FOG,5,CARS TRUCKS
RBT,NSM,TAI,SLIP,DAY,SINGLE,HEAVY,RAIN,4,EMP
RAD,OSR,BTMO,DRY,DAY,SINGLE,HEAVY,FINE,4,BUS - OTHER
BSP,FRNT,SSW,WET,DAY,MULTI,LIGHT,RAIN,1,EMP
RAD,NSF,SSW,DRY,NIGHT,SINGLE,NO,FINE,0,ENV
RAD,NSR,TAI,DRY,DAY,MULTI,MODERATE,FINE,1,ROA
RAD,NSR,BTMO,DRY,DAY,SINGLE,MODERATE,FINE,4,BUS - OTHER
RAD,NSR,SSW,DRY,NIGHT,MULTI,MODERATE,FINE,2,EMP
RAD,OSR,REVERSING,WET,DAY,SINGLE,NO,RAIN,4,BUS - OTHER
RAD,MIR,N2T,DRY,DAY,BUS,NO,FINE,4,EMP
RAD,NSR,SSW,WET,DAY,SINGLE,LIGHT,FINE,4,ROAD RAGE
RAD,R/H/S middle of,SSW,DRY,DAY,SINGLE,LIGHT,FINE,4,EMP
BSP,NSR,SSW,DRY,DAY,MULTI,HEAVY,FINE,4,CARS TRUCKS
XRD,FRNT,SSW,DRY,DAY,SINGLE,EXTREME,FINE,4,EMP
XRD,OSR,SSW,DRY,DAY,SINGLE,MODERATE,FINE,1,CARS TRUCKS
XRD,FRNT,SSW,DRY,DAY,SINGLE,MODERATE,FINE,4,CARS TRUCKS
BSP,OSF,SSW,DRY,DAY,MULTI,LIGHT,FINE,1,ROA
RAD,N/S/R lower pan,SSW,DRY,DAY,SINGLE,LIGHT,FINE,4,EMP
RAD,OSM,TBO,DRY,DAY,SINGLE,LIGHT,FINE,1,ROA
RAD,OSR,SSW,DRY,DAWN,SINGLE,HEAVY,FINE,4,CARS TRUCKS
RAD,NSF,SSW,DRY,DAY,SINGLE,LIGHT,FINE,0,EMP
DEPOT,NSR,SSW,WET,DAY,MULTI,LIGHT,FINE,4,EMP
RAD,OSF,HON,DRY,DUSK,FREE,HEAVY,FINE,5,EMP
RBT,FRNT,SSW,DRY,DAY,MULTI,LIGHT,FINE,1,EMP
XRD,FRNT,N2T,DRY,DAY,SINGLE,LIGHT,FINE,4,EMP
RAD,FRNT,N2T,SLIP,DAY,SINGLE,LIGHT,RAIN,4,EMP
DEPOT,OSM,SSW,DRY,DAY,SINGLE,NO,FINE,6,OTH
DEPOT,MIR,HON,WET,DAY,SINGLE,NO,FINE,0,BUS - OTHER
BSP,MIR,SSW,DRY,DAY,MULTI,EXTREME,SUN,4,EMP
RAD,REAR,N2T,DRY,DAY,SINGLE,LIGHT,FINE,6,OTH
BSP,FRNT,N2T,DRY,DAY,BUS,MODERATE,FINE,4,EMP
RAD,NSR,HON,DRY,DAWN,SINGLE,NO,FINE,4,EMP
DEPOT,REAR,TBO,DRY,DAWN,BUS,NO,FINE,4,EMP
RAD,FRNT,TBO,DRY,DAY,SINGLE,NO,FINE,1,CARS TRUCKS
RBT,FRNT,N2T,DRY,DAY,SINGLE,HEAVY,FINE,4,EMP
RAD,NSR,TAI,SLIP,DAWN,SINGLE,NO,RAIN,4,SURFING
RBT,FRNT,HON,WET,DAY,MULTI,LIGHT,RAIN,4,EMP
RAD,NSF,HON,DRY,DAY,SINGLE,NO,FINE,4,BUS - OTHER
RAD,NSF,HON,DRY,DAY,SINGLE,LIGHT,FINE,4,EMP
RAD,Slight damage t,SSW,DRY,DAY,SINGLE,LIGHT,FINE,4,EMP
XRD,OSM,SSW,DRY,DAY,SINGLE,LIGHT,FINE,1,EMP
TIN,OSR,SSW,DRY,DAY,SINGLE,NO,FINE,4,EMP
DEPOT,NSM,REVERSING,WET,NIGHT,MULTI,NO,RAIN,4,EMP
RAD,NSR,N2T,DRY,DAY,SINGLE,LIGHT,FINE,0,CARS TRUCKS
RAD,NSF,SSW,DRY,DAY,BUS,NO,FINE,4,EMP
DEPOT,NSR,SSW,DRY,DAY,SINGLE,LIGHT,FINE,5,OTH
XRD,OSR,SSW,DRY,DAY,MULTI,HEAVY,FINE,4,EMP
TIN,NSF,SSW,WET,DAY,SINGLE,MODERATE,RAIN,4,EMP
RAD,N/S front,SSW,DRY,DAY,SINGLE,LIGHT,FINE,4,EMP
DEPOT,NSR,SSW,DRY,DAY,SINGLE,LIGHT,FINE,4,EMP
RAD,WIN,SSW,DRY,NIGHT,MULTI,LIGHT,FINE,5,EMP
BSP,NSF,TBO,DRY,NIGHT,SINGLE,LIGHT,FINE,1,CARS TRUCKS
BSP,MIR,SSW,WET,DAY,SINGLE,LIGHT,RAIN,4,BUS - OTHER
RAD,WSRE,SSW,DRY,DAY,SINGLE,LIGHT,FINE,0,OTH
DEPOT,OSR,REVERSING,DRY,DAY,MULTI,NO,FINE,4,CARS TRUCKS
TIN,OSM,SSW,DRY,NIGHT,SINGLE,NO,FINE,1,EMP
RAD,FRNT,SSW,WET,DAY,SINGLE,MODERATE,RAIN,4,ROA
RAD,OSR,SSW,DRY,DAY,SINGLE,NO,FINE,4,BUS - OTHER
RAD,NSR,SSW,DRY,DAY,SINGLE,MODERATE,FINE,4,BUS - OTHER
BSP,OSF,REVERSING,DRY,DAY,SINGLE,LIGHT,FINE,1,ROA
RAD,FRNT,TBO,SLIP,DAY,MULTI,HEAVY,RAIN,1,CARS TRUCKS
RAD,Broken rear win,SSW,DRY,DAY,SINGLE,LIGHT,FINE,3,EMP
XRD,NSM,SSW,DRY,STREET,SINGLE,MODERATE,FINE,4,EMP
RAD,OSF,SSW,DRY,DAY,SINGLE,LIGHT,FINE,0,BUS - OTHER
RAD,OSM,SSW,DRY,NIGHT,MULTI,LIGHT,FINE,1,CARS TRUCKS
DEPOT,NSF,SSW,DRY,DAY,SINGLE,LIGHT,FINE,4,CARS TRUCKS
BSP,OSR,SSW,DRY,DAY,BUS,HEAVY,FINE,1,GEN
RAD,L/H/S paint dam,SSW,DRY,DAY,SINGLE,LIGHT,FINE,4,EMP
RAD,FRNT,REVERSING,DRY,DAY,MULTI,MODERATE,FINE,1,EMP
RAD,NSF,SSW,DRY,STREET,SINGLE,NO,FINE,4,EMP
RAD,NSM,SSW,DRY,NIGHT,SINGLE,LIGHT,FINE,0,BUS - OTHER
RAD,FRNT,SSW,SLIP,DAY,MULTI,HEAVY,FINE,0,OTH
RBT,OSF,TBO,DRY,DAY,SINGLE,HEAVY,FINE,4,EMP
RAD,REAR,REVERSING,WET,DAY,SINGLE,LIGHT,RAIN,4,EMP
BSP,OSM,ROO,DRY,DAY,SINGLE,LIGHT,FINE,4,BUS - OTHER
RAD,NSM,SSW,WET,NIGHT,MULTI,LIGHT,FINE,4,BUS - OTHER
XRD,NSR,SSW,WET,DAY,MULTI,LIGHT,FINE,1,CARS TRUCKS
BSP,WIN,SSW,DRY,DUSK,MULTI,NO,FINE,1,EMP
RAD,REAR,N2T,SLIP,DAY,MULTI,HEAVY,FINE,1,ROA
DEPOT,NSM,SSW,DRY,DAY,SINGLE,LIGHT,FINE,4,OTH
BSP,MIR,SSW,DRY,NIGHT,MULTI,NO,FINE,4,EMP
BSP,OSR,N2T,DRY,DAY,MULTI,HEAVY,FINE,1,ROA
BSP,OSM,SSW,DRY,NIGHT,BUS,LIGHT,FINE,4,CARS TRUCKS
RAD,NSR,TAI,DRY,DAY,SINGLE,EXTREME,FINE,4,CARS TRUCKS
XRD,OSM,SSW,DRY,DAY,MULTI,HEAVY,SUN,4,EMP
RAD,WSRE,BTMO,DRY,DAWN,SINGLE,NO,FINE,0,CARS TRUCKS
RAD,OSF,N2T,DRY,DAY,MULTI,NO,FINE,1,EMP
RAD,OSR,BTMO,DRY,DAY,MULTI,HEAVY,FINE,1,CARS TRUCKS
XRD,OSR,SSW,DRY,DAY,MULTI,EXTREME,FINE,1,EMP
RAD,NSF,SSW,DRY,NIGHT,MULTI,HEAVY,FINE,1,CARS TRUCKS
DEPOT,WSRE,REVERSING,DRY,DAY,SINGLE,LIGHT,FINE,4,EMP
RBT,NSF,SSW,DRY,NIGHT,MULTI,LIGHT,FINE,4,ENV
XRD,NSM,SSW,WET,DAY,MULTI,HEAVY,RAIN,4,EMP
RAD,FRNT,SSW,DRY,DAY,SINGLE,EXTREME,FINE,1,GEN
DEPOT,OSM,REVERSING,DRY,DAY,SINGLE,LIGHT,FINE,0,OTH
RAD,OSF,BTMO,DRY,DAY,SINGLE,LIGHT,FINE,4,EMP
TIN,NSF,TBO,DRY,DUSK,SINGLE,LIGHT,FINE,1,CARS TRUCKS
XRD,NSM,SSW,WET,NIGHT,SINGLE,LIGHT,FINE,1,CARS TRUCKS
TIN,FRNT,SSW,DRY,DAY,SINGLE,MODERATE,FINE,1,EMP
BSP,NSR,SSW,WET,DAY,MULTI,MODERATE,RAIN,4,EMP
RBT,FRNT,SSW,WET,DAWN,SINGLE,NO,RAIN,4,EMP
DEPOT,OSF,SSW,DRY,NIGHT,SINGLE,LIGHT,FINE,1,EMP
BSP,OSM,SSW,DRY,DAY,BUS,EXTREME,FINE,1,CARS TRUCKS
RAD,NSF,SSW,DRY,DAY,SINGLE,LIGHT,SUN,0,EMP
RAD,NSF,SSW,DRY,DUSK,SINGLE,LIGHT,FINE,5,ROA
DEPOT,OSF,SSW,DRY,DAY,SINGLE,LIGHT,FINE,4,EMP
DEPOT,REAR,N2T,DRY,DAY,SINGLE,LIGHT,FINE,4,EMP
XRD,OSF,SSW,WET,DAY,SINGLE,MODERATE,RAIN,4,EMP
RAD,REAR,N2T,DRY,DAY,SINGLE,MODERATE,FINE,1,ROA
RAD,MIR,TAI,DRY,NIGHT,SINGLE,HEAVY,FINE,4,EMP
RAD,NSR,SSW,DRY,DAY,MULTI,LIGHT,FINE,1,CARS TRUCKS
RAD,OSR,SSW,DRY,DAY,MULTI,HEAVY,FINE,1,GEN
RAD,NSF,HON,SLIP,NIGHT,MULTI,LIGHT,FINE,4,EMP
RAD,FRNT,HON,DRY,DAY,FREE,LIGHT,FINE,0,OTH
RBT,NSM,SSW,DRY,DAY,MULTI,MODERATE,FINE,4,ROA
XRD,OSR,SSW,DRY,DAY,MULTI,MODERATE,FINE,5,CARS TRUCKS
BSP,FRNT,SSW,DRY,DAY,SINGLE,MODERATE,FINE,1,EMP
TIN,OSF,TBO,DRY,DAY,MULTI,HEAVY,FINE,4,CARS TRUCKS
DEPOT,OSR,SSW,DRY,NIGHT,SINGLE,NO,FINE,5,PAS
RAD,NSM,SSW,DRY,STREET,SINGLE,NO,FINE,5,GEN
DEPOT,OSM,SSW,DRY,DAWN,SINGLE,NO,FINE,4,EMP
RAD,NSF,SSW,WET,DAY,MULTI,LIGHT,RAIN,0,OTH
RAD,NSF,SSW,DRY,DUSK,MULTI,EXTREME,FINE,4,EMP
BSP,FRNT,HON,DRY,DUSK,SINGLE,LIGHT,FINE,4,CARS TRUCKS
DEPOT,FRNT,N2T,DRY,DAY,SINGLE,LIGHT,FINE,6,OTH
RAD,NSR,SSW,DRY,NIGHT,SINGLE,LIGHT,FINE,6,EMP
DEPOT,NSM,TAI,DRY,DAY,MULTI,LIGHT,FINE,4,EMP
DEPOT,NSR,SSW,DRY,DAY,MULTI,LIGHT,FINE,6,CARS TRUCKS
XRD,NSR,SSW,WET,NIGHT,SINGLE,NO,RAIN,1,EMP
RAD,REAR,SSW,WET,DAY,SINGLE,LIGHT,RAIN,1,EMP
BSP,MIR,SSW,DRY,DAY,BUS,LIGHT,SUN,4,EMP
DEPOT,OSF,TAI,DRY,DAY,SINGLE,LIGHT,FINE,1,CARS TRUCKS
RBT,OSM,SSW,DRY,DAY,SINGLE,LIGHT,FINE,4,EMP
TIN,NSR,SSW,WET,DAY,SINGLE,HEAVY,RAIN,4,EMP
RAD,NSR,SSW,DRY,DAY,MULTI,EXTREME,FINE,1,CARS TRUCKS
BSP,REAR,N2T,DRY,DAY,SINGLE,HEAVY,FINE,1,EMP
XRD,MIR,SSW,WET,DAY,SINGLE,LIGHT,RAIN,4,EMP
RAD,NSR,SSW,DRY,NIGHT,MULTI,LIGHT,FINE,5,CARS TRUCKS
RBT,NSF,TBO,DRY,DAY,SINGLE,MODERATE,FINE,1,EMP
RAD,WIN,SSW,DRY,NIGHT,SINGLE,LIGHT,FINE,0,GEN
DEPOT,NSR,N2T,DRY,NIGHT,SINGLE,NO,FINE,1,BUS - OTHER
BSP,MIR,SSW,DRY,DAY,BUS,LIGHT,FINE,2,EMP
RBT,NSF,HON,DRY,DAY,SINGLE,MODERATE,FINE,4,EMP
RAD,FRNT,HON,DRY,NIGHT,MULTI,MODERATE,FINE,4,EMP
RAD,OSR,SSW,WET,NIGHT,SINGLE,NO,RAIN,0,ENV
RAD,NSF,SSW,DRY,DAY,MULTI,NO,SUN,4,EMP
RAD,NSM,TBO,DRY,NIGHT,SINGLE,NO,FINE,4,EMP
RAD,MIR,SSW,DRY,DAWN,SINGLE,LIGHT,FINE,5,CARS TRUCKS
RAD,FRNT,N2T,DRY,DAY,SINGLE,LIGHT,FINE,4,EMP
RAD,OSR,SSW,DRY,NIGHT,SINGLE,HEAVY,FINE,4,EMP
BSP,OSF,SSW,WET,DAY,BUS,MODERATE,RAIN,4,EMP
RAD,NSR,REVERSING,DRY,DAY,SINGLE,LIGHT,FINE,1,ROA
TIN,NSR,SSW,DRY,DAY,SINGLE,MODERATE,FINE,1,EMP
TIN,OSM,SSW,DRY,DAY,SINGLE,LIGHT,FINE,4,EMP
BSP,MIR,SSW,DRY,DAY,BUS,LIGHT,FINE,4,EMP
XRD,NSF,TBO,DRY,DAY,SINGLE,NO,FINE,4,EMP
RAD,MIRROR ARM,SSW,DRY,DAY,SINGLE,LIGHT,FINE,4,EMP