location_code,damage_code,collision_code,road_code,light_code,road_type_code,traffic_code,weather_code,emp_liability_code,kpi_cause_code
RAD,NSM,TBO,DRY,DAY,MULTI,LIGHT,FINE,1,CARS TRUCKS
BSP,OSR,REVERSING,WET,DAY,BUS,NO,FINE,4,EMP
RAD,OSM,SSW,DRY,NIGHT,SINGLE,HEAVY,FINE,4,CARS TRUCKS
XRD,MIR,SSW,DRY,DAY,MULTI,LIGHT,FINE,1,ROA
BSP,REAR,N2T,DRY,DAY,BUS,NO,FINE,1,EMP
RAD,NSF,SSW,WET,NIGHT,SINGLE,MODERATE,RAIN,1,CARS TRUCKS
RAD,FRNT,HON,SLIP,DAY,SINGLE,HEAVY,RAIN,4,BUS - OTHER
RAD,MIR,SSW,WET,DUSK,SINGLE,MODERATE,RAIN,4,CARS TRUCKS
RAD,OSR,SSW,DRY,DAY,SINGLE,HEAVY,FINE,4,EMP
BSP,OSF,SSW,DRY,DAY,BUS,NO,FINE,2,BUS - OTHER
BSP,OSR,REVERSING,DRY,DAWN,BUS,NO,FINE,4,EMP
BSP,OSR,SSW,DRY,DAY,SINGLE,NO,FINE,1,BUS - OTHER
BSP,REAR,TBO,WET,DAY,BUS,HEAVY,RAIN,1,CARS TRUCKS
RAD,NSR,SSW,DRY,DAWN,SINGLE,HEAVY,FOG,4,EMP
RBT,WSRE,SSW,SLIP,DAY,SINGLE,MODERATE,RAIN,1,EMP
RAD,WSRE,BTMO,DRY,DAY,SINGLE,LIGHT,FINE,4,EMP
XRD,NSR,SSW,DRY,DAY,SINGLE,EXTREME,SUN,4,CARS TRUCKS
BSP,NSR,TAI,DRY,DAY,SINGLE,HEAVY,FINE,4,CARS TRUCKS
TIN,NSR,SSW,DRY,DAY,MULTI,MODERATE,FINE,1,BUS - OTHER
BSP,WIN,SSW,DRY,DAY,SINGLE,MODERATE,FINE,1,EMP
RAD,NSR,SSW,DRY,NIGHT,SINGLE,LIGHT,FOG,4,EMP
BSP,FRNT,SSW,DRY,DAY,BUS,NO,FINE,4,EMP
XRD,FRNT,REVERSING,DRY,DAY,MULTI,MODERATE,FINE,1,CARS TRUCKS
DEPOT,MIR,SSW,DRY,DAY,SINGLE,LIGHT,FINE,4,CARS TRUCKS
RAD,NSM,SSW,WET,NIGHT,SINGLE,NO,RAIN,4,EMP
RAD,FRNT,SSW,DRY,DAY,BUS,NO,FINE,4,BUS - OTHER
RAD,NSR,SSW,DRY,DAY,BUS,LIGHT,FINE,4,CARS TRUCKS
RBT,NSR,SSW,DRY,DAWN,SINGLE,NO,FINE,4,EMP
RAD,NSF,SSW,DRY,STREET,MULTI,LIGHT,FINE,4,EMP
RAD,OSR,HON,DRY,DAY,SINGLE,LIGHT,FINE,1,CARS TRUCKS
DEPOT,OSF,TAI,DRY,DAY,BUS,NO,FINE,2,EMP
DEPOT,NSF,REVERSING,DRY,DAY,SINGLE,NO,FINE,4,CARS TRUCKS
RAD,OSR,SSW,DRY,DAY,BUS,NO,FINE,1,CARS TRUCKS
BSP,MIR,SSW,DRY,DAY,BUS,HEAVY,FINE,4,BUS - OTHER
BSP,MIR,SSW,WET,DAY,SINGLE,MODERATE,RAIN,4,BUS - OTHER
DEPOT,NSF,SSW,DRY,DAY,SINGLE,NO,FINE,4,EMP
RAD,OSR,TAI,DRY,DUSK,MULTI,MODERATE,FINE,4,EMP
RBT,NSF,SSW,DRY,DAY,MULTI,LIGHT,FINE,4,CARS TRUCKS
RAD,NSM,TBO,DRY,DAY,SINGLE,LIGHT,FINE,1,ROA
RAD,REAR,SSW,DRY,NIGHT,SINGLE,NO,FINE,3,EMP
DEPOT,NSR,SSW,DRY,DAY,SINGLE,LIGHT,FINE,2,EMP
BSP,NSR,TAI,WET,NIGHT,SINGLE,MODERATE,RAIN,4,EMP
RAD,OSM,SSW,DRY,STREET,MULTI,HEAVY,FINE,4,EMP
XRD,FRNT,TBO,DRY,DAY,MULTI,HEAVY,FINE,1,CYC
TIN,NSM,SSW,SLIP,DAY,SINGLE,LIGHT,RAIN,4,EMP
RAD,OSR,TAI,DRY,DAY,BUS,LIGHT,FINE,4,EMP
TIN,OSM,TAI,DRY,DAY,SINGLE,LIGHT,FINE,1,EMP
RAD,NSR,TAI,WET,DAY,SINGLE,HEAVY,RAIN,4,EMP
RAD,OSR,SSW,DRY,DAY,MULTI,MODERATE,FINE,4,EMP
RAD,FRNT,SSW,DRY,DAY,SINGLE,LIGHT,FINE,4,BUS - OTHER
DEPOT,NSR,SSW,DRY,NIGHT,SINGLE,LIGHT,FINE,4,EMP
RAD,NSM,SSW,DRY,NIGHT,MULTI,LIGHT,FINE,1,GEN
RAD,REAR,N2T,DRY,DUSK,MULTI,HEAVY,FINE,1,CARS TRUCKS
RAD,MIR,SSW,DRY,NIGHT,SINGLE,NO,FINE,0,GEN
RAD,NSR,TBO,DRY,DUSK,MULTI,HEAVY,FINE,1,CARS TRUCKS
XRD,FRNT,SSW,DRY,DAY,MULTI,HEAVY,FINE,1,EMP
RAD,OSR,TAI,DRY,DUSK,MULTI,MODERATE,SUN,4,EMP
BSP,NSF,N2T,DRY,DAY,BUS,HEAVY,FINE,4,CARS TRUCKS
BSP,REAR,N2T,DRY,DAY,SINGLE,NO,FINE,1,CARS TRUCKS
XRD,OSF,TAI,DRY,DAY,MULTI,MODERATE,FINE,1,OTH
RAD,OSF,SSW,SLIP,NIGHT,SINGLE,LIGHT,RAIN,4,EMP
BSP,MIR,SSW,DRY,DAY,SINGLE,LIGHT,FINE,1,ROA
BSP,OSF,SSW,WET,NIGHT,SINGLE,NO,RAIN,4,EMP
RAD,REAR,N2T,WET,DAY,MULTI,MODERATE,FINE,1,CARS TRUCKS
BSP,OSM,REVERSING,DRY,DAY,BUS,MODERATE,FINE,1,CARS TRUCKS
DEPOT,OSR,SSW,DRY,DAWN,BUS,NO,FINE,4,EMP
TIN,OSM,SSW,DRY,DAY,MULTI,MODERATE,FINE,4,CARS TRUCKS
TIN,OSF,SSW,DRY,DAY,MULTI,MODERATE,FINE,1,EMP
BSP,NSR,SSW,WET,STREET,MULTI,NO,FINE,5,CARS TRUCKS
RAD,MIR,SSW,DRY,DUSK,SINGLE,MODERATE,FINE,4,EMP
DEPOT,OSM,SSW,DRY,DAWN,SINGLE,LIGHT,FINE,2,EMP
BSP,WIN,SSW,DRY,DAY,MULTI,HEAVY,FINE,1,EMP
RAD,REAR,N2T,DRY,DAY,SINGLE,LIGHT,FINE,1,ROA
TIN,OSR,SSW,WET,STREET,MULTI,NO,RAIN,1,EMP
RAD,REAR,N2T,DRY,DAY,SINGLE,LIGHT,FINE,5,EMP
RAD,REAR,SSW,DRY,DAY,SINGLE,LIGHT,FINE,4,BUS - OTHER
RAD,TOPR,SSW,DRY,DAY,SINGLE,LIGHT,FINE,6,EMP
XRD,OSF,TBO,DRY,DAY,SINGLE,LIGHT,FINE,4,EMP
DEPOT,NSF,SSW,DRY,DAY,SINGLE,LIGHT,FINE,6,EMP
RBT,WSRE,BTMO,DRY,DAY,SINGLE,NO,FINE,0,OTH
RAD,NSR,SSW,WET,DAY,MULTI,MODERATE,RAIN,3,EMP
BSP,MIR,N2T,DRY,DAY,SINGLE,MODERATE,FINE,4,EMP
RAD,NSF,TAI,DRY,DAY,MULTI,HEAVY,FINE,5,CARS TRUCKS
RAD,OSM,SSW,DRY,DAY,SINGLE,HEAVY,FINE,5,ROA
RAD,OSF,BTMO,DRY,DAY,BUS,LIGHT,FINE,4,EMP
XRD,MIR,SSW,DRY,DAY,MULTI,HEAVY,FINE,1,EMP
RAD,NSR,SSW,DRY,DAY,SINGLE,LIGHT,FINE,1,ROA
XRD,OSM,TBO,DRY,DAY,SINGLE,LIGHT,FINE,1,EMP
DEPOT,OSR,SSW,DRY,DAY,SINGLE,LIGHT,FINE,2,CARS TRUCKS
BSP,NSF,SSW,DRY,DAY,SINGLE,NO,FINE,1,EMP
RAD,OSF,N2T,DRY,DAY,MULTI,LIGHT,FINE,1,EMP
RAD,REAR,REVERSING,DRY,DUSK,SINGLE,LIGHT,FINE,4,EMP
BSP,WSRE,HON,WET,DUSK,MULTI,LIGHT,RAIN,0,ENV
BSP,NSM,SSW,WET,DAY,MULTI,MODERATE,RAIN,5,EMP
DEPOT,FRNT,HON,DRY,NIGHT,SINGLE,LIGHT,FINE,4,EMP
RAD,OSR,SSW,DRY,DAY,MULTI,MODERATE,FINE,1,GEN
XRD,OSR,REVERSING,DRY,DUSK,SINGLE,LIGHT,SUN,4,EMP
DEPOT,OSR,BTMO,DRY,DAY,BUS,MODERATE,FINE,4,EMP
RAD,REAR,N2T,WET,DAY,SINGLE,HEAVY,RAIN,1,EMP
BSP,NSF,SSW,DRY,DUSK,SINGLE,LIGHT,FINE,4,CARS TRUCKS
RBT,OSF,SSW,DRY,DAY,SINGLE,LIGHT,FINE,4,BUS - OTHER
TIN,OSM,SSW,WET,DAY,SINGLE,HEAVY,FINE,4,BUS - OTHER
TIN,NSM,TBO,DRY,DAY,SINGLE,LIGHT,FINE,1,CARS TRUCKS
RAD,FRNT,TBO,DRY,DAY,MULTI,LIGHT,FINE,1,ROA
RAD,NSF,SSW,DRY,DAY,MULTI,LIGHT,FINE,4,EMP
DEPOT,NSM,SSW,WET,DAY,SINGLE,NO,FINE,4,EMP
DEPOT,OSM,SSW,DRY,DAY,SINGLE,HEAVY,FINE,1,CARS TRUCKS
BSP,OSR,N2T,DRY,DAY,MULTI,LIGHT,FINE,1,ROA
RAD,NSM,SSW,DRY,DAY,MULTI,MODERATE,FINE,5,OTH
BSP,NSR,SSW,DRY,DAWN,SINGLE,LIGHT,FINE,1,CARS TRUCKS
RAD,WSRE,SSW,WET,DAY,SINGLE,LIGHT,FINE,4,EMP
RAD,WIN,SSW,DRY,NIGHT,SINGLE,NO,FINE,5,GEN
RAD,WSRE,SSW,DRY,NIGHT,SINGLE,LIGHT,FINE,0,BUS - OTHER
BSP,OSR,BTMO,DRY,DAY,MULTI,LIGHT,FINE,1,ROA
XRD,OSM,SSW,DRY,NIGHT,SINGLE,LIGHT,FINE,4,EMP
RAD,NSR,TAI,DRY,DUSK,SINGLE,LIGHT,FINE,4,CARS TRUCKS
RAD,OSR,SSW,DRY,DAY,SINGLE,NO,FINE,1,EMP
RAD,NSF,HON,DRY,DAY,SINGLE,LIGHT,FINE,4,CARS TRUCKS
BSP,NSM,SSW,DRY,STREET,MULTI,LIGHT,FINE,4,EMP
RAD,FRNT,SSW,DRY,NIGHT,SINGLE,LIGHT,FINE,4,CARS TRUCKS
RAD,MIR,SSW,DRY,DAWN,MULTI,LIGHT,FINE,1,EMP
RAD,OSR,SSW,DRY,DAY,SINGLE,LIGHT,RAIN,4,EMP
RAD,FRNT,N2T,DRY,DUSK,MULTI,MODERATE,FINE,4,EMP
RAD,NSR,SSW,WET,DAY,SINGLE,HEAVY,RAIN,3,EMP
RAD,FRNT,BTMO,DRY,NIGHT,SINGLE,LIGHT,FINE,4,EMP
RAD,NSF,SSW,DRY,DAWN,BUS,LIGHT,FINE,1,EMP
RAD,FRNT,REVERSING,DRY,DAY,SINGLE,HEAVY,FINE,1,CARS TRUCKS
BSP,MIR,SSW,DRY,DUSK,SINGLE,LIGHT,FINE,4,BUS - OTHER
DEPOT,NSM,REVERSING,DRY,DAY,SINGLE,LIGHT,FINE,4,EMP
XRD,NSF,N2T,DRY,DAY,SINGLE,MODERATE,FINE,4,CARS TRUCKS
RAD,OSR,SSW,WET,DAY,SINGLE,LIGHT,FINE,4,EMP
XRD,NSF,SSW,DRY,DAY,MULTI,MODERATE,FINE,0,PAS
XRD,OSR,SSW,DRY,DAY,MULTI,LIGHT,FINE,5,CARS TRUCKS
XRD,FRNT,TBO,DRY,DAY,MULTI,LIGHT,FINE,1,BUS - OTHER
DEPOT,REAR,REVERSING,DRY,NIGHT,SINGLE,LIGHT,FINE,2,EMP
BSP,TOPR,BTMO,DRY,DAY,SINGLE,LIGHT,FINE,4,EMP
BSP,TOPF,SSW,DRY,DAY,MULTI,HEAVY,FINE,4,EMP
TIN,NSM,TBO,DRY,DAY,SINGLE,LIGHT,FINE,1,EMP
RAD,NSF,SSW,WET,DAY,MULTI,MODERATE,RAIN,4,BUS - OTHER
RAD,FRNT,N2T,DRY,DAY,SINGLE,LIGHT,FINE,0,OTH
DEPOT,MIR,SSW,DRY,DAWN,BUS,HEAVY,FINE,4,EMP
BSP,MIR,SSW,DRY,DAY,MULTI,LIGHT,FINE,4,CARS TRUCKS
RAD,OSM,SSW,WET,DAY,SINGLE,NO,RAIN,4,CARS TRUCKS
RAD,MIR,SSW,WET,DAY,SINGLE,LIGHT,FINE,0,BUS - OTHER
RAD,WSRE,SSW,WET,DAY,SINGLE,NO,RAIN,0,ENV
RAD,OSR,SSW,DRY,NIGHT,SINGLE,NO,FINE,1,EMP
RAD,Lower L/H/S of ,SSW,DRY,DAY,SINGLE,LIGHT,FINE,4,EMP
DEPOT,OSF,REVERSING,DRY,DAY,SINGLE,LIGHT,FINE,4,CARS TRUCKS
RBT,FRNT,HON,DRY,DAY,SINGLE,LIGHT,FINE,1,EMP
DEPOT,NSR,REVERSING,WET,DAY,BUS,NO,RAIN,4,EMP
RAD,REAR,TBO,DRY,DAY,SINGLE,LIGHT,FINE,5,EMP
RBT,OSM,SSW,DRY,DAY,SINGLE,LIGHT,FINE,5,CARS TRUCKS
RAD,NSR,HON,DRY,DAY,MULTI,HEAVY,FINE,1,EMP
BSP,NSF,SSW,DRY,DAY,SINGLE,MODERATE,FINE,5,ROA
XRD,NSR,TAI,DRY,DAY,MULTI,HEAVY,FINE,4,CARS TRUCKS
RAD,NSM,SSW,SLIP,STREET,SINGLE,NO,RAIN,3,EMP
RAD,FRNT,N2T,DRY,DAY,MULTI,MODERATE,FOG,1,CARS TRUCKS
RAD,OSR,TAI,DRY,DAY,MULTI,LIGHT,FINE,4,BUS - OTHER
RAD,NSR,SSW,WET,DAY,SINGLE,HEAVY,RAIN,1,EMP
RAD,NSR,SSW,WET,STREET,MULTI,MODERATE,RAIN,4,CARS TRUCKS
XRD,MIR,SSW,DRY,DAY,MULTI,HEAVY,FINE,5,CARS TRUCKS
XRD,NSM,SSW,DRY,NIGHT,MULTI,LIGHT,FINE,4,EMP
RAD,REAR,REVERSING,DRY,DAY,BUS,LIGHT,FINE,4,BUS - OTHER
TIN,NSM,SSW,DRY,NIGHT,SINGLE,LIGHT,FINE,4,BUS - OTHER
XRD,NSR,HON,DRY,DAY,MULTI,NO,FINE,4,EMP
RAD,NSF,TBO,DRY,DAY,SINGLE,LIGHT,FINE,1,EMP
XRD,NSF,TAI,DRY,DAY,SINGLE,LIGHT,FINE,4,EMP
RBT,OSF,SSW,WET,DAY,MULTI,HEAVY,FINE,4,BUS - OTHER
RAD,NSM,TBO,DRY,DAY,SINGLE,MODERATE,FINE,1,EMP
BSP,OSR,SSW,DRY,DUSK,SINGLE,EXTREME,SUN,1,EMP
RAD,MIR,SSW,WET,DAWN,SINGLE,LIGHT,FOG,4,BUS - OTHER
BSP,OSM,BTMO,DRY,DAY,SINGLE,NO,FINE,1,CARS TRUCKS
RBT,REAR,BTMO,DRY,DAY,MULTI,MODERATE,FINE,1,CARS TRUCKS
RAD,NSR,SSW,DRY,DAY,SINGLE,LIGHT,FINE,1,CARS TRUCKS
BSP,MIR,SSW,DRY,DAY,BUS,LIGHT,FINE,4,CARS TRUCKS
RAD,TOPR,TAI,DRY,DAY,MULTI,MODERATE,FINE,4,EMP
RAD,FRNT,TBO,DRY,DAY,MULTI,LIGHT,FINE,1,GEN
RAD,WSRE,SSW,DRY,DAY,MULTI,LIGHT,SUN,0,OTH
RAD,FRNT,HON,DRY,DAY,SINGLE,LIGHT,FINE,1,CARS TRUCKS
BSP,NSR,TAI,DRY,DAWN,SINGLE,LIGHT,FINE,4,CARS TRUCKS
TIN,NSR,SSW,DRY,DAY,SINGLE,MODERATE,FINE,5,CARS TRUCKS
RAD,NSF,HON,WET,DAY,SINGLE,LIGHT,RAIN,4,EMP
TIN,OSR,SSW,WET,DAY,MULTI,MODERATE,RAIN,4,EMP
RBT,NSR,SSW,DRY,DAY,MULTI,HEAVY,FINE,4,CARS TRUCKS
RAD,OSF,BTMO,DRY,DAY,SINGLE,MODERATE,FINE,4,EMP
RAD,WSRE,HON,DRY,DAY,SINGLE,LIGHT,SUN,4,EMP
RAD,WSRE,SSW,DRY,DAY,SINGLE,LIGHT,FINE,0,BUS - OTHER
BSP,TOPF,SSW,DRY,DAY,SINGLE,NO,FINE,1,EMP
BSP,NSR,SSW,DRY,STREET,BUS,NO,FINE,4,EMP
TIN,FRNT,TBO,DRY,DAY,MULTI,MODERATE,FINE,4,CARS TRUCKS
RAD,NSF,TBO,WET,DUSK,MULTI,HEAVY,RAIN,4,EMP
BSP,MIR,SSW,WET,NIGHT,SINGLE,LIGHT,RAIN,4,BUS - OTHER
RAD,WSRE,SSW,DRY,DAY,FREE,LIGHT,FINE,1,EMP
BSP,MIR,ROO,DRY,DAY,SINGLE,HEAVY,FINE,4,EMP
XRD,OSR,SSW,WET,DUSK,SINGLE,MODERATE,RAIN,4,EMP
RAD,NSM,N2T,DRY,DUSK,MULTI,LIGHT,FINE,4,EMP
TIN,NSR,SSW,DRY,DAWN,SINGLE,MODERATE,FINE,4,EMP
RAD,NSR,SSW,DRY,NIGHT,MULTI,NO,FINE,5,EMP
RBT,NSR,SSW,DRY,DAY,SINGLE,HEAVY,FINE,4,EMP
RAD,NSR,SSW,DRY,DAY,SINGLE,LIGHT,FINE,5,GEN
XRD,OSM,SSW,WET,DAWN,MULTI,LIGHT,FINE,4,EMP
BSP,REAR,SSW,DRY,DAY,SINGLE,NO,FINE,1,CARS TRUCKS
XRD,FRNT,HON,DRY,DAY,SINGLE,LIGHT,FINE,4,EMP
RAD,REAR,SSW,DRY,STREET,MULTI,MODERATE,FINE,4,OTH
RBT,OSM,TAI,DRY,NIGHT,SINGLE,NO,FINE,4,BUS - OTHER
XRD,NSF,TBO,DRY,STREET,SINGLE,NO,FINE,1,EMP
BSP,REAR,SSW,DRY,DUSK,BUS,LIGHT,FINE,2,BUS - OTHER
RAD,TOPR,REVERSING,DRY,DAY,MULTI,LIGHT,FINE,4,EMP
RBT,NSM,SSW,DRY,DUSK,SINGLE,NO,FINE,4,EMP
RAD,OSM,SSW,DRY,DUSK,MULTI,LIGHT,FINE,3,EMP
RBT,OSF,N2T,DRY,DAY,SINGLE,MODERATE,FINE,4,EMP
DEPOT,OSF,SSW,WET,DAY,SINGLE,NO,RAIN,2,BUS - OTHER
RAD,REAR,SSW,DRY,DAY,SINGLE,MODERATE,FINE,1,CARS TRUCKS
RAD,NSF,SSW,DRY,DAY,SINGLE,NO,FINE,6,OTH
BSP,NSR,SSW,DRY,DAY,SINGLE,NO,FINE,4,BUS - OTHER
RAD,OSM,SSW,DRY,DAY,BUS,MODERATE,FINE,4,EMP
XRD,OSF,SSW,DRY,DAY,MULTI,LIGHT,FINE,1,CARS TRUCKS
RAD,MIR,SSW,WET,DAY,SINGLE,HEAVY,RAIN,4,BUS - OTHER
RAD,WSRE,BTMO,DRY,DAY,SINGLE,LIGHT,FINE,0,EMP
BSP,NSM,SSW,DRY,DAY,BUS,LIGHT,FINE,0,GEN
BSP,REAR,N2T,DRY,DAY,SINGLE,NO,FINE,2,BUS - OTHER
XRD,FRNT,SSW,WET,DAWN,MULTI,LIGHT,RAIN,5,CARS TRUCKS
RAD,NSM,HON,DRY,DAY,BUS,MODERATE,FINE,1,CARS TRUCKS
RAD,NSF,SSW,SLIP,DAY,BUS,MODERATE,RAIN,4,EMP
BSP,NSR,SSW,DRY,DUSK,SINGLE,NO,RAIN,4,EMP
RAD,NSF,SSW,DRY,DAY,BUS,HEAVY,FINE,4,BUS - OTHER
RAD,OSR,REVERSING,DRY,DAY,SINGLE,LIGHT,FINE,4,EMP
BSP,OSF,SSW,DRY,DAY,BUS,NO,FINE,1,GEN
RAD,FRNT,HON,DRY,DAY,MULTI,NO,FINE,0,OTH
RAD,NSR,TBO,DRY,DAY,MULTI,HEAVY,FINE,4,EMP
TIN,NSF,HON,DRY,DAY,MULTI,MODERATE,FINE,1,CARS TRUCKS
XRD,NSR,SSW,DRY,DAY,MULTI,MODERATE,FINE,1,EMP
BSP,NSR,TAI,DRY,DAWN,BUS,LIGHT,FINE,4,EMP
RAD,OSM,SSW,WET,DAY,MULTI,MODERATE,RAIN,1,ROA
BSP,NSR,ROO,DRY,NIGHT,SINGLE,LIGHT,FINE,4,EMP
RAD,OSR,SSW,DRY,DAY,SINGLE,LIGHT,FINE,1,CARS TRUCKS
TIN,NSM,SSW,DRY,DAWN,SINGLE,LIGHT,FINE,4,EMP
RAD,NSF,SSW,WET,DAY,MULTI,MODERATE,RAIN,1,CARS TRUCKS
RAD,FRNT,SSW,DRY,DAY,SINGLE,LIGHT,FINE,4,OTH
BSP,WIN,SSW,DRY,DAY,MULTI,LIGHT,FINE,5,CARS TRUCKS
BSP,OSR,SSW,WET,DUSK,SINGLE,MODERATE,RAIN,1,EMP
XRD,OSF,TBO,DRY,DAY,MULTI,LIGHT,FINE,1,CARS TRUCKS
RAD,NSR,SSW,DRY,DAY,MULTI,HEAVY,FINE,1,ROA
RAD,NSF,SSW,WET,DAY,MULTI,MODERATE,FINE,1,EMP
RAD,OSR,HON,DRY,DAY,MULTI,EXTREME,FINE,1,CARS TRUCKS
DEPOT,FRNT,REVERSING,DRY,NIGHT,SINGLE,LIGHT,FINE,4,BUS - OTHER
BSP,NSR,SSW,DRY,DAY,BUS,LIGHT,FINE,0,EMP
RAD,OSF,SSW,WET,NIGHT,SINGLE,NO,RAIN,4,EMP
RAD,L/H/S Mirror br,SSW,DRY,DAY,SINGLE,LIGHT,FINE,4,EMP
TIN,FRNT,HON,DRY,DAY,SINGLE,LIGHT,FINE,4,BUS - OTHER
XRD,NSR,SSW,DRY,DAY,MULTI,HEAVY,FINE,5,CARS TRUCKS
RAD,OSR,SSW,WET,DAY,MULTI,MODERATE,RAIN,1,ROA
RAD,NSM,SSW,DRY,DAY,SINGLE,LIGHT,FINE,4,EMP
RAD,OSR,SSW,DRY,DAY,MULTI,NO,FINE,1,CARS TRUCKS
BSP,NSF,SSW,SLIP,DAY,MULTI,LIGHT,RAIN,4,EMP
BSP,REAR,SSW,DRY,DAY,BUS,NO,FINE,2,EMP
RAD,NSM,SSW,WET,NIGHT,SINGLE,MODERATE,FINE,4,EMP
XRD,OSF,TBO,DRY,DAY,MULTI,MODERATE,FINE,1,EMP
RAD,REAR,SSW,DRY,DAY,SINGLE,HEAVY,FINE,5,CARS TRUCKS
TIN,OSR,SSW,WET,DAY,MULTI,HEAVY,RAIN,1,EMP
RBT,OSM,SSW,WET,DAY,MULTI,MODERATE,RAIN,1,EMP
RAD,FRNT,SSW,DRY,DAY,MULTI,LIGHT,FINE,4,EMP
DEPOT,OSR,SSW,DRY,DAY,SINGLE,LIGHT,FINE,4,EMP
TIN,OSM,SSW,DRY,DAY,SINGLE,MODERATE,FINE,5,CARS TRUCKS
RAD,NSR,SSW,SLIP,DUSK,MULTI,MODERATE,RAIN,4,EMP
TIN,NSF,SSW,WET,NIGHT,SINGLE,NO,RAIN,4,EMP
RAD,NSR,SSW,DRY,NIGHT,SINGLE,LIGHT,FINE,4,CARS TRUCKS
BSP,WSRE,SSW,DRY,DUSK,SINGLE,NO,FINE,0,GEN
RAD,NSR,SSW,DRY,NIGHT,BUS,LIGHT,FINE,4,CARS TRUCKS
BSP,NSR,REVERSING,DRY,DAY,MULTI,NO,FINE,4,EMP
BSP,NSM,SSW,DRY,DAY,MULTI,LIGHT,FINE,4,EMP
RAD,NSR,SSW,DRY,STREET,SINGLE,NO,FINE,4,EMP
BSP,NSR,TAI,DRY,DAY,SINGLE,LIGHT,FINE,4,CARS TRUCKS
DEPOT,WSRE,HON,DRY,DAY,SINGLE,NO,FINE,0,PL&EQ
XRD,NSR,BTMO,DRY,DAY,SINGLE,LIGHT,FINE,4,EMP
BSP,OSR,HON,DRY,DAY,MULTI,MODERATE,FINE,1,CARS TRUCKS
RAD,OSF,SSW,DRY,DAY,SINGLE,NO,FINE,1,CARS TRUCKS
BSP,NSR,SSW,DRY,DAWN,BUS,HEAVY,FINE,4,EMP
BSP,MIR,SSW,DRY,DUSK,BUS,HEAVY,FINE,4,EMP
RAD,NSM,SSW,DRY,DAWN,SINGLE,HEAVY,FINE,4,EMP
RAD,FRNT,SSW,DRY,DAY,SINGLE,NO,FINE,0,EMP
XRD,FRNT,HON,DRY,DAY,MULTI,LIGHT,FINE,4,ENV
RAD,NSR,N2T,DRY,DAY,SINGLE,LIGHT,FINE,5,ROA
RAD,FRNT,SSW,WET,DAY,SINGLE,LIGHT,RAIN,4,CARS TRUCKS
DEPOT,OSR,TAI,WET,DAWN,BUS,NO,RAIN,4,EMP
BSP,NSR,SSW,DRY,DAY,MULTI,NO,FINE,1,CARS TRUCKS
XRD,NSF,SSW,WET,NIGHT,MULTI,LIGHT,RAIN,4,CARS TRUCKS
BSP,REAR,N2T,DRY,DAY,SINGLE,LIGHT,FINE,4,EMP
RAD,OSM,TBO,DRY,DAY,MULTI,LIGHT,FINE,1,EMP
RAD,OSF,SSW,DRY,DAY,MULTI,MODERATE,FINE,4,EMP
DEPOT,NSF,SSW,DRY,DAY,SINGLE,LIGHT,FINE,4,EMP
RAD,MIR,SSW,DRY,DAY,SINGLE,HEAVY,FINE,4,EMP
RAD,NSF,SSW,DRY,DAWN,SINGLE,NO,FINE,4,EMP
RAD,OSR,SSW,DRY,DAY,SINGLE,MODERATE,FINE,1,CARS TRUCKS
RAD,FRNT,SSW,DRY,DAWN,SINGLE,NO,FINE,4,EMP
BSP,REAR,SSW,WET,DAY,MULTI,MODERATE,RAIN,1,EMP
RAD,NSR,SSW,DRY,DAY,MULTI,HEAVY,FINE,0,CARS TRUCKS
DEPOT,REAR,REVERSING,DRY,DAY,SINGLE,NO,FINE,0,EMP
RAD,MIR,HON,DRY,NIGHT,MULTI,MODERATE,FINE,4,EMP
BSP,FRNT,TAI,DRY,DAY,SINGLE,EXTREME,FINE,4,EMP
RAD,OSM,SSW,SLIP,DAY,SINGLE,NO,RAIN,4,EMP
DEPOT,WSRE,HON,WET,DUSK,SINGLE,NO,FINE,0,OTH
RAD,MIR,SSW,DRY,DAY,MULTI,LIGHT,FINE,5,CARS TRUCKS
XRD,NSF,SSW,DRY,DAWN,MULTI,MODERATE,FINE,5,EMP
RAD,NSM,SSW,DRY,DAY,SINGLE,MODERATE,FINE,5,ROA
DEPOT,MIR,SSW,DRY,NIGHT,SINGLE,NO,FINE,4,EMP
RAD,FRNT,SSW,DRY,DAY,SINGLE,HEAVY,FINE,4,EMP