location_code,damage_code,collision_code,road_code,light_code,road_type_code,traffic_code,weather_code,emp_liability_code,kpi_cause_code
TIN,NSF,SSW,DRY,DAWN,SINGLE,LIGHT,FINE,4,EMP
TIN,FRNT,N2T,DRY,DAY,MULTI,NO,FINE,4,EMP
XRD,REAR,N2T,DRY,DAY,SINGLE,HEAVY,FINE,5,CARS TRUCKS
RAD,MIR,SSW,SLIP,DAY,MULTI,MODERATE,RAIN,4,EMP
BSP,OSR,SSW,DRY,DAY,BUS,HEAVY,FINE,5,CARS TRUCKS
TIN,FRNT,TBO,WET,DAY,SINGLE,LIGHT,FINE,1,EMP
RAD,NSR,SSW,WET,DAY,SINGLE,LIGHT,RAIN,6,EMP
RBT,MIR,SSW,DRY,DAY,MULTI,NO,FINE,4,EMP
XRD,MIR,SSW,DRY,NIGHT,MULTI,NO,FINE,4,EMP
BSP,REAR,REVERSING,DRY,DUSK,MULTI,LIGHT,FINE,4,BUS - OTHER
RAD,NSF,SSW,DRY,DAY,MULTI,HEAVY,FINE,4,ROA
RAD,OSM,SSW,SLIP,NIGHT,MULTI,HEAVY,RAIN,1,CARS TRUCKS
DEPOT,FRNT,SSW,DRY,DUSK,SINGLE,NO,SUN,4,EMP
RAD,FRNT,N2T,DRY,DAY,SINGLE,LIGHT,FINE,1,ROA
RAD,FRNT,HON,DRY,DUSK,SINGLE,NO,FINE,0,GEN
RAD,OSR,N2T,WET,DUSK,MULTI,LIGHT,RAIN,1,CARS TRUCKS
RAD,FRNT,SSW,DRY,DAY,MULTI,LIGHT,FINE,4,CARS TRUCKS
RAD,FRNT,SSW,DRY,DAY,MULTI,MODERATE,FINE,0,ENV
RAD,Scratch on righ,SSW,DRY,DAY,SINGLE,LIGHT,FINE,1,EMP
RAD,FRNT,TBO,DRY,NIGHT,MULTI,LIGHT,FINE,1,CARS TRUCKS
RAD,REAR,N2T,DRY,DUSK,MULTI,MODERATE,FINE,1,ROA
RAD,OSR,SSW,DRY,DAY,SINGLE,MODERATE,SUN,4,EMP
XRD,OSF,TBO,WET,DAY,SINGLE,NO,RAIN,1,CARS TRUCKS
RAD,FRNT,HON,DRY,DUSK,MULTI,MODERATE,FINE,1,CARS TRUCKS
RBT,NSR,SSW,WET,DUSK,SINGLE,HEAVY,RAIN,4,BUS - OTHER
DEPOT,TOPR,REVERSING,WET,NIGHT,SINGLE,NO,RAIN,4,EMP
RAD,NSF,SSW,WET,DAY,MULTI,LIGHT,RAIN,4,ENV
XRD,NSR,SSW,DRY,DUSK,MULTI,HEAVY,FINE,4,CARS TRUCKS
RAD,NSF,TBO,DRY,NIGHT,MULTI,HEAVY,FINE,1,CARS TRUCKS
RAD,OSF,N2T,WET,DAY,MULTI,HEAVY,RAIN,4,EMP
BSP,FRNT,SSW,DRY,DAY,MULTI,HEAVY,FINE,1,EMP
BSP,NSR,SSW,DRY,DAY,BUS,MODERATE,FINE,4,EMP
DEPOT,MIR,SSW,WET,NIGHT,SINGLE,NO,FINE,4,EMP
BSP,NSR,SSW,WET,DUSK,MULTI,HEAVY,RAIN,4,CARS TRUCKS
XRD,OSF,HON,WET,NIGHT,MULTI,HEAVY,RAIN,1,EMP
RAD,NSF,SSW,DRY,DAY,MULTI,HEAVY,FINE,1,CARS TRUCKS
RAD,FRNT,HON,DRY,DAY,SINGLE,HEAVY,FINE,4,BUS - OTHER
RAD,FRNT,REVERSING,DRY,DAY,MULTI,EXTREME,FINE,5,CARS TRUCKS
RAD,REAR,BTMO,WET,DAY,SINGLE,NO,RAIN,4,OTH
TIN,OSM,SSW,DRY,NIGHT,MULTI,MODERATE,FINE,1,CARS TRUCKS
BSP,MIR,SSW,DRY,DAY,SINGLE,EXTREME,FINE,4,EMP
BSP,OSR,N2T,DRY,DAY,SINGLE,LIGHT,FINE,1,EMP
RAD,OSF,N2T,SLIP,DAY,SINGLE,MODERATE,FINE,1,EMP
RAD,REAR,BTMO,DRY,DAY,MULTI,LIGHT,FINE,1,CARS TRUCKS
RAD,FRNT,TBO,DRY,DAY,MULTI,MODERATE,FINE,5,CARS TRUCKS
RAD,TOPF,SSW,DRY,NIGHT,SINGLE,NO,FINE,5,EMP
RAD,NSM,SSW,DRY,DAY,MULTI,NO,FINE,4,EMP
RAD,NSF,SSW,DRY,DAY,SINGLE,LIGHT,FINE,4,MAT
XRD,FRNT,SSW,DRY,DAY,SINGLE,NO,FINE,0,EMP
BSP,FRNT,REVERSING,DRY,DAY,BUS,NO,FINE,4,EMP
XRD,OSF,SSW,DRY,DAY,MULTI,MODERATE,FINE,5,BUS - OTHER
RAD,MIR,SSW,DRY,DAY,MULTI,LIGHT,FINE,4,EMP
RAD,NSF,SSW,WET,DAWN,SINGLE,LIGHT,RAIN,5,CARS TRUCKS
RAD,NSM,SSW,DRY,DAWN,MULTI,LIGHT,FINE,4,EMP
RBT,OSR,SSW,DRY,DAY,BUS,NO,FINE,4,EMP
RAD,OSM,SSW,DRY,DUSK,SINGLE,MODERATE,FINE,4,BUS - OTHER
RAD,OSM,SSW,DRY,DAY,FREE,MODERATE,FINE,1,GEN
XRD,NSR,SSW,DRY,STREET,MULTI,HEAVY,FINE,4,EMP
RAD,MIR,SSW,DRY,DAY,SINGLE,LIGHT,FINE,5,EMP
BSP,FRNT,SSW,DRY,DAY,BUS,MODERATE,FINE,1,CARS TRUCKS
TIN,FRNT,N2T,DRY,DAY,SINGLE,HEAVY,FINE,1,CARS TRUCKS
BSP,REAR,SSW,WET,STREET,BUS,LIGHT,RAIN,4,EMP
DEPOT,FRNT,N2T,DRY,DAY,SINGLE,LIGHT,FINE,4,EMP
RAD,OSF,SSW,DRY,STREET,MULTI,LIGHT,FOG,4,CARS TRUCKS
TIN,NSM,SSW,DRY,STREET,SINGLE,LIGHT,FINE,4,EMP
RAD,MIR,SSW,DRY,DAY,SINGLE,LIGHT,FINE,0,EMP
RBT,OSF,SSW,DRY,DAY,SINGLE,NO,FINE,4,EMP
RAD,R/H/S near petr,SSW,DRY,DAY,SINGLE,LIGHT,FINE,1,EMP
BSP,OSR,N2T,DRY,DAY,MULTI,MODERATE,FINE,5,ROA
TIN,NSF,SSW,DRY,DAY,MULTI,LIGHT,FINE,1,EMP
BSP,OSR,SSW,DRY,DAY,MULTI,HEAVY,FINE,4,CARS TRUCKS
RAD,FRNT,SSW,DRY,DAY,SINGLE,LIGHT,FINE,3,EMP
RBT,OSM,SSW,DRY,DAY,SINGLE,LIGHT,FINE,4,CARS TRUCKS
RAD,MIR,HON,DRY,DAY,SINGLE,LIGHT,FINE,0,OTH
BSP,OSF,TBO,DRY,DAY,MULTI,HEAVY,FINE,1,CARS TRUCKS
BSP,REAR,N2T,DRY,DAY,MULTI,HEAVY,FINE,1,EMP
RAD,NSR,SSW,DRY,DUSK,MULTI,LIGHT,FINE,1,ROA
DEPOT,NSR,REVERSING,WET,DAY,BUS,NO,FOG,4,EMP
RAD,NSR,N2T,DRY,DAY,MULTI,HEAVY,FINE,4,CARS TRUCKS
BSP,NSM,TAI,DRY,NIGHT,SINGLE,NO,FINE,4,EMP
RAD,NSR,SSW,DRY,DAY,SINGLE,NO,FINE,4,EMP
BSP,REAR,N2T,DRY,DAY,MULTI,HEAVY,FINE,1,GEN
RAD,FRNT,N2T,DRY,DAY,BUS,EXTREME,FINE,4,EMP
BSP,OSR,SSW,DRY,DUSK,SINGLE,LIGHT,FINE,4,EMP
RAD,NSR,SSW,DRY,NIGHT,MULTI,MODERATE,FINE,4,BUS - OTHER
BSP,NSR,N2T,DRY,DAY,SINGLE,NO,FINE,4,BUS - OTHER
RAD,NSM,BTMO,DRY,DAY,SINGLE,NO,FINE,4,EMP
DEPOT,REAR,ROO,DRY,DAY,SINGLE,LIGHT,FINE,2,EMP
RAD,NSR,REVERSING,DRY,DAY,SINGLE,MODERATE,FINE,1,EMP
RBT,OSF,HON,DRY,DAY,SINGLE,LIGHT,FINE,4,EMP
TIN,REAR,N2T,DRY,DAY,SINGLE,MODERATE,FINE,1,CARS TRUCKS
BSP,MIR,SSW,DRY,DAY,SINGLE,MODERATE,FINE,5,CARS TRUCKS
RAD,FRNT,TBO,WET,DAY,MULTI,LIGHT,FINE,1,EMP
BSP,NSR,BTMO,DRY,DAY,SINGLE,LIGHT,FINE,4,EMP
RAD,MIR,SSW,WET,DAY,BUS,MODERATE,RAIN,4,EMP
BSP,TOPF,ROO,DRY,NIGHT,SINGLE,MODERATE,FINE,4,CARS TRUCKS
XRD,NSR,SSW,DRY,DAY,MULTI,LIGHT,FINE,4,EMP
RAD,FRNT,N2T,WET,DAY,FREE,EXTREME,RAIN,4,EMP
RAD,OSM,TBO,DRY,NIGHT,MULTI,LIGHT,FINE,1,CARS TRUCKS
XRD,FRNT,SSW,DRY,DAY,SINGLE,MODERATE,FINE,1,ROA
DEPOT,REAR,N2T,DRY,DAY,SINGLE,LIGHT,FINE,4,BUS - OTHER
BSP,NSR,N2T,DRY,DAY,SINGLE,HEAVY,FINE,4,EMP
RAD,OSF,SSW,DRY,DAY,BUS,MODERATE,FINE,2,CARS TRUCKS
XRD,OSM,SSW,WET,DAY,SINGLE,LIGHT,RAIN,1,EMP
RAD,OSM,SSW,DRY,DUSK,SINGLE,MODERATE,FINE,0,GEN
RAD,OSM,SSW,DRY,DAY,SINGLE,EXTREME,FINE,4,EMP
RAD,NSR,BTMO,DRY,DAY,SINGLE,LIGHT,FINE,0,EMP
BSP,NSF,SSW,WET,DAY,SINGLE,NO,RAIN,0,EMP
RAD,WIN,SSW,DRY,NIGHT,MULTI,LIGHT,FINE,1,EMP
RAD,NSR,REVERSING,DRY,DAY,SINGLE,LIGHT,FOG,4,EMP
RAD,OSR,SSW,WET,DUSK,MULTI,HEAVY,RAIN,4,EMP
RAD,NSR,HON,DRY,DAY,SINGLE,MODERATE,FINE,4,EMP
RAD,FRNT,HON,DRY,DAY,MULTI,MODERATE,FINE,5,CARS TRUCKS
RAD,REAR,N2T,DRY,NIGHT,SINGLE,LIGHT,FINE,4,EMP
DEPOT,WSRE,HON,DRY,DAY,SINGLE,LIGHT,FINE,4,CARS TRUCKS
BSP,NSR,SSW,DRY,DAY,SINGLE,LIGHT,FINE,4,CARS TRUCKS
BSP,REAR,SSW,DRY,DAY,SINGLE,MODERATE,FINE,5,ROA
RBT,FRNT,BTMO,DRY,DAY,SINGLE,NO,FINE,4,EMP
RBT,OSM,BTMO,DRY,DAY,SINGLE,MODERATE,FINE,4,EMP
RAD,Rear R/H/S corn,SSW,DRY,DAY,SINGLE,LIGHT,FINE,1,EMP
RBT,FRNT,HON,DRY,DAY,SINGLE,MODERATE,FINE,4,BUS - OTHER
RAD,REAR,N2T,DRY,DAY,SINGLE,LIGHT,FINE,5,CARS TRUCKS
RAD,OSR,SSW,DRY,DAY,BUS,LIGHT,SUN,1,EMP
RBT,OSR,SSW,DRY,DUSK,SINGLE,NO,FINE,4,EMP
RAD,REAR,SSW,DRY,DUSK,SINGLE,LIGHT,FINE,4,EMP
RAD,FRNT,HON,DRY,DAY,MULTI,LIGHT,FINE,0,GEN
RAD,NSR,SSW,SLIP,DAY,MULTI,MODERATE,FINE,1,CARS TRUCKS
RAD,OSM,TAI,DRY,DAY,MULTI,EXTREME,FINE,4,EMP
RAD,WSRE,N2T,DRY,DAY,SINGLE,LIGHT,FINE,4,EMP
BSP,REAR,N2T,DRY,DAY,BUS,NO,FINE,1,BUS - OTHER
BSP,FRNT,HON,DRY,DAY,BUS,NO,FINE,4,EMP
RAD,R/H/S mirror br,SSW,DRY,DAY,SINGLE,LIGHT,FINE,1,EMP
BSP,MIR,SSW,WET,DUSK,BUS,LIGHT,RAIN,4,CARS TRUCKS
RAD,OSR,SSW,DRY,DAY,MULTI,LIGHT,FINE,1,CARS TRUCKS
RBT,REAR,N2T,WET,NIGHT,SINGLE,LIGHT,RAIN,1,EMP
BSP,OSR,SSW,DRY,DAY,SINGLE,NO,FINE,1,EMP
BSP,OSR,SSW,DRY,DAY,SINGLE,MODERATE,FINE,4,EMP
RAD,OSR,SSW,WET,DAY,MULTI,LIGHT,RAIN,1,CARS TRUCKS
XRD,OSR,SSW,DRY,DAY,MULTI,MODERATE,FINE,4,EMP
RAD,NSR,SSW,WET,DAY,MULTI,MODERATE,RAIN,0,GEN
RAD,FRNT,SSW,DRY,DAY,BUS,LIGHT,FINE,1,EMP
BSP,OSF,SSW,DRY,DAY,BUS,NO,FINE,4,EMP
RAD,NSM,SSW,DRY,DAY,SINGLE,LIGHT,FINE,3,EMP
TIN,OSR,TAI,DRY,DAY,SINGLE,LIGHT,FINE,3,EMP
BSP,TOPM,ROO,DRY,DAY,BUS,LIGHT,FINE,0,BUS - OTHER
BSP,NSR,N2T,DRY,DAY,SINGLE,LIGHT,FINE,1,GEN
XRD,NSM,SSW,DRY,DAY,SINGLE,MODERATE,FINE,4,BUS - OTHER
DEPOT,OSM,SSW,DRY,DAY,SINGLE,LIGHT,FINE,6,EMP
RAD,REAR,TAI,DRY,NIGHT,BUS,NO,FINE,4,EMP
RAD,MIR,SSW,WET,DAY,SINGLE,MODERATE,RAIN,1,EMP
BSP,OSR,N2T,DRY,NIGHT,SINGLE,LIGHT,FINE,1,CARS TRUCKS
BSP,NSF,SSW,DRY,NIGHT,SINGLE,LIGHT,FINE,0,GEN
BSP,OSR,SSW,DRY,NIGHT,MULTI,LIGHT,FINE,1,GEN
RAD,FRNT,HON,DRY,DAY,FREE,HEAVY,FINE,4,EMP
RAD,NSR,SSW,SLIP,DAWN,SINGLE,LIGHT,FINE,0,OTH
RAD,NSR,SSW,DRY,DAY,SINGLE,HEAVY,SUN,4,EMP
RAD,OSF,SSW,DRY,DAY,SINGLE,LIGHT,FINE,4,CARS TRUCKS
XRD,OSM,SSW,DRY,DUSK,MULTI,HEAVY,FINE,4,EMP
RAD,OSR,SSW,DRY,DAY,MULTI,NO,FINE,1,EMP
XRD,FRNT,HON,SLIP,DAY,MULTI,LIGHT,RAIN,4,EMP
RAD,NSR,SSW,WET,DAY,SINGLE,HEAVY,RAIN,4,BUS - OTHER
BSP,OSR,SSW,DRY,DAY,SINGLE,NO,FINE,4,SURFING
XRD,NSR,SSW,DRY,DAY,MULTI,LIGHT,FINE,0,EMP
BSP,NSF,SSW,DRY,DAY,MULTI,LIGHT,FINE,5,CARS TRUCKS
RAD,Paint damage ne,SSW,DRY,DAY,SINGLE,LIGHT,FINE,1,EMP
TIN,NSR,SSW,DRY,DAY,MULTI,HEAVY,FINE,1,EMP
RAD,NSR,SSW,WET,DUSK,SINGLE,HEAVY,FINE,5,CARS TRUCKS
BSP,OSR,SSW,SLIP,DAY,BUS,MODERATE,RAIN,4,EMP
RAD,NSF,SSW,DRY,DUSK,BUS,LIGHT,FINE,4,EMP
DEPOT,NSM,HON,DRY,DAY,SINGLE,NO,FINE,4,EMP
BSP,OSR,BTMO,DRY,DAY,MULTI,LIGHT,FINE,1,CARS TRUCKS
RAD,OSR,SSW,DRY,DAY,MULTI,LIGHT,FINE,4,CARS TRUCKS
RAD,OSR,SSW,DRY,DAY,SINGLE,NO,FINE,5,CARS TRUCKS
XRD,NSF,N2T,WET,DAY,MULTI,MODERATE,RAIN,4,BUS BRAKING
RAD,OSM,TBO,DRY,DAY,SINGLE,NO,FINE,1,CARS TRUCKS
RAD,OSM,TAI,SLIP,DAY,SINGLE,LIGHT,RAIN,4,EMP
RAD,OSM,TAI,DRY,DAY,SINGLE,MODERATE,FINE,4,EMP
DEPOT,OSM,SSW,DRY,DAY,SINGLE,LIGHT,FINE,1,BUS - OTHER
RAD,NSF,N2T,DRY,DAY,SINGLE,MODERATE,FINE,4,EMP
RAD,FRNT,N2T,DRY,DAY,MULTI,MODERATE,FINE,1,CARS TRUCKS
RAD,NSF,SSW,WET,DAY,SINGLE,NO,FINE,4,EMP
RAD,NSM,SSW,DRY,DUSK,MULTI,LIGHT,FINE,4,EMP
RAD,OSM,SSW,WET,DAWN,SINGLE,NO,FINE,4,EMP
RAD,NSM,TAI,DRY,DAY,SINGLE,LIGHT,FINE,1,CARS TRUCKS
RAD,MIR,HON,SLIP,NIGHT,SINGLE,LIGHT,RAIN,0,ENV
XRD,NSF,SSW,DRY,DUSK,MULTI,LIGHT,FINE,1,EMP
RAD,FRNT,HON,WET,DAWN,MULTI,LIGHT,RAIN,4,EMP
RAD,NSM,SSW,DRY,DAY,SINGLE,LIGHT,FINE,4,BUS - OTHER
RAD,L/H/S front whe,SSW,DRY,DAY,SINGLE,LIGHT,FINE,1,EMP
TIN,NSR,TAI,DRY,NIGHT,MULTI,MODERATE,FINE,4,OTH
RBT,NSF,SSW,DRY,DUSK,SINGLE,HEAVY,FINE,4,EMP
RAD,OSM,SSW,DRY,DAY,SINGLE,NO,FINE,4,OTH
BSP,NSR,BTMO,DRY,DAY,SINGLE,LIGHT,FINE,4,CARS TRUCKS
BSP,MIR,HON,DRY,DAY,SINGLE,HEAVY,FINE,4,CARS TRUCKS
RAD,MIR,SSW,DRY,DAY,SINGLE,HEAVY,FINE,1,EMP
RBT,FRNT,TBO,WET,DUSK,SINGLE,MODERATE,RAIN,4,CARS TRUCKS
RAD,NSF,REVERSING,DRY,DAY,SINGLE,LIGHT,FINE,1,EMP
DEPOT,OSR,REVERSING,DRY,DAY,SINGLE,LIGHT,FINE,4,BUS - OTHER
XRD,NSR,N2T,DRY,DAY,MULTI,HEAVY,FINE,1,CARS TRUCKS
TIN,FRNT,HON,DRY,DAY,MULTI,HEAVY,FINE,4,EMP
RAD,TOPR,SSW,WET,NIGHT,SINGLE,LIGHT,RAIN,4,EMP
TIN,OSR,REVERSING,DRY,NIGHT,SINGLE,LIGHT,FINE,4,EMP
XRD,FRNT,N2T,DRY,DAY,MULTI,MODERATE,FINE,4,CARS TRUCKS
RAD,NSM,TBO,DRY,DAY,SINGLE,HEAVY,FINE,1,EMP
XRD,OSR,SSW,DRY,DAY,SINGLE,HEAVY,FINE,5,ROA
BSP,OSF,HON,DRY,DUSK,BUS,EXTREME,FINE,4,EMP
RAD,L/H/S rear - sm,SSW,DRY,DAY,SINGLE,LIGHT,FINE,4,EMP
RAD,NSF,SSW,DRY,DAY,SINGLE,LIGHT,FINE,6,OTH
DEPOT,OSF,TAI,DRY,DAY,BUS,NO,FINE,2,CARS TRUCKS
BSP,OSR,TAI,WET,DAY,SINGLE,NO,RAIN,4,CARS TRUCKS
BSP,NSF,SSW,DRY,DAY,BUS,LIGHT,FINE,4,EMP
RAD,OSR,SSW,DRY,DAY,MULTI,LIGHT,FINE,1,GEN
XRD,OSR,SSW,WET,STREET,MULTI,MODERATE,RAIN,4,EMP
RAD,NSR,N2T,DRY,DAY,SINGLE,HEAVY,FINE,4,EMP
TIN,OSF,SSW,WET,DAY,SINGLE,MODERATE,RAIN,4,EMP
BSP,NSR,SSW,DRY,DAY,SINGLE,NO,FINE,1,CARS TRUCKS
RAD,REAR,SSW,WET,NIGHT,SINGLE,LIGHT,FINE,4,EMP
RAD,REAR,N2T,DRY,DAY,MULTI,LIGHT,FINE,4,CARS TRUCKS
RAD,WSRE,SSW,DRY,DAY,MULTI,LIGHT,FINE,1,EMP
BSP,NSR,SSW,WET,DAWN,SINGLE,LIGHT,RAIN,4,EMP
RAD,TOPM,SSW,DRY,DAY,MULTI,MODERATE,FINE,4,EMP
RBT,FRNT,SSW,DRY,DAY,SINGLE,LIGHT,FINE,4,EMP
TIN,MIR,SSW,DRY,DAY,SINGLE,LIGHT,FINE,4,BUS - OTHER
RAD,FRNT,HON,DRY,DAWN,MULTI,LIGHT,FINE,0,OTH
TIN,OSF,SSW,DRY,DAY,SINGLE,MODERATE,FINE,4,EMP
BSP,TOPF,SSW,DRY,NIGHT,SINGLE,LIGHT,FINE,4,EMP
BSP,OSR,N2T,DRY,DAY,SINGLE,MODERATE,FINE,1,EMP
RAD,NSF,N2T,SLIP,DAY,MULTI,HEAVY,FINE,4,EMP
TIN,NSR,SSW,DRY,NIGHT,MULTI,HEAVY,FINE,4,CARS TRUCKS
RBT,NSR,SSW,WET,DAY,SINGLE,HEAVY,RAIN,4,EMP
BSP,REAR,N2T,WET,NIGHT,MULTI,HEAVY,RAIN,1,GEN
BSP,OSF,SSW,DRY,DAY,MULTI,MODERATE,FINE,5,GEN
RAD,OSM,SSW,DRY,DAY,SINGLE,MODERATE,FINE,1,GEN
TIN,NSM,SSW,DRY,DAY,MULTI,MODERATE,FINE,1,EMP
RAD,NSF,HON,DRY,NIGHT,SINGLE,LIGHT,FINE,0,OTH
XRD,NSF,HON,DRY,STREET,MULTI,NO,FINE,1,CARS TRUCKS
BSP,NSR,SSW,WET,DAWN,SINGLE,NO,FINE,4,EMP
RAD,OSM,SSW,DRY,DAY,MULTI,LIGHT,FINE,1,CARS TRUCKS
DEPOT,TOPR,SSW,DRY,DAY,SINGLE,NO,FINE,2,EMP
RBT,OSR,SSW,SLIP,DAWN,MULTI,HEAVY,RAIN,4,EMP
RAD,WSRE,SSW,WET,NIGHT,MULTI,LIGHT,RAIN,1,EMP
RAD,NSR,SSW,DRY,DAY,MULTI,NO,FINE,1,EMP
XRD,WSRE,SSW,DRY,DAWN,MULTI,LIGHT,FINE,4,EMP
BSP,FRNT,SSW,DRY,DAY,BUS,LIGHT,FINE,1,BUS - OTHER
DEPOT,REAR,N2T,DRY,DUSK,SINGLE,NO,SUN,1,EMP
BSP,MIR,SSW,DRY,DAY,BUS,MODERATE,FINE,5,CARS TRUCKS
RBT,OSM,SSW,DRY,STREET,SINGLE,LIGHT,FINE,1,CARS TRUCKS
RAD,NSR,SSW,WET,NIGHT,MULTI,EXTREME,RAIN,4,EMP
RAD,NSF,TBO,WET,DUSK,BUS,NO,RAIN,1,EMP
RAD,NSM,SSW,DRY,DAY,MULTI,HEAVY,FINE,1,EMP
BSP,OSR,SSW,WET,DAY,MULTI,LIGHT,RAIN,1,EMP
DEPOT,OSR,REVERSING,DRY,DAY,SINGLE,LIGHT,FINE,1,BUS - OTHER
XRD,NSM,SSW,DRY,DAY,SINGLE,LIGHT,FINE,1,ROA
RAD,NSR,SSW,DRY,DUSK,MULTI,HEAVY,FINE,4,OTH
RAD,NSF,SSW,DRY,NIGHT,SINGLE,LIGHT,FINE,4,EMP
RAD,Front L/H/S bum,SSW,DRY,DAY,SINGLE,LIGHT,FINE,4,EMP
RAD,NSR,SSW,WET,DUSK,MULTI,MODERATE,RAIN,4,EMP
RAD,NSR,SSW,DRY,NIGHT,MULTI,MODERATE,FINE,4,EMP
BSP,OSF,SSW,DRY,DAY,MULTI,NO,FINE,4,EMP
RBT,MIR,N2T,DRY,DAY,SINGLE,LIGHT,FINE,4,EMP
BSP,TOPF,SSW,WET,DAY,BUS,LIGHT,RAIN,4,CARS TRUCKS
DEPOT,REAR,N2T,DRY,DAY,BUS,NO,FINE,1,CARS TRUCKS
RAD,MIR,SSW,DRY,STREET,SINGLE,LIGHT,FINE,4,EMP
BSP,NSF,SSW,DRY,DAY,SINGLE,LIGHT,FINE,4,CARS TRUCKS
XRD,NSF,SSW,DRY,DAY,SINGLE,HEAVY,FINE,4,CARS TRUCKS
XRD,FRNT,TBO,DRY,DAY,SINGLE,NO,FINE,1,BUS - OTHER
XRD,NSM,SSW,DRY,DAY,MULTI,MODERATE,FINE,1,CARS TRUCKS
RAD,NSR,HON,DRY,DAY,MULTI,LIGHT,FINE,4,EMP
TIN,OSR,SSW,DRY,DAY,MULTI,MODERATE,FINE,1,EMP
RAD,MIR,HON,DRY,NIGHT,SINGLE,NO,FINE,4,EMP
RAD,NSF,ROO,DRY,NIGHT,MULTI,MODERATE,FINE,4,BUS - OTHER
RAD,OSR,SSW,WET,NIGHT,MULTI,LIGHT,RAIN,4,BUS - OTHER
RAD,NSF,SSW,DRY,NIGHT,MULTI,MODERATE,FINE,1,EMP
BSP,OSR,SSW,SLIP,DAY,SINGLE,HEAVY,RAIN,4,EMP
RAD,NSR,SSW,DRY,DAY,MULTI,EXTREME,FINE,4,EMP
RAD,FRNT,N2T,DRY,DAY,BUS,MODERATE,FINE,4,EMP
BSP,NSR,TAI,DRY,DUSK,SINGLE,NO,FINE,4,EMP
XRD,NSF,SSW,DRY,NIGHT,SINGLE,LIGHT,FINE,4,EMP
RAD,REAR,N2T,DRY,DAY,FREE,HEAVY,FINE,1,EMP
RAD,OSF,SSW,DRY,DAY,SINGLE,NO,FINE,3,EMP
BSP,REAR,N2T,DRY,DAWN,BUS,MODERATE,FINE,1,CARS TRUCKS
RAD,NSM,SSW,WET,DAY,SINGLE,LIGHT,FINE,3,EMP
TIN,NSF,SSW,WET,DAY,SINGLE,LIGHT,RAIN,1,EMP
RAD,NSM,SSW,DRY,DAY,BUS,LIGHT,FINE,0,OTH
XRD,OSM,SSW,DRY,DAY,MULTI,HEAVY,FINE,4,CARS TRUCKS
RAD,MIR,SSW,DRY,DAY,MULTI,HEAVY,FINE,1,GEN
RAD,OSR,SSW,DRY,DAY,SINGLE,HEAVY,FINE,1,EMP
RAD,NSR,SSW,DRY,DAWN,SINGLE,MODERATE,FINE,1,EMP
DEPOT,REAR,SSW,DRY,DAY,SINGLE,LIGHT,FINE,1,BUS - OTHER
XRD,OSR,N2T,DRY,DAY,MULTI,HEAVY,FINE,4,EMP
BSP,OSR,TAI,DRY,NIGHT,SINGLE,NO,FINE,4,EMP
BSP,NSF,ROO,DRY,DAY,MULTI,MODERATE,FINE,4,CARS TRUCKS
RAD,NSR,HON,DRY,DAY,MULTI,LIGHT,FINE,4,BUS BRAKING
RAD,OSF,SSW,WET,DAY,BUS,LIGHT,RAIN,1,CARS TRUCKS
RAD,OSF,SSW,DRY,DUSK,SINGLE,LIGHT,FINE,4,BUS - OTHER
BSP,OSR,SSW,DRY,DAY,BUS,MODERATE,FINE,2,BUS - OTHER
RAD,OSM,SSW,DRY,DAY,SINGLE,NO,FINE,4,BUS - OTHER
BSP,OSF,SSW,DRY,DAY,MULTI,HEAVY,FINE,1,EMP
DEPOT,NSF,SSW,DRY,DAY,SINGLE,LIGHT,FINE,6,OTH
BSP,MIR,SSW,DRY,DUSK,SINGLE,LIGHT,FINE,4,CARS TRUCKS
BSP,NSM,SSW,DRY,NIGHT,BUS,NO,FINE,1,EMP
BSP,OSF,SSW,DRY,DAY,SINGLE,MODERATE,FINE,2,CARS TRUCKS
BSP,REAR,N2T,DRY,DAY,MULTI,LIGHT,FINE,1,CARS TRUCKS
BSP,TOPF,HON,DRY,DAY,MULTI,HEAVY,FINE,4,CARS TRUCKS
XRD,OSM,TBO,DRY,DAY,SINGLE,LIGHT,FINE,1,CARS TRUCKS
XRD,FRNT,N2T,DRY,DAY,SINGLE,LIGHT,FINE,1,EMP
RBT,OSM,SSW,DRY,NIGHT,SINGLE,NO,FINE,4,EMP