location_code,damage_code,collision_code,road_code,light_code,road_type_code,traffic_code,weather_code,emp_liability_code,kpi_cause_code
RAD,OSF,HON,DRY,DAY,MULTI,LIGHT,FINE,1,ROA
TIN,NSR,SSW,WET,DAY,SINGLE,HEAVY,FOG,4,EMP
RAD,WSRE,SSW,DRY,DAY,SINGLE,MODERATE,FINE,0,ENV
BSP,OSF,HON,WET,DAWN,MULTI,LIGHT,RAIN,3,EMP
BSP,OSR,N2T,DRY,DAY,BUS,LIGHT,FINE,5,EMP
TIN,NSM,BTMO,DRY,DAY,SINGLE,MODERATE,FINE,4,EMP
BSP,MIR,SSW,WET,NIGHT,SINGLE,NO,RAIN,4,EMP
RAD,REAR,TAI,DRY,DAY,SINGLE,HEAVY,FINE,4,EMP
RAD,NSR,SSW,DRY,NIGHT,FREE,NO,FINE,0,OTH
RAD,NSR,SSW,DRY,DAY,MULTI,LIGHT,FINE,0,NONPOW
BSP,MIR,HON,WET,DAY,MULTI,MODERATE,SUN,4,EMP
DEPOT,NSR,REVERSING,DRY,DAY,SINGLE,LIGHT,FINE,2,EMP
RAD,NSM,TBO,DRY,DAY,MULTI,LIGHT,SUN,1,EMP
XRD,REAR,REVERSING,DRY,DAY,SINGLE,NO,FINE,4,EMP
RAD,FRNT,HON,DRY,DAWN,SINGLE,MODERATE,FINE,0,EMP
BSP,NSR,SSW,DRY,DAY,SINGLE,MODERATE,FINE,1,CARS TRUCKS
RAD,REAR,REVERSING,DRY,DAY,SINGLE,MODERATE,FINE,4,CARS TRUCKS
RAD,REAR,SSW,DRY,DAY,SINGLE,LIGHT,FINE,0,CARS TRUCKS
RAD,NSR,SSW,DRY,DAY,SINGLE,MODERATE,FINE,0,EMP
TIN,OSR,SSW,DRY,DAY,MULTI,HEAVY,FINE,4,EMP
XRD,OSR,SSW,DRY,DAY,MULTI,HEAVY,FINE,4,CARS TRUCKS
RAD,NSF,SSW,DRY,DAY,MULTI,NO,FINE,1,EMP
BSP,NSM,SSW,DRY,DAY,SINGLE,MODERATE,FINE,1,EMP
RAD,FRNT,HON,DRY,DAWN,FREE,LIGHT,FINE,0,ENV
RAD,NSF,SSW,DRY,DAY,MULTI,MODERATE,FINE,1,ROA
RAD,MIR,SSW,DRY,DAY,MULTI,MODERATE,FINE,0,EMP
RAD,NSR,SSW,DRY,DAY,SINGLE,LIGHT,FINE,0,EMP
RBT,NSF,HON,WET,DUSK,SINGLE,MODERATE,RAIN,4,EMP
RBT,NSR,SSW,SLIP,DAY,SINGLE,MODERATE,RAIN,4,EMP
TIN,NSF,SSW,DRY,DAY,BUS,HEAVY,FINE,1,EMP
RBT,REAR,SSW,WET,DAY,SINGLE,NO,FINE,5,EMP
RAD,FRNT,TBO,DRY,DAY,MULTI,MODERATE,FINE,1,CARS TRUCKS
TIN,FRNT,SSW,DRY,DAY,MULTI,LIGHT,FINE,5,ROA
RAD,NSR,SSW,WET,DAY,MULTI,HEAVY,RAIN,1,CARS TRUCKS
XRD,OSF,TBO,DRY,DAY,SINGLE,LIGHT,FINE,1,EMP
RAD,NSR,SSW,DRY,DAY,MULTI,MODERATE,FINE,4,BUS - OTHER
DEPOT,NSF,SSW,DRY,NIGHT,SINGLE,NO,FINE,0,ENV
RAD,NSR,SSW,DRY,NIGHT,MULTI,HEAVY,FINE,4,EMP
RAD,OSR,SSW,DRY,NIGHT,MULTI,LIGHT,FINE,1,EMP
DEPOT,NSR,TAI,DRY,DAY,SINGLE,NO,FINE,4,EMP
RAD,NSR,N2T,DRY,DAY,SINGLE,MODERATE,FINE,4,EMP
RAD,NSR,TAI,DRY,DAY,SINGLE,HEAVY,FINE,4,CARS TRUCKS
BSP,NSR,SSW,DRY,NIGHT,SINGLE,LIGHT,FINE,4,EMP
RAD,OSF,SSW,DRY,DAY,MULTI,HEAVY,FINE,1,EMP
BSP,FRNT,ROO,DRY,DAY,SINGLE,LIGHT,FINE,4,EMP
RAD,NSR,SSW,DRY,DAY,MULTI,LIGHT,FINE,0,GEN
BSP,OSR,SSW,DRY,DUSK,SINGLE,LIGHT,FINE,1,EMP
BSP,NSR,SSW,DRY,DAY,BUS,LIGHT,FINE,0,BUS - OTHER
XRD,NSM,SSW,SLIP,DAY,MULTI,HEAVY,FINE,4,BUS - OTHER
RAD,Rear o/s & engi,SSW,DRY,DAY,SINGLE,LIGHT,FINE,1,EMP
RAD,NSM,SSW,DRY,DAY,SINGLE,LIGHT,FINE,0,EMP
RAD,NSM,SSW,DRY,STREET,MULTI,NO,FINE,0,GEN
BSP,NSR,TAI,WET,DAY,SINGLE,NO,FINE,4,EMP
RAD,OSR,SSW,DRY,DAY,MULTI,LIGHT,SUN,1,EMP
RAD,WSRE,SSW,DRY,DAY,BUS,NO,FINE,1,EMP
XRD,OSF,SSW,WET,NIGHT,MULTI,LIGHT,RAIN,5,ROA
BSP,NSM,TBO,DRY,DUSK,MULTI,HEAVY,FINE,1,ROA
DEPOT,TOPM,SSW,DRY,DAY,SINGLE,LIGHT,FINE,0,EMP
DEPOT,MIR,SSW,SLIP,NIGHT,SINGLE,LIGHT,FINE,4,EMP
RAD,FRNT,SSW,DRY,DAY,SINGLE,MODERATE,FINE,4,EMP
RAD,OSF,SSW,DRY,DAY,SINGLE,LIGHT,FINE,4,BUS - OTHER
BSP,MIR,HON,DRY,DAY,SINGLE,LIGHT,FINE,1,CARS TRUCKS
DEPOT,NSR,TAI,DRY,DAWN,SINGLE,NO,FINE,4,EMP
DEPOT,REAR,BTMO,DRY,DAY,SINGLE,NO,SUN,4,EMP
RBT,REAR,SSW,DRY,DUSK,MULTI,MODERATE,FINE,5,CARS TRUCKS
DEPOT,OSM,SSW,DRY,NIGHT,SINGLE,LIGHT,FINE,4,BUS - OTHER
RAD,NSF,N2T,DRY,DAY,MULTI,MODERATE,FINE,4,EMP
RAD,NSM,BTMO,SLIP,DAY,SINGLE,NO,FOG,4,EMP
RBT,NSR,REVERSING,DRY,NIGHT,SINGLE,NO,FINE,4,EMP
RAD,NSR,SSW,WET,DAY,MULTI,LIGHT,RAIN,1,EMP
RBT,NSR,SSW,DRY,DAY,MULTI,LIGHT,FINE,1,ROA
RAD,OSF,SSW,DRY,DAY,BUS,MODERATE,FINE,1,EMP
DEPOT,REAR,REVERSING,DRY,DAY,SINGLE,LIGHT,FINE,4,CARS TRUCKS
RAD,MIR,SSW,WET,DAY,MULTI,MODERATE,RAIN,4,BUS - OTHER
RAD,Scratch and sli,SSW,DRY,DAY,SINGLE,LIGHT,FINE,4,EMP
BSP,OSF,SSW,DRY,DAY,MULTI,MODERATE,FINE,1,EMP
RAD,OSM,SSW,DRY,DAY,MULTI,MODERATE,FINE,1,CARS TRUCKS
DEPOT,NSR,SSW,DRY,NIGHT,SINGLE,NO,FINE,4,CARS TRUCKS
RAD,FRNT,SSW,DRY,DAY,SINGLE,MODERATE,FINE,0,EMP
RAD,OSM,SSW,DRY,DAY,SINGLE,LIGHT,FINE,3,EMP
TIN,NSR,TAI,WET,DAY,MULTI,HEAVY,RAIN,4,CARS TRUCKS
RAD,NSR,N2T,WET,DAY,MULTI,HEAVY,FINE,5,CARS TRUCKS
RAD,MIR,SSW,DRY,DAWN,MULTI,LIGHT,FINE,5,CARS TRUCKS
BSP,OSM,SSW,DRY,DAY,SINGLE,HEAVY,FINE,4,EMP
RAD,OSF,SSW,DRY,DAY,MULTI,EXTREME,FINE,1,EMP
RAD,MIR,SSW,DRY,DUSK,MULTI,HEAVY,FINE,1,CARS TRUCKS
DEPOT,NSM,SSW,DRY,DAY,SINGLE,LIGHT,FINE,6,OTH
RAD,FRNT,REVERSING,DRY,DAY,SINGLE,NO,FINE,1,CARS TRUCKS
RAD,OSF,SSW,WET,DAY,MULTI,LIGHT,FINE,4,CARS TRUCKS
RAD,NSR,SSW,DRY,DAY,SINGLE,NO,FINE,1,GEN
RAD,OSF,HON,DRY,DAY,SINGLE,MODERATE,FINE,4,EMP
XRD,NSM,SSW,DRY,DAWN,MULTI,HEAVY,FINE,4,EMP
TIN,FRNT,SSW,WET,DAY,MULTI,LIGHT,FINE,4,EMP
BSP,MIR,SSW,DRY,DUSK,SINGLE,MODERATE,FINE,2,EMP
RAD,OSF,SSW,DRY,DAY,SINGLE,LIGHT,FINE,1,BUS - OTHER
RBT,MIR,SSW,WET,DAY,MULTI,MODERATE,RAIN,4,EMP
RBT,MIR,SSW,DRY,DAY,SINGLE,LIGHT,SUN,4,EMP
RAD,NSR,N2T,WET,DAY,MULTI,LIGHT,RAIN,4,EMP
RAD,FRNT,TBO,DRY,DAY,BUS,MODERATE,FINE,1,CARS TRUCKS
BSP,NSR,ROO,DRY,DAY,MULTI,MODERATE,FINE,4,EMP
RAD,OSM,SSW,WET,DAY,MULTI,LIGHT,RAIN,4,CARS TRUCKS
RAD,OSF,HON,DRY,DAY,SINGLE,LIGHT,FINE,6,OTH
RBT,NSF,TAI,DRY,DAY,MULTI,MODERATE,FINE,5,CARS TRUCKS
BSP,NSR,SSW,DRY,DAY,SINGLE,HEAVY,FINE,4,CARS TRUCKS
RAD,FRNT,REVERSING,DRY,NIGHT,SINGLE,HEAVY,FINE,1,EMP
BSP,OSR,SSW,WET,DAWN,SINGLE,NO,RAIN,4,BUS - OTHER
RAD,FRNT,TBO,DRY,DAY,SINGLE,NO,FINE,1,EMP
BSP,MIR,HON,DRY,NIGHT,SINGLE,MODERATE,FINE,4,EMP
RAD,NSF,SSW,WET,DAY,MULTI,LIGHT,RAIN,0,EMP
BSP,OSF,SSW,WET,DAY,SINGLE,NO,RAIN,4,EMP
RAD,MIR,SSW,DRY,DAY,SINGLE,MODERATE,FINE,4,CARS TRUCKS
DEPOT,REAR,REVERSING,DRY,DAWN,SINGLE,NO,FINE,4,BUS - OTHER
BSP,OSR,SSW,WET,DAY,MULTI,HEAVY,RAIN,5,CARS TRUCKS
DEPOT,FRNT,SSW,DRY,DAY,SINGLE,NO,FINE,6,OTH
RBT,OSM,BTMO,WET,NIGHT,SINGLE,HEAVY,RAIN,4,BUS - OTHER
RAD,NSR,SSW,DRY,STREET,SINGLE,LIGHT,FINE,4,EMP
RAD,NSF,SSW,DRY,DAY,SINGLE,LIGHT,FINE,5,ROA
DEPOT,OSR,REVERSING,WET,NIGHT,MULTI,NO,RAIN,4,EMP
TIN,NSM,SSW,WET,DAY,MULTI,MODERATE,RAIN,4,CARS TRUCKS
RAD,MIR,SSW,DRY,DAY,SINGLE,LIGHT,FINE,4,EMP
RAD,OSR,SSW,DRY,DAY,MULTI,NO,FINE,4,BUS - OTHER
BSP,NSF,ROO,DRY,DAY,SINGLE,NO,FINE,4,EMP
DEPOT,NSR,TAI,DRY,NIGHT,MULTI,MODERATE,FINE,4,EMP
RAD,OSM,SSW,DRY,STREET,SINGLE,MODERATE,FINE,1,CARS TRUCKS
RAD,OSF,N2T,DRY,DAY,SINGLE,NO,FINE,5,ROA
RAD,NSR,SSW,DRY,DAY,MULTI,MODERATE,FINE,5,GEN
RAD,FRNT,SSW,WET,DAY,SINGLE,LIGHT,RAIN,4,EMP
RAD,FRNT,TBO,DRY,NIGHT,MULTI,NO,FINE,1,EMP
XRD,NSR,TAI,DRY,DAY,MULTI,MODERATE,FINE,1,EMP
BSP,NSR,SSW,DRY,DAY,MULTI,LIGHT,FINE,1,ROA
RBT,OSM,SSW,DRY,DAY,SINGLE,LIGHT,FINE,5,EMP
RAD,OSM,HON,DRY,DAY,MULTI,LIGHT,FINE,5,CARS TRUCKS
TIN,MIR,SSW,DRY,DAY,MULTI,HEAVY,FINE,1,EMP
BSP,NSR,SSW,WET,DAY,BUS,LIGHT,RAIN,4,EMP
BSP,OSM,TBO,DRY,DAY,SINGLE,NO,FINE,1,CARS TRUCKS
BSP,NSR,SSW,DRY,DAY,SINGLE,HEAVY,SUN,4,EMP
XRD,OSM,SSW,DRY,DAY,MULTI,LIGHT,FINE,1,CARS TRUCKS
TIN,NSM,SSW,WET,DAY,BUS,HEAVY,FINE,4,EMP
RAD,REAR,SSW,DRY,DUSK,MULTI,HEAVY,FINE,1,ROA
RAD,NSR,SSW,DRY,NIGHT,MULTI,NO,FINE,1,CARS TRUCKS
RAD,FRNT,HON,DRY,NIGHT,MULTI,NO,FINE,0,OTH
RAD,OSM,SSW,DRY,DAWN,SINGLE,NO,RAIN,4,EMP
RAD,FRNT,HON,DRY,DAY,SINGLE,NO,FINE,0,GEN
RAD,FRNT,HON,SLIP,DAY,SINGLE,NO,RAIN,0,EMP
RAD,WSRE,SSW,DRY,DAY,MULTI,HEAVY,FINE,1,EMP
RAD,L/H/S rear door,SSW,DRY,DAY,SINGLE,LIGHT,FINE,4,EMP
BSP,NSF,SSW,WET,NIGHT,BUS,NO,RAIN,4,BUS - OTHER
RAD,OSF,N2T,DRY,DAY,SINGLE,LIGHT,FINE,4,EMP
RAD,OSF,SSW,DRY,DAWN,MULTI,LIGHT,FINE,5,CARS TRUCKS
BSP,FRNT,SSW,DRY,DAY,MULTI,HEAVY,FINE,4,EMP
RBT,NSM,SSW,DRY,DAY,SINGLE,LIGHT,FINE,4,CARS TRUCKS
RAD,Scratched R/H/S,SSW,DRY,DAY,SINGLE,LIGHT,FINE,4,EMP
TIN,NSR,TAI,WET,DAY,SINGLE,NO,FOG,4,BUS - OTHER
DEPOT,NSF,REVERSING,WET,DAY,SINGLE,NO,RAIN,4,CARS TRUCKS
RAD,NSF,N2T,SLIP,DAY,BUS,LIGHT,RAIN,4,EMP
XRD,NSM,SSW,DRY,DAY,MULTI,NO,FINE,1,CARS TRUCKS
RAD,OSM,SSW,DRY,DAY,MULTI,HEAVY,FINE,1,ROA
TIN,NSF,HON,SLIP,DAY,SINGLE,LIGHT,RAIN,4,EMP
RAD,NSR,SSW,DRY,DAY,MULTI,LIGHT,FINE,1,GEN
RAD,WSRE,SSW,DRY,NIGHT,SINGLE,NO,FINE,4,EMP
RAD,OSM,SSW,DRY,DAY,SINGLE,LIGHT,FINE,1,ROA
XRD,OSR,TAI,DRY,DAY,MULTI,MODERATE,FINE,4,BUS - OTHER
RAD,NSM,SSW,DRY,DAY,SINGLE,LIGHT,FINE,6,BUS - OTHER
DEPOT,OSM,SSW,DRY,DAY,SINGLE,LIGHT,FINE,2,CARS TRUCKS
RAD,OSR,SSW,DRY,DAY,SINGLE,LIGHT,FINE,0,BUS - OTHER
BSP,OSR,TAI,WET,NIGHT,BUS,LIGHT,RAIN,4,EMP
RAD,FRNT,HON,DRY,DAY,SINGLE,LIGHT,FINE,6,OTH
RAD,Scrape down L/H,SSW,DRY,DAY,SINGLE,LIGHT,FINE,1,EMP
RAD,NSR,SSW,WET,NIGHT,SINGLE,NO,RAIN,5,CARS TRUCKS
RAD,NSF,SSW,DRY,DAY,MULTI,MODERATE,FINE,1,CARS TRUCKS
TIN,OSF,SSW,DRY,DAY,MULTI,HEAVY,FINE,1,EMP
BSP,NSF,SSW,WET,DAWN,SINGLE,LIGHT,FINE,4,EMP
BSP,MIR,HON,DRY,DAWN,BUS,LIGHT,FINE,4,EMP
RBT,NSM,SSW,DRY,DAY,SINGLE,MODERATE,FINE,1,CARS TRUCKS
TIN,OSM,SSW,DRY,STREET,MULTI,LIGHT,FINE,4,EMP
BSP,NSM,TBO,DRY,DAY,SINGLE,LIGHT,FINE,5,CARS TRUCKS
XRD,FRNT,REVERSING,DRY,DAY,SINGLE,MODERATE,FINE,4,EMP
RAD,OSR,SSW,DRY,STREET,SINGLE,LIGHT,FINE,1,EMP
RAD,OSM,SSW,DRY,DAY,SINGLE,LIGHT,FINE,0,OTH
XRD,FRNT,REVERSING,DRY,DUSK,MULTI,LIGHT,FINE,1,BUS - OTHER
RAD,REAR,SSW,DRY,DAY,SINGLE,MODERATE,FINE,4,EMP
BSP,MIR,SSW,DRY,DAY,FREE,MODERATE,FINE,4,EMP
TIN,NSM,SSW,DRY,DAY,BUS,MODERATE,FINE,1,CARS TRUCKS
BSP,OSF,SSW,DRY,DAY,SINGLE,HEAVY,FINE,1,CARS TRUCKS
RAD,NSF,HON,DRY,NIGHT,SINGLE,NO,FINE,4,EMP
RBT,NSR,BTMO,DRY,DAY,SINGLE,LIGHT,FINE,0,ENV
TIN,NSF,HON,DRY,DAY,MULTI,HEAVY,FINE,1,EMP
RBT,MIR,SSW,DRY,DUSK,SINGLE,LIGHT,FINE,3,EMP
DEPOT,FRNT,TBO,DRY,DAY,MULTI,LIGHT,FINE,1,CARS TRUCKS
RAD,NSF,SSW,DRY,DAY,SINGLE,NO,FINE,5,CARS TRUCKS
XRD,FRNT,HON,DRY,DAY,SINGLE,NO,FINE,4,EMP
XRD,NSR,TAI,WET,DAY,SINGLE,HEAVY,RAIN,4,CARS TRUCKS
XRD,MIR,SSW,DRY,NIGHT,MULTI,HEAVY,FINE,4,EMP
DEPOT,OSF,SSW,DRY,DUSK,SINGLE,NO,FINE,4,EMP
TIN,NSM,TBO,DRY,NIGHT,MULTI,LIGHT,FINE,4,EMP
RAD,OSF,SSW,DRY,DAY,MULTI,NO,FINE,1,EMP
RAD,OSR,REVERSING,WET,DAY,SINGLE,NO,FINE,4,EMP
XRD,NSR,SSW,DRY,DAWN,MULTI,NO,FINE,1,EMP
BSP,NSF,REVERSING,DRY,DAY,BUS,LIGHT,FINE,1,CARS TRUCKS
RAD,TOPF,HON,DRY,DAY,SINGLE,NO,FINE,4,CARS TRUCKS
RAD,REAR,REVERSING,WET,DAY,SINGLE,MODERATE,RAIN,4,EMP
XRD,NSF,HON,DRY,DAY,SINGLE,HEAVY,FINE,1,GEN
RAD,REAR,SSW,DRY,DAY,SINGLE,LIGHT,FINE,1,EMP
RAD,REAR,SSW,DRY,DAY,MULTI,LIGHT,FINE,4,EMP
BSP,OSR,SSW,WET,DAY,SINGLE,NO,RAIN,2,EMP
BSP,FRNT,HON,DRY,NIGHT,SINGLE,NO,FINE,4,EMP
RAD,NSR,SSW,DRY,DAY,SINGLE,LIGHT,FINE,6,EMP
RAD,MIR,SSW,WET,NIGHT,SINGLE,LIGHT,FINE,5,CARS TRUCKS
RAD,NSR,SSW,DRY,DAY,MULTI,EXTREME,FINE,4,BUS - OTHER
BSP,NSR,TAI,DRY,DAY,SINGLE,HEAVY,FINE,4,EMP
RBT,NSR,HON,DRY,DAY,SINGLE,HEAVY,FINE,4,CARS TRUCKS
DEPOT,OSR,TAI,DRY,DAWN,SINGLE,NO,FINE,4,CARS TRUCKS
BSP,NSF,SSW,DRY,DAY,SINGLE,MODERATE,FINE,1,EMP
BSP,NSR,TAI,WET,DAY,SINGLE,MODERATE,FOG,4,EMP
RAD,FRNT,HON,DRY,DAWN,SINGLE,LIGHT,FINE,0,EMP
TIN,REAR,SSW,DRY,DAY,SINGLE,LIGHT,FINE,4,EMP
RAD,NSM,SSW,WET,DAY,SINGLE,NO,RAIN,5,OTH
RAD,NSM,SSW,DRY,DAY,SINGLE,NO,FINE,4,CARS TRUCKS
BSP,NSM,SSW,DRY,DAY,SINGLE,HEAVY,FINE,4,BUS - OTHER
DEPOT,NSR,REVERSING,DRY,DAY,SINGLE,LIGHT,SUN,4,EMP
RAD,OSM,SSW,DRY,NIGHT,MULTI,LIGHT,FINE,5,CARS TRUCKS
RAD,OSR,SSW,WET,DAWN,SINGLE,LIGHT,RAIN,4,BUS - OTHER
RAD,REAR,REVERSING,DRY,DAY,MULTI,NO,FINE,4,EMP
BSP,TOPF,HON,DRY,DAY,BUS,HEAVY,FINE,4,EMP
DEPOT,WSRE,SSW,DRY,DAY,SINGLE,NO,SUN,0,EMP
RBT,NSR,SSW,DRY,NIGHT,SINGLE,MODERATE,FINE,4,BUS - OTHER
RAD,OSF,TBO,DRY,DAY,SINGLE,LIGHT,FINE,1,EMP
RAD,NSR,SSW,DRY,NIGHT,MULTI,HEAVY,FINE,4,BUS - OTHER
BSP,FRNT,HON,DRY,DAWN,BUS,NO,FOG,4,EMP
DEPOT,OSR,REVERSING,DRY,DAY,MULTI,NO,FINE,4,EMP
RAD,NSF,SSW,DRY,DAY,MULTI,LIGHT,FINE,5,ROA
RAD,REAR,TBO,DRY,DAY,MULTI,LIGHT,FINE,1,CARS TRUCKS
BSP,REAR,REVERSING,DRY,DAY,SINGLE,LIGHT,FINE,3,EMP
RAD,Broken R/H/S mi,SSW,DRY,DAY,SINGLE,LIGHT,FINE,1,EMP
RAD,MIR,SSW,WET,DAY,MULTI,LIGHT,FINE,4,EMP
BSP,OSR,SSW,DRY,DAY,MULTI,MODERATE,FINE,5,CARS TRUCKS
XRD,OSF,TBO,DRY,DAY,MULTI,MODERATE,FINE,1,ROA
RAD,FRNT,N2T,WET,NIGHT,SINGLE,LIGHT,RAIN,4,EMP
BSP,MIR,HON,DRY,DUSK,MULTI,LIGHT,FINE,4,EMP
RAD,OSF,SSW,DRY,DAY,MULTI,LIGHT,FINE,1,ROA
RAD,OSF,SSW,WET,DAY,MULTI,LIGHT,RAIN,1,EMP
RAD,NSR,SSW,DRY,DAY,SINGLE,LIGHT,FINE,1,OTH
XRD,MIR,SSW,WET,NIGHT,MULTI,MODERATE,RAIN,5,OTH
XRD,FRNT,N2T,WET,DAY,SINGLE,LIGHT,RAIN,4,EMP
BSP,NSR,TAI,DRY,DAY,BUS,LIGHT,FINE,4,BUS - OTHER
RAD,OSR,SSW,DRY,DAY,MULTI,LIGHT,FINE,5,EMP
RAD,OSR,TAI,DRY,DAY,SINGLE,NO,FINE,4,BUS - OTHER
RAD,OSF,TBO,DRY,DAY,MULTI,LIGHT,FINE,1,EMP
TIN,OSF,HON,WET,DAY,MULTI,MODERATE,RAIN,1,CARS TRUCKS
XRD,FRNT,SSW,DRY,DAWN,SINGLE,LIGHT,FINE,4,EMP
RBT,NSF,HON,DRY,DAY,SINGLE,NO,FINE,4,EMP
BSP,NSR,SSW,WET,NIGHT,BUS,NO,RAIN,4,EMP
RAD,NSR,ROO,DRY,DAY,SINGLE,LIGHT,FINE,4,CARS TRUCKS
RAD,MIR,SSW,WET,DAY,BUS,HEAVY,SUN,4,EMP
RBT,MIR,SSW,DRY,DAY,SINGLE,MODERATE,FINE,4,EMP
BSP,OSM,REVERSING,WET,DUSK,SINGLE,LIGHT,FINE,1,CARS TRUCKS
XRD,NSR,SSW,DRY,NIGHT,SINGLE,LIGHT,FINE,1,EMP
BSP,REAR,N2T,DRY,DAY,MULTI,LIGHT,FINE,1,ROA
DEPOT,REAR,REVERSING,WET,NIGHT,BUS,NO,RAIN,4,CARS TRUCKS
RAD,NSR,SSW,DRY,NIGHT,SINGLE,NO,FINE,5,EMP
RAD,NSF,SSW,WET,NIGHT,SINGLE,LIGHT,FOG,0,BUS - OTHER
RAD,FRNT,N2T,SLIP,NIGHT,SINGLE,EXTREME,RAIN,4,EMP
RAD,NSR,SSW,DRY,DAY,MULTI,NO,FINE,1,CARS TRUCKS
BSP,OSR,TBO,DRY,DAY,MULTI,MODERATE,FINE,1,CARS TRUCKS
RAD,NSF,SSW,WET,NIGHT,MULTI,LIGHT,RAIN,0,ENV
DEPOT,OSR,BTMO,DRY,DAY,SINGLE,NO,FINE,4,CARS TRUCKS
RAD,NSR,SSW,DRY,DAWN,SINGLE,HEAVY,FINE,4,EMP
BSP,MIR,SSW,DRY,DAY,SINGLE,NO,FINE,1,CARS TRUCKS
DEPOT,FRNT,SSW,DRY,DAY,SINGLE,NO,FINE,2,EMP
RAD,REAR,SSW,DRY,DAY,MULTI,MODERATE,FINE,1,ROA
DEPOT,NSR,SSW,DRY,DAY,SINGLE,LIGHT,FINE,4,BUS - OTHER
BSP,NSF,SSW,WET,DUSK,MULTI,LIGHT,RAIN,4,EMP
RAD,OSR,SSW,WET,NIGHT,MULTI,LIGHT,RAIN,4,EMP
BSP,OSR,SSW,DRY,DAY,SINGLE,NO,SUN,4,EMP
BSP,OSR,SSW,WET,NIGHT,MULTI,LIGHT,RAIN,4,EMP
RAD,OSR,SSW,WET,DAY,MULTI,LIGHT,RAIN,0,OTH
DEPOT,MIR,SSW,DRY,DAWN,SINGLE,NO,FINE,2,EMP
RAD,OSM,SSW,WET,DAY,MULTI,LIGHT,FOG,4,EMP
BSP,OSR,SSW,WET,DAWN,MULTI,MODERATE,RAIN,1,EMP
RAD,NSF,REVERSING,DRY,DAY,SINGLE,LIGHT,FINE,4,EMP
RAD,NSR,SSW,DRY,DAY,SINGLE,LIGHT,FINE,4,CARS TRUCKS
DEPOT,NSF,SSW,DRY,DAY,SINGLE,NO,FINE,2,EMP
RAD,FRNT,SSW,WET,DAY,MULTI,HEAVY,RAIN,4,CARS TRUCKS
BSP,TOPR,TAI,DRY,DAY,SINGLE,MODERATE,FINE,4,BUS - OTHER
BSP,MIR,HON,DRY,DAY,BUS,NO,FINE,4,EMP
BSP,WSRE,SSW,WET,DUSK,BUS,MODERATE,RAIN,1,EMP
BSP,NSR,TAI,DRY,DAY,SINGLE,HEAVY,FINE,1,CARS TRUCKS
BSP,NSR,TAI,WET,DUSK,SINGLE,LIGHT,RAIN,4,EMP
RAD,FRNT,HON,DRY,DAY,MULTI,MODERATE,FINE,0,CARS TRUCKS
RAD,FRNT,SSW,WET,DAY,SINGLE,MODERATE,SUN,4,EMP
RAD,OSR,HON,DRY,DAY,SINGLE,MODERATE,FINE,1,CARS TRUCKS
RBT,REAR,BTMO,WET,DAY,SINGLE,NO,RAIN,1,EMP
RBT,NSF,SSW,DRY,DAY,SINGLE,LIGHT,FINE,3,EMP
DEPOT,REAR,REVERSING,DRY,DAY,BUS,NO,FINE,4,BUS - OTHER
RBT,NSR,BTMO,DRY,NIGHT,SINGLE,LIGHT,FINE,4,GEN
XRD,REAR,TAI,DRY,DAY,SINGLE,LIGHT,FINE,4,EMP
XRD,NSM,TBO,DRY,DAY,MULTI,LIGHT,FINE,4,EMP
RAD,WSRE,HON,DRY,DAY,MULTI,MODERATE,FINE,0,EMP
TIN,NSM,SSW,DRY,DAY,SINGLE,MODERATE,FINE,1,ROA
RBT,NSR,TAI,DRY,DAY,SINGLE,HEAVY,FINE,4,EMP
RAD,FRNT,SSW,DRY,NIGHT,MULTI,HEAVY,FINE,5,ROA
RAD,NSF,HON,DRY,DAWN,SINGLE,LIGHT,FINE,4,EMP
BSP,OSR,REVERSING,DRY,DAY,BUS,NO,FINE,4,EMP
BSP,OSM,SSW,DRY,DAY,MULTI,LIGHT,FINE,4,CARS TRUCKS
RAD,NSR,REVERSING,DRY,DAY,BUS,EXTREME,FINE,4,EMP
RBT,NSM,SSW,DRY,DAY,SINGLE,LIGHT,FINE,1,EMP
DEPOT,NSR,REVERSING,DRY,NIGHT,SINGLE,NO,FINE,4,EMP
RAD,OSR,TAI,DRY,NIGHT,SINGLE,NO,FINE,4,CARS TRUCKS
BSP,NSR,SSW,WET,DAY,SINGLE,HEAVY,FINE,4,EMP