location_code,damage_code,collision_code,road_code,light_code,road_type_code,traffic_code,weather_code,emp_liability_code,kpi_cause_code
RAD,OSF,HON,DRY,NIGHT,SINGLE,LIGHT,FINE,1,CARS TRUCKS
BSP,MIR,SSW,DRY,DAY,SINGLE,LIGHT,FINE,5,ROA
BSP,MIR,SSW,SLIP,DAWN,BUS,NO,FOG,4,EMP
RAD,TOPF,ROO,DRY,DAY,SINGLE,LIGHT,FINE,4,BUS - OTHER
RAD,REAR,SSW,WET,DAWN,SINGLE,LIGHT,RAIN,4,EMP
RBT,REAR,REVERSING,DRY,DAY,SINGLE,NO,FINE,4,EMP
XRD,FRNT,TBO,DRY,NIGHT,MULTI,MODERATE,FINE,4,EMP
RAD,NSM,TBO,DRY,NIGHT,BUS,NO,RAIN,1,EMP
BSP,MIR,HON,DRY,DUSK,SINGLE,MODERATE,FINE,4,BUS - OTHER
TIN,OSR,SSW,DRY,DAY,SINGLE,LIGHT,FINE,4,CARS TRUCKS
RBT,FRNT,REVERSING,DRY,DAY,SINGLE,LIGHT,FINE,1,CARS TRUCKS
RAD,NSR,SSW,DRY,DAY,SINGLE,LIGHT,FINE,2,BUS - OTHER
BSP,NSF,SSW,DRY,DAY,SINGLE,NO,FINE,4,EMP
RAD,FRNT,SSW,DRY,DAY,SINGLE,LIGHT,FINE,5,ROA
RBT,NSF,HON,SLIP,DAY,SINGLE,NO,RAIN,4,EMP
XRD,NSF,HON,DRY,DAY,SINGLE,LIGHT,FINE,3,EMP
DEPOT,WSRE,SSW,DRY,NIGHT,SINGLE,NO,FINE,0,CARS TRUCKS
BSP,NSM,SSW,DRY,DAWN,SINGLE,LIGHT,FINE,4,EMP
RBT,FRNT,N2T,WET,DAY,MULTI,LIGHT,FINE,4,EMP
RAD,TOPF,SSW,DRY,STREET,SINGLE,NO,FINE,4,EMP
RAD,O/S Window repl,SSW,DRY,DAY,SINGLE,LIGHT,FINE,4,EMP
RBT,OSR,SSW,DRY,DAY,MULTI,HEAVY,FINE,4,EMP
BSP,NSR,SSW,WET,DAY,SINGLE,HEAVY,RAIN,4,EMP
BSP,NSR,TAI,DRY,DAY,SINGLE,NO,FINE,4,CARS TRUCKS
RAD,OSF,SSW,DRY,DAY,SINGLE,LIGHT,FINE,6,OTH
DEPOT,FRNT,BTMO,DRY,DAY,SINGLE,LIGHT,FINE,2,EMP
BSP,FRNT,SSW,DRY,NIGHT,MULTI,HEAVY,FINE,4,EMP
RAD,OSR,N2T,WET,NIGHT,MULTI,MODERATE,RAIN,4,EMP
RAD,OSR,N2T,WET,DAY,SINGLE,MODERATE,FINE,1,ROA
TIN,WSRE,BTMO,DRY,NIGHT,SINGLE,NO,FINE,4,CARS TRUCKS
RAD,FRNT,HON,DRY,DAY,SINGLE,EXTREME,FINE,4,BUS - OTHER
BSP,OSR,SSW,DRY,DAY,BUS,LIGHT,FINE,4,CARS TRUCKS
DEPOT,FRNT,SSW,DRY,DAY,SINGLE,NO,FINE,4,EMP
RAD,REAR,REVERSING,WET,DAY,SINGLE,NO,SUN,4,CARS TRUCKS
DEPOT,MIR,SSW,DRY,DAY,SINGLE,NO,FINE,4,EMP
RAD,NSR,SSW,DRY,DAY,SINGLE,NO,FINE,6,EMP
DEPOT,FRNT,SSW,DRY,DAY,SINGLE,NO,FINE,1,BUS - OTHER
XRD,OSM,SSW,DRY,DAY,MULTI,HEAVY,FINE,4,EMP
DEPOT,NSF,REVERSING,DRY,NIGHT,SINGLE,NO,FINE,4,EMP
RBT,OSR,SSW,DRY,DAY,MULTI,MODERATE,FINE,1,EMP
RAD,FRNT,SSW,WET,DAY,MULTI,EXTREME,RAIN,0,ENV
RAD,NSM,SSW,DRY,DAY,MULTI,NO,FINE,1,EMP
DEPOT,MIR,HON,WET,DAY,SINGLE,NO,FINE,4,EMP
DEPOT,WSRE,SSW,DRY,DAY,BUS,NO,FINE,0,OTH
DEPOT,NSR,SSW,DRY,DAY,SINGLE,NO,FINE,0,BUS - OTHER
RAD,NSR,SSW,DRY,DAY,SINGLE,MODERATE,SUN,4,EMP
RAD,WIN,SSW,DRY,NIGHT,MULTI,NO,FINE,0,ENV
BSP,NSF,SSW,DRY,DAY,SINGLE,HEAVY,FINE,1,CARS TRUCKS
RAD,NSR,REVERSING,DRY,DAY,SINGLE,HEAVY,FINE,1,EMP
RBT,OSM,SSW,DRY,DUSK,MULTI,MODERATE,FINE,4,EMP
DEPOT,MIR,SSW,DRY,DUSK,BUS,NO,FINE,1,CARS TRUCKS
RAD,NSM,SSW,WET,DAY,MULTI,MODERATE,RAIN,0,EMP
BSP,MIR,TAI,DRY,DAY,BUS,LIGHT,FINE,2,EMP
TIN,OSR,SSW,DRY,DUSK,MULTI,LIGHT,FINE,4,EMP
DEPOT,NSR,SSW,DRY,DAWN,SINGLE,LIGHT,SUN,2,EMP
TIN,OSR,SSW,DRY,DAY,MULTI,LIGHT,FINE,5,EMP
XRD,NSF,SSW,DRY,DAY,SINGLE,LIGHT,FINE,5,EMP
BSP,OSR,SSW,DRY,DAY,BUS,NO,FINE,1,BUS - OTHER
BSP,NSF,SSW,DRY,DAWN,MULTI,EXTREME,FINE,4,EMP
TIN,NSM,SSW,WET,DAY,MULTI,LIGHT,RAIN,5,EMP
BSP,NSR,SSW,DRY,DAY,SINGLE,LIGHT,FINE,1,CARS TRUCKS
RAD,FRNT,SSW,DRY,DUSK,SINGLE,LIGHT,FINE,4,EMP
RAD,OSF,SSW,WET,DUSK,SINGLE,LIGHT,RAIN,4,EMP
RAD,NSR,N2T,DRY,DAY,SINGLE,LIGHT,FINE,1,ROA
XRD,NSR,SSW,SLIP,DAY,SINGLE,MODERATE,FINE,4,EMP
RAD,OSR,SSW,DRY,NIGHT,SINGLE,NO,FINE,4,EMP
RAD,REAR,N2T,SLIP,NIGHT,MULTI,MODERATE,RAIN,5,EMP
RAD,MIR,SSW,WET,NIGHT,SINGLE,LIGHT,RAIN,4,EMP
RAD,NSR,SSW,DRY,NIGHT,MULTI,LIGHT,FINE,4,BUS - OTHER
DEPOT,NSF,SSW,DRY,NIGHT,SINGLE,NO,FINE,4,BUS - OTHER
BSP,MIR,SSW,DRY,DAY,BUS,HEAVY,FINE,2,EMP
BSP,NSF,HON,DRY,DAY,SINGLE,LIGHT,FINE,3,EMP
RAD,FRNT,BTMO,DRY,DAY,SINGLE,NO,FINE,4,CARS TRUCKS
RAD,MIR,SSW,WET,DUSK,MULTI,MODERATE,RAIN,4,EMP
RAD,FRNT,ROO,DRY,DAY,SINGLE,LIGHT,FINE,0,OTH
RAD,NSF,REVERSING,DRY,DAY,SINGLE,LIGHT,FINE,5,CARS TRUCKS
BSP,OSR,TBO,DRY,NIGHT,SINGLE,NO,FINE,1,CARS TRUCKS
RAD,OSF,SSW,DRY,NIGHT,MULTI,LIGHT,FINE,4,NONPOW
DEPOT,REAR,SSW,DRY,DAY,SINGLE,LIGHT,FINE,0,OTH
RAD,MIR,HON,DRY,DAY,SINGLE,LIGHT,FINE,4,BUS - OTHER
BSP,OSR,BTMO,DRY,DAY,MULTI,LIGHT,FINE,1,EMP
RAD,OSR,N2T,WET,DAY,SINGLE,MODERATE,RAIN,1,EMP
RAD,NSM,SSW,WET,DAY,SINGLE,LIGHT,RAIN,4,CARS TRUCKS
DEPOT,OSR,TAI,WET,NIGHT,SINGLE,NO,RAIN,4,EMP
DEPOT,OSM,SSW,DRY,DAY,SINGLE,LIGHT,FINE,6,OTH
RAD,WIN,SSW,DRY,DAY,MULTI,LIGHT,FINE,0,OTH
BSP,OSR,SSW,DRY,DAY,SINGLE,HEAVY,FINE,5,CARS TRUCKS
TIN,REAR,SSW,DRY,DAY,SINGLE,MODERATE,FINE,4,CARS TRUCKS
RBT,OSF,SSW,DRY,DAY,MULTI,HEAVY,FINE,1,EMP
RBT,NSF,N2T,DRY,DAY,SINGLE,LIGHT,FINE,4,EMP
XRD,OSR,SSW,DRY,DAY,SINGLE,LIGHT,FINE,1,CARS TRUCKS
RAD,NSR,TAI,DRY,NIGHT,SINGLE,LIGHT,FINE,4,BUS - OTHER
BSP,MIR,SSW,WET,DAY,SINGLE,MODERATE,RAIN,4,EMP
RAD,FRNT,HON,DRY,DAY,SINGLE,LIGHT,FINE,0,OTH
RAD,FRNT,SSW,DRY,DAY,MULTI,HEAVY,FINE,1,ROA
BSP,OSF,SSW,DRY,DAY,MULTI,HEAVY,FINE,1,ROA
RAD,OSF,SSW,DRY,DAWN,SINGLE,LIGHT,FINE,4,EMP
RAD,NSR,SSW,DRY,DUSK,SINGLE,HEAVY,SUN,4,BUS - OTHER
RAD,REAR,SSW,DRY,DAY,MULTI,MODERATE,FINE,1,EMP
RAD,OSR,SSW,DRY,DAY,MULTI,LIGHT,FINE,4,NONPOW
BSP,REAR,SSW,DRY,DAY,SINGLE,MODERATE,SUN,1,EMP
RAD,NSF,SSW,DRY,DAY,SINGLE,LIGHT,FINE,4,CARS TRUCKS
DEPOT,FRNT,BTMO,DRY,DAY,SINGLE,NO,FINE,4,CARS TRUCKS
TIN,REAR,REVERSING,DRY,DAY,MULTI,MODERATE,FINE,4,BUS - OTHER
RAD,OSR,N2T,DRY,DAY,SINGLE,LIGHT,FINE,1,ROA
RAD,OSF,N2T,DRY,DAWN,MULTI,MODERATE,FINE,1,CARS TRUCKS
RAD,TOPR,SSW,DRY,DAY,SINGLE,NO,FINE,4,EMP
RBT,NSM,SSW,DRY,NIGHT,SINGLE,LIGHT,FINE,4,EMP
RAD,NSM,SSW,DRY,NIGHT,SINGLE,NO,FINE,4,BUS - OTHER
BSP,MIR,HON,DRY,NIGHT,MULTI,MODERATE,FINE,4,EMP
DEPOT,OSR,SSW,DRY,NIGHT,SINGLE,NO,FINE,2,EMP
XRD,NSR,N2T,DRY,NIGHT,MULTI,LIGHT,FINE,5,CARS TRUCKS
RAD,OSR,N2T,DRY,DAWN,MULTI,LIGHT,FINE,1,CARS TRUCKS
RAD,NSF,TAI,DRY,DAY,MULTI,MODERATE,FINE,4,EMP
TIN,OSF,TBO,DRY,DAY,SINGLE,LIGHT,FINE,4,EMP
RAD,NSF,TBO,DRY,DAY,MULTI,MODERATE,FINE,1,EMP
RAD,NSR,SSW,DRY,DAY,SINGLE,LIGHT,FINE,5,EMP
RAD,FRNT,N2T,DRY,DAY,BUS,HEAVY,FINE,1,EMP
RAD,NSM,SSW,DRY,NIGHT,MULTI,LIGHT,FINE,4,CARS TRUCKS
XRD,OSM,SSW,DRY,DAY,SINGLE,MODERATE,FINE,4,EMP
TIN,NSF,SSW,SLIP,DAY,MULTI,LIGHT,RAIN,1,EMP
DEPOT,FRNT,HON,DRY,DAY,SINGLE,LIGHT,FINE,1,CARS TRUCKS
RAD,FRNT,SSW,WET,DAY,MULTI,MODERATE,RAIN,4,BUS - OTHER
TIN,OSM,TBO,DRY,DAY,MULTI,MODERATE,FINE,1,ROAD RAGE
XRD,FRNT,HON,DRY,DAY,MULTI,MODERATE,FINE,4,EMP
DEPOT,WSRE,SSW,DRY,DAY,SINGLE,LIGHT,FINE,6,EMP
DEPOT,FRNT,TBO,DRY,DAY,SINGLE,NO,FINE,6,OTH
RAD,OSF,SSW,WET,DAY,SINGLE,HEAVY,SUN,5,GEN
RAD,FRNT,SSW,DRY,DUSK,SINGLE,HEAVY,FINE,4,BUS - OTHER
XRD,FRNT,TBO,DRY,DAY,SINGLE,MODERATE,FINE,4,EMP
BSP,FRNT,HON,WET,NIGHT,MULTI,MODERATE,RAIN,4,EMP
RAD,MIR,ROO,DRY,DAY,SINGLE,LIGHT,SUN,4,EMP
BSP,NSF,SSW,DRY,DAY,MULTI,LIGHT,FINE,1,EMP
DEPOT,WSRE,HON,DRY,DAY,SINGLE,LIGHT,FINE,4,EMP
RAD,OSM,SSW,WET,DAY,MULTI,LIGHT,RAIN,1,CARS TRUCKS
RAD,NSF,SSW,WET,DUSK,SINGLE,LIGHT,FINE,0,GEN
RAD,OSM,SSW,WET,DAWN,MULTI,LIGHT,RAIN,4,EMP
RAD,NSR,TAI,DRY,DAY,MULTI,EXTREME,FINE,4,EMP
BSP,NSF,SSW,DRY,DAY,MULTI,LIGHT,FINE,1,CARS TRUCKS
RAD,NSR,SSW,DRY,DAY,SINGLE,MODERATE,FINE,1,BUS - OTHER
RAD,WSRE,SSW,DRY,NIGHT,MULTI,LIGHT,FINE,0,EMP
XRD,NSF,SSW,DRY,DUSK,MULTI,NO,FINE,4,BUS - OTHER
BSP,NSF,TBO,DRY,DAY,SINGLE,LIGHT,FINE,1,CARS TRUCKS
RAD,NSR,SSW,DRY,DAY,MULTI,MODERATE,FINE,0,BUS - OTHER
RAD,REAR,SSW,DRY,DUSK,SINGLE,NO,FINE,4,EMP
BSP,NSR,REVERSING,DRY,DAY,SINGLE,LIGHT,FINE,4,EMP
RAD,WIN,SSW,DRY,NIGHT,MULTI,NO,FINE,5,GEN
BSP,REAR,SSW,DRY,DAY,BUS,NO,FINE,4,CARS TRUCKS
RBT,NSM,SSW,WET,DAY,SINGLE,LIGHT,RAIN,3,EMP
RAD,FRNT,TBO,WET,DAY,MULTI,HEAVY,FINE,1,EMP
DEPOT,FRNT,HON,DRY,DAY,SINGLE,NO,FINE,5,CARS TRUCKS
DEPOT,REAR,TAI,DRY,DAY,SINGLE,LIGHT,FINE,6,OTH
RAD,OSR,SSW,WET,NIGHT,MULTI,MODERATE,FINE,4,EMP
RAD,OSR,HON,DRY,DAWN,MULTI,LIGHT,FINE,5,CARS TRUCKS
BSP,NSF,HON,DRY,DAY,MULTI,MODERATE,FINE,4,CARS TRUCKS
BSP,NSR,REVERSING,DRY,DAY,SINGLE,LIGHT,FINE,4,BUS - OTHER
BSP,NSR,BTMO,DRY,DAY,SINGLE,NO,FINE,4,EMP
BSP,MIR,HON,DRY,DAY,SINGLE,NO,FINE,4,EMP
BSP,NSF,SSW,DRY,DAY,MULTI,LIGHT,FINE,3,EMP
RAD,NSM,SSW,DRY,DAY,SINGLE,LIGHT,FINE,6,CARS TRUCKS
TIN,NSM,SSW,DRY,NIGHT,MULTI,LIGHT,FINE,4,EMP
RAD,OSF,SSW,DRY,DAY,SINGLE,NO,FINE,4,EMP
RBT,NSR,SSW,DRY,DAY,SINGLE,LIGHT,FINE,4,BUS - OTHER
TIN,NSF,SSW,WET,DAY,BUS,MODERATE,RAIN,4,EMP
BSP,NSF,SSW,DRY,DAY,MULTI,NO,FINE,4,CARS TRUCKS
TIN,OSR,SSW,DRY,STREET,MULTI,LIGHT,FINE,1,CARS TRUCKS
RAD,OSR,SSW,DRY,NIGHT,SINGLE,LIGHT,FINE,4,EMP
BSP,NSF,BTMO,DRY,DAY,MULTI,LIGHT,FINE,4,EMP
RAD,MIR,SSW,DRY,NIGHT,SINGLE,MODERATE,FINE,4,EMP
XRD,NSR,SSW,DRY,DUSK,SINGLE,LIGHT,FINE,4,EMP
RAD,MIR,SSW,DRY,DAY,SINGLE,MODERATE,FINE,4,BUS - OTHER
RAD,FRNT,N2T,DRY,DAY,MULTI,MODERATE,FINE,5,EMP
RAD,NSR,TBO,DRY,DAY,MULTI,HEAVY,FINE,1,CARS TRUCKS
BSP,REAR,SSW,DRY,DUSK,MULTI,HEAVY,FINE,1,CARS TRUCKS
XRD,NSR,SSW,DRY,DAY,SINGLE,HEAVY,FINE,4,EMP
RAD,MIR,SSW,DRY,DAY,SINGLE,LIGHT,FINE,2,BUS - OTHER
RAD,NSF,HON,DRY,DAY,SINGLE,MODERATE,FINE,5,CARS TRUCKS
TIN,OSF,HON,DRY,DAY,SINGLE,NO,FINE,1,EMP
DEPOT,NSM,SSW,DRY,NIGHT,BUS,EXTREME,FINE,4,EMP
XRD,FRNT,HON,DRY,DAY,SINGLE,LIGHT,FINE,4,CARS TRUCKS
RAD,R/H/S mirror,SSW,DRY,DAY,SINGLE,LIGHT,FINE,1,EMP
RAD,OSF,SSW,DRY,DAY,BUS,HEAVY,FINE,4,EMP
RAD,REAR,N2T,WET,DAWN,MULTI,LIGHT,RAIN,1,CARS TRUCKS
RAD,FRNT,HON,WET,DAY,SINGLE,LIGHT,RAIN,4,EMP
XRD,OSR,SSW,DRY,DUSK,MULTI,HEAVY,FINE,1,ROA
BSP,OSR,TBO,DRY,DAY,SINGLE,LIGHT,FINE,1,EMP
BSP,OSR,N2T,WET,STREET,MULTI,MODERATE,RAIN,1,CARS TRUCKS
TIN,OSF,SSW,DRY,DAY,MULTI,LIGHT,SUN,5,GEN
XRD,NSR,BTMO,DRY,DAY,SINGLE,MODERATE,FINE,1,GEN
BSP,NSF,SSW,DRY,DAY,MULTI,MODERATE,FINE,5,CARS TRUCKS
DEPOT,OSR,TAI,DRY,DAY,SINGLE,NO,FINE,4,EMP
BSP,MIR,SSW,DRY,DAY,MULTI,HEAVY,FINE,5,ROA
RAD,FRNT,SSW,DRY,NIGHT,SINGLE,NO,FINE,4,EMP
RAD,NSR,SSW,DRY,DAY,SINGLE,HEAVY,FINE,4,OTH
TIN,OSR,SSW,DRY,DAY,SINGLE,MODERATE,FINE,1,ROA
BSP,NSR,SSW,DRY,DAY,SINGLE,MODERATE,FINE,3,EMP
BSP,OSR,N2T,DRY,DAY,BUS,LIGHT,FINE,1,BUS - OTHER
BSP,TOPF,ROO,DRY,DAY,MULTI,LIGHT,FINE,4,EMP
BSP,NSR,BTMO,DRY,DAWN,MULTI,HEAVY,FINE,4,CARS TRUCKS
BSP,FRNT,SSW,DRY,DAY,SINGLE,MODERATE,SUN,4,EMP
RAD,OSF,SSW,DRY,DAY,MULTI,LIGHT,FINE,4,EMP
DEPOT,NSF,SSW,WET,DAY,SINGLE,NO,RAIN,2,OTH
DEPOT,NSR,SSW,WET,DAY,SINGLE,NO,FINE,4,CARS TRUCKS
RAD,NSF,SSW,DRY,DAWN,SINGLE,MODERATE,FINE,4,EMP
RAD,NSR,SSW,WET,DAY,MULTI,LIGHT,RAIN,4,EMP
RAD,OSM,SSW,DRY,DAY,MULTI,EXTREME,SUN,1,CARS TRUCKS
RBT,NSF,SSW,WET,DAY,SINGLE,HEAVY,RAIN,0,ENV
BSP,NSM,SSW,DRY,DAY,SINGLE,LIGHT,FINE,3,EMP
XRD,NSR,TAI,DRY,DAY,MULTI,LIGHT,FINE,2,BUS - OTHER
RAD,NSM,BTMO,DRY,DAY,SINGLE,LIGHT,FINE,4,CARS TRUCKS
RBT,NSR,N2T,DRY,DAY,SINGLE,LIGHT,FINE,1,EMP
RAD,OSF,SSW,DRY,NIGHT,SINGLE,NO,FINE,3,EMP
RAD,NSF,HON,DRY,NIGHT,MULTI,LIGHT,FINE,0,OTH
RAD,NSR,SSW,DRY,DAY,SINGLE,LIGHT,FINE,0,BUS - OTHER
RAD,Paint on front ,SSW,DRY,DAY,SINGLE,LIGHT,FINE,4,EMP
DEPOT,NSR,SSW,WET,NIGHT,SINGLE,NO,RAIN,4,CARS TRUCKS
TIN,WSRE,SSW,WET,DAY,SINGLE,NO,RAIN,4,EMP
RAD,NSR,ROO,DRY,DAY,MULTI,HEAVY,FINE,4,EMP
RAD,OSR,SSW,DRY,DAY,SINGLE,HEAVY,FINE,0,BUS - OTHER
RAD,REAR,REVERSING,DRY,DAY,SINGLE,NO,FINE,4,EMP
DEPOT,REAR,REVERSING,DRY,DAWN,BUS,NO,FOG,4,EMP
RAD,NSR,N2T,WET,DUSK,SINGLE,MODERATE,RAIN,1,EMP
RAD,NSR,SSW,DRY,DAY,SINGLE,LIGHT,FINE,3,EMP
XRD,NSR,SSW,DRY,DUSK,SINGLE,HEAVY,FINE,4,CARS TRUCKS
BSP,OSR,SSW,DRY,DAY,SINGLE,NO,FINE,1,CARS TRUCKS
RAD,OSR,N2T,DRY,DAY,MULTI,LIGHT,FINE,1,EMP
RAD,WIN,SSW,DRY,DAY,MULTI,LIGHT,RAIN,4,EMP
RAD,MIR,HON,DRY,NIGHT,SINGLE,LIGHT,FINE,0,EMP
RAD,TOPM,ROO,DRY,DAY,SINGLE,NO,FINE,0,BUS - OTHER
RAD,OSM,SSW,DRY,DUSK,SINGLE,NO,FINE,0,GEN
RAD,NSM,SSW,WET,DUSK,MULTI,HEAVY,RAIN,0,ENV
RAD,FRNT,SSW,DRY,DAY,MULTI,LIGHT,FINE,1,EMP
BSP,OSF,SSW,WET,DAY,MULTI,MODERATE,RAIN,1,ROA
DEPOT,TOPF,HON,DRY,NIGHT,BUS,NO,FINE,4,EMP
XRD,FRNT,SSW,DRY,DUSK,MULTI,HEAVY,FINE,4,EMP
RAD,NSF,SSW,DRY,DAY,SINGLE,LIGHT,FINE,1,CARS TRUCKS
TIN,NSR,SSW,SLIP,DAY,SINGLE,MODERATE,FINE,1,EMP
TIN,FRNT,REVERSING,DRY,DAY,SINGLE,HEAVY,FINE,1,CARS TRUCKS
RAD,OSM,SSW,DRY,STREET,MULTI,LIGHT,FINE,4,EMP
DEPOT,REAR,HON,DRY,DAY,SINGLE,LIGHT,FINE,0,EMP
RAD,NSR,SSW,DRY,DAY,SINGLE,NO,FINE,5,ROA
BSP,NSR,REVERSING,DRY,DAY,BUS,NO,FINE,4,BUS - OTHER
TIN,OSM,SSW,DRY,NIGHT,SINGLE,NO,RAIN,4,EMP
XRD,OSM,SSW,DRY,DAY,MULTI,MODERATE,FINE,5,CARS TRUCKS
RAD,MIR,SSW,DRY,DAY,SINGLE,LIGHT,FINE,1,BUS - OTHER
BSP,OSM,SSW,DRY,DAY,SINGLE,MODERATE,FINE,4,EMP
RAD,FRNT,N2T,DRY,DAY,SINGLE,MODERATE,FINE,4,CARS TRUCKS
RAD,FRNT,BTMO,DRY,DAY,SINGLE,MODERATE,FINE,4,BUS BRAKING
BSP,REAR,REVERSING,DRY,DAY,SINGLE,NO,FINE,4,BUS - OTHER
RAD,MIR,SSW,DRY,DAY,BUS,MODERATE,FINE,4,EMP
RAD,NSM,SSW,WET,DAWN,SINGLE,LIGHT,FOG,4,EMP
RAD,NSF,SSW,DRY,DAY,SINGLE,EXTREME,FINE,5,CARS TRUCKS
BSP,OSR,SSW,DRY,NIGHT,SINGLE,LIGHT,FINE,1,ROA
RAD,OSF,SSW,DRY,DAY,MULTI,MODERATE,FINE,4,CARS TRUCKS
BSP,NSF,SSW,DRY,DAY,MULTI,LIGHT,FINE,1,ROA
RAD,NSM,BTMO,DRY,DAY,SINGLE,LIGHT,FINE,0,EMP
RAD,NSR,TAI,DRY,DAY,SINGLE,LIGHT,FINE,4,EMP
TIN,NSR,SSW,DRY,DAY,SINGLE,MODERATE,FINE,4,BUS - OTHER
BSP,NSR,SSW,WET,DAY,SINGLE,MODERATE,RAIN,1,GEN
TIN,NSM,HON,DRY,DAY,SINGLE,LIGHT,FINE,4,EMP
DEPOT,REAR,REVERSING,WET,NIGHT,SINGLE,NO,RAIN,4,EMP
BSP,NSF,SSW,DRY,DAY,BUS,MODERATE,FINE,4,EMP
XRD,FRNT,BTMO,DRY,NIGHT,SINGLE,LIGHT,FINE,4,EMP
XRD,FRNT,TBO,DRY,DAY,SINGLE,LIGHT,FINE,1,CARS TRUCKS
RAD,OSF,SSW,DRY,DAY,MULTI,LIGHT,FINE,5,EMP
DEPOT,FRNT,N2T,DRY,DAY,SINGLE,LIGHT,FINE,1,CARS TRUCKS
RAD,TOPM,SSW,DRY,NIGHT,SINGLE,LIGHT,FINE,4,EMP
DEPOT,MIR,SSW,SLIP,NIGHT,SINGLE,NO,FINE,4,EMP
RAD,OSF,SSW,DRY,NIGHT,MULTI,LIGHT,FINE,5,CARS TRUCKS
RBT,NSR,SSW,WET,DUSK,SINGLE,NO,RAIN,4,EMP
RAD,NSR,TAI,DRY,DAY,MULTI,MODERATE,FINE,4,BUS - OTHER
RAD,TOPR,SSW,DRY,DAY,SINGLE,LIGHT,FINE,6,OTH
RBT,OSM,SSW,DRY,DAY,MULTI,HEAVY,FINE,4,EMP
RAD,REAR,BTMO,DRY,DAY,SINGLE,LIGHT,FINE,4,EMP
BSP,REAR,REVERSING,WET,DAY,SINGLE,NO,RAIN,4,EMP
DEPOT,REAR,REVERSING,DRY,NIGHT,SINGLE,NO,FINE,4,EMP
RAD,REAR,N2T,SLIP,DAY,SINGLE,MODERATE,RAIN,1,CARS TRUCKS
BSP,OSR,TBO,DRY,DAY,SINGLE,LIGHT,FINE,1,CARS TRUCKS
RAD,R/H/S front cor,SSW,DRY,DAY,SINGLE,LIGHT,FINE,4,EMP
XRD,OSR,SSW,DRY,NIGHT,MULTI,MODERATE,FINE,4,BUS - OTHER
BSP,NSR,SSW,DRY,DAY,SINGLE,LIGHT,FINE,3,EMP
RAD,NSF,SSW,WET,DAY,MULTI,HEAVY,FINE,4,EMP
RAD,WSRE,BTMO,DRY,NIGHT,MULTI,HEAVY,FINE,5,EMP
RAD,Cracked R/H/S d,SSW,DRY,DAY,SINGLE,LIGHT,FINE,1,EMP
RAD,Marks to paintw,SSW,DRY,DAY,SINGLE,LIGHT,FINE,4,EMP
RAD,NSF,SSW,WET,DAY,MULTI,MODERATE,FINE,4,EMP
RAD,MIR,SSW,DRY,DAY,SINGLE,HEAVY,FINE,5,CARS TRUCKS
DEPOT,NSF,REVERSING,DRY,NIGHT,SINGLE,LIGHT,FINE,4,EMP
RAD,MIR,HON,DRY,DAY,BUS,NO,FINE,4,EMP
RAD,NSM,SSW,DRY,DAY,SINGLE,NO,FINE,5,CARS TRUCKS
RAD,OSF,HON,DRY,DAY,SINGLE,LIGHT,FINE,1,CARS TRUCKS
BSP,OSF,SSW,DRY,DAY,BUS,HEAVY,FINE,5,ROA
RAD,MIR,HON,DRY,DAY,SINGLE,LIGHT,FINE,4,CARS TRUCKS
RAD,REAR,N2T,WET,DAY,SINGLE,LIGHT,RAIN,1,CARS TRUCKS
RAD,OSR,TBO,DRY,DAY,SINGLE,LIGHT,FINE,1,CARS TRUCKS
RAD,NSR,TBO,DRY,DAY,SINGLE,LIGHT,FINE,1,EMP
RAD,OSM,SSW,DRY,DAY,SINGLE,LIGHT,FINE,1,EMP
BSP,REAR,N2T,DRY,DUSK,MULTI,HEAVY,FINE,5,CARS TRUCKS
RAD,NSF,SSW,DRY,DUSK,MULTI,MODERATE,FINE,4,EMP
DEPOT,NSR,SSW,DRY,DAWN,SINGLE,HEAVY,FINE,4,EMP
RBT,WSRE,SSW,DRY,DAWN,SINGLE,NO,FINE,4,EMP
XRD,REAR,REVERSING,DRY,DAY,SINGLE,NO,FOG,4,BUS - OTHER
RAD,OSR,SSW,DRY,DAY,MULTI,LIGHT,SUN,4,EMP
RAD,R/H/S mirror in,SSW,DRY,DAY,SINGLE,LIGHT,FINE,4,EMP
TIN,OSF,SSW,DRY,DAY,MULTI,LIGHT,FINE,2,CARS TRUCKS