location_code,damage_code,collision_code,road_code,light_code,road_type_code,traffic_code,weather_code,emp_liability_code,kpi_cause_code
RAD,NSR,SSW,WET,DAY,MULTI,LIGHT,FINE,4,EMP
RAD,MIR,SSW,WET,NIGHT,MULTI,MODERATE,RAIN,4,EMP
DEPOT,REAR,SSW,DRY,DAY,BUS,NO,FINE,4,EMP
TIN,MIR,SSW,DRY,DAY,MULTI,MODERATE,FINE,3,EMP
RAD,MIR,SSW,DRY,DAY,MULTI,LIGHT,FINE,1,ROA
BSP,NSF,SSW,DRY,DUSK,SINGLE,NO,FINE,4,EMP
TIN,FRNT,N2T,DRY,DAY,MULTI,LIGHT,FINE,4,EMP
RAD,OSR,BTMO,DRY,DAY,MULTI,LIGHT,FINE,1,CARS TRUCKS
BSP,NSF,SSW,DRY,DAY,SINGLE,HEAVY,FINE,4,CARS TRUCKS
TIN,NSR,SSW,DRY,NIGHT,SINGLE,LIGHT,FINE,4,EMP
RAD,Broken glass in,SSW,DRY,DAY,SINGLE,LIGHT,FINE,4,EMP
BSP,NSM,SSW,DRY,NIGHT,SINGLE,LIGHT,FINE,1,EMP
RAD,OSM,SSW,DRY,NIGHT,MULTI,HEAVY,FINE,4,EMP
RAD,NSM,SSW,DRY,NIGHT,SINGLE,NO,FINE,0,GEN
DEPOT,FRNT,SSW,DRY,DAY,SINGLE,LIGHT,FINE,6,BUS - OTHER
BSP,NSR,SSW,DRY,DAY,SINGLE,MODERATE,FINE,1,EMP
RAD,FRNT,ROO,DRY,DAY,MULTI,LIGHT,FINE,4,ENV
RAD,FRNT,REVERSING,DRY,DUSK,SINGLE,LIGHT,FINE,1,CARS TRUCKS
TIN,NSR,SSW,WET,NIGHT,SINGLE,NO,RAIN,4,EMP
RAD,NSR,SSW,DRY,DAY,SINGLE,NO,FINE,1,CARS TRUCKS
RAD,Badly scratched,SSW,DRY,DAY,SINGLE,LIGHT,FINE,1,EMP
BSP,MIR,SSW,DRY,DAY,MULTI,LIGHT,FINE,4,BUS - OTHER
XRD,REAR,SSW,WET,DAY,MULTI,MODERATE,RAIN,1,ROA
XRD,NSR,SSW,DRY,DUSK,SINGLE,NO,FINE,4,EMP
TIN,REAR,TAI,DRY,DAY,SINGLE,EXTREME,FINE,1,EMP
BSP,NSR,REVERSING,DRY,DAY,BUS,MODERATE,FINE,4,EMP
RAD,NSR,SSW,DRY,DAY,MULTI,HEAVY,FINE,4,BUS - OTHER
DEPOT,NSR,SSW,DRY,DAY,SINGLE,NO,SUN,4,EMP
RAD,NSR,SSW,DRY,NIGHT,SINGLE,LIGHT,FINE,0,GEN
TIN,OSR,SSW,DRY,DAY,MULTI,MODERATE,FINE,1,CARS TRUCKS
RAD,REAR,TAI,DRY,DUSK,MULTI,MODERATE,RAIN,4,EMP
RAD,OSR,SSW,DRY,DAY,SINGLE,LIGHT,FINE,0,OTH
RAD,REAR,REVERSING,DRY,DAY,SINGLE,NO,RAIN,4,EMP
DEPOT,MIR,TAI,DRY,DAY,BUS,MODERATE,FINE,2,CARS TRUCKS
RAD,OSR,SSW,DRY,NIGHT,MULTI,LIGHT,FINE,4,BUS - OTHER
TIN,NSR,SSW,DRY,NIGHT,MULTI,LIGHT,FOG,4,EMP
RAD,NSM,TBO,DRY,DAY,SINGLE,NO,FINE,1,CARS TRUCKS
RAD,MIR,HON,WET,DAY,SINGLE,HEAVY,RAIN,4,EMP
XRD,OSR,SSW,DRY,DAY,SINGLE,HEAVY,FINE,1,CARS TRUCKS
BSP,OSR,SSW,DRY,STREET,SINGLE,NO,FINE,1,EMP
BSP,NSF,SSW,DRY,DUSK,MULTI,HEAVY,FINE,5,CARS TRUCKS
RAD,Two rubber stri,SSW,DRY,DAY,SINGLE,LIGHT,FINE,1,EMP
BSP,NSM,SSW,WET,DAWN,MULTI,LIGHT,RAIN,4,EMP
RAD,NSF,SSW,DRY,DAY,MULTI,HEAVY,FINE,1,EMP
BSP,OSR,N2T,DRY,DUSK,MULTI,MODERATE,FINE,1,CARS TRUCKS
RBT,NSF,SSW,WET,DUSK,SINGLE,MODERATE,RAIN,1,EMP
RBT,NSF,SSW,DRY,DAY,SINGLE,MODERATE,FINE,4,EMP
RAD,NSM,SSW,DRY,DAY,SINGLE,LIGHT,FINE,5,OTH
BSP,REAR,N2T,DRY,DUSK,MULTI,MODERATE,FINE,1,CARS TRUCKS
BSP,MIR,SSW,DRY,DAY,SINGLE,HEAVY,FINE,1,CARS TRUCKS
RAD,FRNT,SSW,WET,DAY,SINGLE,HEAVY,RAIN,1,EMP
RAD,OSR,TAI,DRY,DAY,MULTI,HEAVY,FINE,4,EMP
BSP,REAR,HON,DRY,DAY,MULTI,MODERATE,SUN,1,CARS TRUCKS
BSP,NSF,SSW,DRY,DAY,BUS,HEAVY,FINE,4,EMP
RAD,FRNT,HON,DRY,DAY,SINGLE,NO,FINE,4,CARS TRUCKS
XRD,OSR,SSW,DRY,NIGHT,SINGLE,HEAVY,FINE,4,CARS TRUCKS
BSP,REAR,SSW,DRY,DAY,SINGLE,LIGHT,FINE,1,EMP
DEPOT,REAR,BTMO,DRY,DAY,SINGLE,LIGHT,FINE,6,OTH
RAD,NSF,SSW,DRY,DUSK,MULTI,HEAVY,FINE,5,CARS TRUCKS
RBT,NSR,TAI,DRY,DAY,MULTI,LIGHT,FINE,4,CARS TRUCKS
DEPOT,OSR,BTMO,DRY,DAY,SINGLE,LIGHT,FINE,6,EMP
RAD,TOPM,SSW,DRY,DAY,SINGLE,LIGHT,FINE,6,OTH
RAD,MIR,SSW,WET,DAY,SINGLE,NO,RAIN,4,EMP
XRD,NSM,SSW,WET,DAY,SINGLE,MODERATE,RAIN,4,BUS - OTHER
RAD,NSR,TBO,DRY,DAY,MULTI,HEAVY,FINE,5,ROA
BSP,NSF,SSW,DRY,DAY,MULTI,LIGHT,FINE,1,GEN
RAD,Front bumper da,SSW,DRY,DAY,SINGLE,LIGHT,FINE,3,EMP
BSP,NSR,BTMO,DRY,DAY,MULTI,MODERATE,FINE,4,EMP
RAD,OSR,SSW,WET,DAY,MULTI,HEAVY,FINE,1,CARS TRUCKS
RAD,REAR,TAI,DRY,DAY,SINGLE,MODERATE,FINE,1,ROA
RAD,REAR,REVERSING,DRY,DUSK,SINGLE,NO,FINE,4,EMP
RAD,OSR,SSW,DRY,DAY,MULTI,MODERATE,FINE,1,CARS TRUCKS
RAD,MIR,SSW,DRY,NIGHT,MULTI,LIGHT,FINE,4,EMP
RAD,MIR,SSW,WET,DAY,MULTI,MODERATE,RAIN,5,CARS TRUCKS
TIN,NSR,TAI,WET,DAY,SINGLE,LIGHT,FINE,4,EMP
DEPOT,FRNT,REVERSING,DRY,DAY,SINGLE,LIGHT,FINE,4,CARS TRUCKS
DEPOT,NSF,SSW,DRY,DAY,BUS,NO,FINE,4,EMP
RAD,NSR,SSW,DRY,DAY,SINGLE,NO,FINE,6,OTH
BSP,NSF,HON,DRY,DAY,SINGLE,NO,SUN,4,EMP
RAD,NSF,SSW,WET,STREET,SINGLE,NO,RAIN,4,EMP
RAD,NSF,SSW,DRY,NIGHT,SINGLE,LIGHT,FINE,1,ROA
RAD,WIN,SSW,DRY,STREET,SINGLE,NO,FINE,1,EMP
RBT,FRNT,TBO,DRY,DAY,SINGLE,NO,SUN,4,EMP
BSP,NSR,SSW,DRY,NIGHT,SINGLE,HEAVY,FINE,4,EMP
BSP,REAR,SSW,WET,DUSK,BUS,LIGHT,RAIN,1,EMP
BSP,REAR,N2T,DRY,DAY,SINGLE,NO,FINE,4,EMP
RAD,NSM,SSW,WET,DAY,SINGLE,LIGHT,RAIN,1,CARS TRUCKS
DEPOT,WSRE,HON,DRY,NIGHT,SINGLE,LIGHT,FINE,4,ROA
RAD,NSR,SSW,WET,DAY,MULTI,LIGHT,RAIN,4,ENV
RAD,TOPR,SSW,DRY,DAY,MULTI,MODERATE,FINE,4,EMP
RAD,NSR,BTMO,DRY,DAY,SINGLE,EXTREME,FINE,4,BUS - OTHER
RAD,NSF,BTMO,DRY,DAY,SINGLE,LIGHT,FINE,4,EMP
RBT,REAR,REVERSING,DRY,DAY,SINGLE,LIGHT,FINE,4,EMP
BSP,NSR,REVERSING,WET,DAY,MULTI,LIGHT,FINE,1,CARS TRUCKS
RAD,NSM,SSW,DRY,DAY,SINGLE,EXTREME,FINE,4,EMP
XRD,NSR,SSW,DRY,DAY,MULTI,LIGHT,FINE,0,CARS TRUCKS
BSP,NSR,SSW,DRY,STREET,MULTI,LIGHT,FINE,4,EMP
RBT,MIR,SSW,DRY,DAY,SINGLE,LIGHT,FINE,1,EMP
XRD,OSR,SSW,DRY,DAY,MULTI,HEAVY,FINE,5,CARS TRUCKS
DEPOT,OSM,SSW,WET,NIGHT,BUS,NO,RAIN,4,EMP
RBT,NSM,HON,DRY,DAY,SINGLE,MODERATE,FINE,1,EMP
RAD,WSRE,SSW,WET,DUSK,SINGLE,HEAVY,RAIN,4,BUS - OTHER
RAD,NSM,SSW,WET,DAY,SINGLE,LIGHT,RAIN,4,EMP
RAD,NSR,REVERSING,DRY,DAY,MULTI,MODERATE,FINE,1,CARS TRUCKS
RAD,NSM,SSW,DRY,DAY,SINGLE,LIGHT,FOG,4,EMP
XRD,REAR,HON,DRY,DUSK,SINGLE,HEAVY,FINE,1,CARS TRUCKS
TIN,OSM,TBO,WET,DAY,SINGLE,NO,RAIN,5,ROA
RAD,NSF,TBO,DRY,DUSK,SINGLE,EXTREME,FINE,4,CARS TRUCKS
RAD,FRNT,N2T,WET,DUSK,SINGLE,MODERATE,FINE,4,CARS TRUCKS
RAD,MIR,TAI,DRY,DAY,MULTI,MODERATE,FINE,4,EMP
RAD,OSR,SSW,DRY,DAY,SINGLE,NO,FINE,4,EMP
DEPOT,NSF,SSW,DRY,DAY,SINGLE,HEAVY,FOG,0,EMP
RAD,OSM,HON,DRY,DAY,MULTI,MODERATE,FINE,4,CARS TRUCKS
TIN,OSR,TAI,DRY,DAY,MULTI,HEAVY,FINE,5,CARS TRUCKS
RBT,FRNT,TBO,WET,DAY,SINGLE,LIGHT,RAIN,4,EMP
RAD,OSR,TBO,DRY,DAY,SINGLE,LIGHT,FINE,1,ROA
XRD,REAR,SSW,WET,DAY,MULTI,LIGHT,FINE,1,EMP
DEPOT,NSF,SSW,DRY,DAY,SINGLE,NO,FINE,2,BUS - OTHER
BSP,TOPM,SSW,DRY,DAY,SINGLE,LIGHT,FINE,4,EMP
BSP,OSF,SSW,DRY,DAWN,SINGLE,LIGHT,FINE,1,CARS TRUCKS
RAD,NSR,N2T,DRY,DAY,SINGLE,LIGHT,FINE,1,CARS TRUCKS
RAD,NSF,BTMO,DRY,DAY,SINGLE,LIGHT,SUN,4,EMP
RAD,NSF,N2T,DRY,NIGHT,MULTI,LIGHT,FINE,5,EMP
BSP,MIR,SSW,DRY,DAY,MULTI,MODERATE,FINE,1,ROA
BSP,NSR,SSW,DRY,DAY,BUS,NO,FINE,4,BUS - OTHER
RBT,FRNT,TAI,DRY,DAY,SINGLE,LIGHT,FINE,4,EMP
RAD,FRNT,TAI,DRY,DAY,SINGLE,LIGHT,FINE,4,ROA
XRD,NSR,SSW,DRY,DAY,MULTI,MODERATE,FINE,1,CARS TRUCKS
BSP,OSR,SSW,DRY,DAY,SINGLE,NO,FINE,2,CARS TRUCKS
DEPOT,NSF,SSW,DRY,DAY,BUS,NO,FINE,4,BUS - OTHER
TIN,FRNT,TBO,WET,DUSK,SINGLE,LIGHT,RAIN,4,EMP
BSP,NSR,SSW,DRY,NIGHT,SINGLE,HEAVY,FINE,4,BUS - OTHER
RAD,WSRE,HON,DRY,DAY,MULTI,LIGHT,FINE,1,EMP
BSP,NSR,SSW,DRY,DAY,MULTI,LIGHT,FINE,1,EMP
DEPOT,WIN,SSW,DRY,DAY,SINGLE,LIGHT,FINE,6,EMP
RAD,OSR,SSW,DRY,DAY,SINGLE,LIGHT,FINE,0,GEN
BSP,NSR,SSW,DRY,DAY,MULTI,HEAVY,FINE,4,EMP
BSP,NSR,SSW,WET,DUSK,BUS,LIGHT,FINE,4,EMP
BSP,NSM,SSW,WET,DAY,SINGLE,NO,RAIN,4,EMP
RAD,NSF,N2T,WET,DAY,MULTI,MODERATE,RAIN,4,EMP
RAD,NSM,SSW,SLIP,DAWN,MULTI,NO,RAIN,4,EMP
RAD,Slight scratche,SSW,DRY,DAY,SINGLE,LIGHT,FINE,1,EMP
BSP,NSR,TAI,DRY,DAY,SINGLE,HEAVY,FOG,4,EMP
DEPOT,NSR,TAI,WET,DAWN,SINGLE,NO,RAIN,4,EMP
RAD,OSM,SSW,DRY,DAY,MULTI,LIGHT,FINE,5,EMP
RAD,NSR,SSW,WET,DAY,MULTI,NO,RAIN,4,EMP
BSP,OSR,N2T,DRY,DAY,MULTI,LIGHT,FINE,1,EMP
TIN,NSR,SSW,DRY,DAY,BUS,MODERATE,FINE,4,EMP
RAD,OSM,SSW,DRY,DAY,SINGLE,MODERATE,FINE,5,CARS TRUCKS
TIN,OSM,SSW,DRY,DAY,SINGLE,MODERATE,FINE,4,EMP
DEPOT,OSR,SSW,SLIP,NIGHT,SINGLE,HEAVY,RAIN,1,EMP
XRD,NSR,TBO,DRY,DAY,SINGLE,LIGHT,FINE,1,GEN
BSP,NSF,HON,WET,NIGHT,MULTI,NO,RAIN,4,EMP
RAD,OSM,SSW,WET,NIGHT,SINGLE,NO,RAIN,4,BUS - OTHER
BSP,TOPM,SSW,DRY,DAY,SINGLE,NO,FINE,5,PAS
RAD,OSR,N2T,DRY,DAY,SINGLE,MODERATE,FINE,1,CARS TRUCKS
RAD,OSM,TBO,WET,DAY,MULTI,LIGHT,RAIN,1,CARS TRUCKS
DEPOT,OSR,SSW,DRY,DAY,SINGLE,LIGHT,FINE,4,CARS TRUCKS
RAD,NSR,BTMO,DRY,NIGHT,MULTI,HEAVY,FINE,4,CARS TRUCKS
RAD,NSR,TAI,DRY,DAY,SINGLE,LIGHT,FINE,6,EMP
XRD,NSM,SSW,DRY,DAY,SINGLE,LIGHT,FINE,1,EMP
BSP,OSR,REVERSING,WET,DAY,SINGLE,LIGHT,RAIN,4,CARS TRUCKS
RAD,OSM,SSW,DRY,DAY,BUS,LIGHT,FINE,1,CARS TRUCKS
TIN,OSM,SSW,DRY,DAWN,MULTI,HEAVY,FINE,4,EMP
XRD,OSR,N2T,DRY,DAY,SINGLE,MODERATE,FINE,1,BUS - OTHER
RAD,REAR,REVERSING,WET,DAY,MULTI,LIGHT,RAIN,4,EMP
RAD,Small crack and,SSW,DRY,DAY,SINGLE,LIGHT,FINE,4,EMP
BSP,OSR,REVERSING,DRY,DAY,BUS,MODERATE,FINE,1,CARS TRUCKS
RAD,OSF,SSW,DRY,DAY,SINGLE,LIGHT,FINE,5,EMP
BSP,MIR,SSW,WET,NIGHT,SINGLE,NO,RAIN,4,BUS - OTHER
RAD,NSR,TBO,DRY,DAY,SINGLE,NO,FINE,1,EMP
RAD,FRNT,TBO,DRY,DAY,MULTI,HEAVY,FINE,4,EMP
RBT,OSF,SSW,DRY,DAWN,SINGLE,HEAVY,FINE,1,EMP
RAD,OSR,SSW,WET,DAY,SINGLE,HEAVY,RAIN,4,EMP
BSP,NSM,SSW,DRY,DUSK,MULTI,LIGHT,FINE,4,CARS TRUCKS
RAD,NSF,SSW,DRY,DAY,SINGLE,NO,FINE,1,CARS TRUCKS
RAD,NSM,SSW,WET,NIGHT,SINGLE,LIGHT,RAIN,4,EMP
RAD,OSF,SSW,DRY,DAY,SINGLE,LIGHT,FINE,1,CARS TRUCKS
RAD,WIN,SSW,DRY,DAY,MULTI,HEAVY,FINE,1,CARS TRUCKS
RAD,OSM,SSW,WET,DAY,SINGLE,LIGHT,RAIN,4,CARS TRUCKS
BSP,OSR,SSW,DRY,DAY,MULTI,LIGHT,FINE,1,EMP
RAD,NSF,BTMO,DRY,DAY,SINGLE,NO,FINE,4,CARS TRUCKS
BSP,NSR,TAI,WET,NIGHT,BUS,LIGHT,RAIN,4,EMP
TIN,OSR,SSW,WET,DAY,SINGLE,HEAVY,FINE,4,EMP
BSP,NSM,SSW,DRY,NIGHT,MULTI,LIGHT,FINE,1,EMP
XRD,FRNT,TAI,DRY,DAY,MULTI,HEAVY,FINE,1,CARS TRUCKS
BSP,MIR,SSW,WET,NIGHT,SINGLE,LIGHT,RAIN,4,EMP
BSP,OSF,SSW,DRY,DAY,MULTI,HEAVY,SUN,4,EMP
RAD,WSRE,BTMO,DRY,DAY,MULTI,LIGHT,FOG,0,OTH
RBT,OSR,REVERSING,DRY,DAY,SINGLE,MODERATE,FINE,4,EMP
RAD,NSF,HON,DRY,DAY,SINGLE,LIGHT,FINE,1,EMP
RAD,NSM,SSW,DRY,DAY,SINGLE,LIGHT,FINE,1,OTH
BSP,NSF,SSW,WET,NIGHT,SINGLE,LIGHT,RAIN,4,EMP
XRD,FRNT,TBO,DRY,DAY,MULTI,LIGHT,FINE,1,EMP
BSP,NSR,SSW,DRY,DAY,SINGLE,NO,SUN,4,BUS - OTHER
RAD,OSR,SSW,DRY,DAY,MULTI,HEAVY,FINE,3,EMP
RAD,OSF,SSW,DRY,DAY,SINGLE,MODERATE,FINE,5,ROA
RAD,NSR,SSW,WET,DAY,MULTI,HEAVY,RAIN,4,EMP
BSP,MIR,SSW,DRY,DAWN,MULTI,LIGHT,FINE,5,CARS TRUCKS
DEPOT,NSM,SSW,WET,DAY,SINGLE,NO,RAIN,4,BUS - OTHER
BSP,MIR,SSW,WET,NIGHT,MULTI,LIGHT,RAIN,4,EMP
RAD,OSF,SSW,DRY,DAY,MULTI,MODERATE,FINE,1,EMP
RAD,NSF,SSW,DRY,DAY,SINGLE,HEAVY,FINE,4,BUS - OTHER
RAD,NSM,SSW,DRY,DAY,MULTI,MODERATE,FINE,4,GEN
RAD,NSF,N2T,DRY,DAY,MULTI,LIGHT,FINE,4,EMP
DEPOT,MIR,SSW,DRY,DAY,BUS,NO,FINE,1,CARS TRUCKS
BSP,NSR,N2T,DRY,DAY,SINGLE,HEAVY,FINE,5,ROA
RAD,FRNT,N2T,WET,DAY,SINGLE,HEAVY,RAIN,4,EMP
DEPOT,FRNT,HON,DRY,DAY,SINGLE,LIGHT,FINE,0,NONPOW
RAD,WSRE,SSW,DRY,DAY,MULTI,HEAVY,FINE,0,GEN
DEPOT,OSR,SSW,WET,DAY,SINGLE,NO,FINE,4,EMP
BSP,OSR,N2T,DRY,DAY,SINGLE,LIGHT,FINE,4,EMP
DEPOT,NSM,SSW,DRY,DAY,SINGLE,LIGHT,FINE,6,BUS - OTHER
RAD,FRNT,HON,WET,DAY,SINGLE,NO,FINE,0,EMP
BSP,TOPF,SSW,DRY,DAY,SINGLE,NO,FINE,4,EMP
RAD,NSR,HON,DRY,DAWN,SINGLE,LIGHT,FINE,4,EMP
XRD,OSR,TAI,DRY,DAWN,SINGLE,NO,FOG,4,EMP
XRD,NSR,BTMO,WET,DAY,MULTI,LIGHT,FINE,4,EMP
RAD,OSF,TBO,DRY,DAY,SINGLE,LIGHT,FINE,1,CARS TRUCKS
RAD,NSF,SSW,DRY,DAY,MULTI,MODERATE,FINE,0,PL&EQ
DEPOT,OSR,SSW,DRY,DAWN,SINGLE,NO,FINE,2,EMP
BSP,REAR,SSW,DRY,NIGHT,MULTI,MODERATE,FINE,1,EMP
RAD,OSF,SSW,DRY,DAY,MULTI,MODERATE,FINE,5,EMP
RAD,REAR,SSW,DRY,DAY,SINGLE,LIGHT,FINE,4,EMP
RAD,NSR,SSW,DRY,DAY,BUS,NO,FINE,1,EMP
RAD,OSF,SSW,DRY,DAY,SINGLE,NO,FINE,6,EMP
RAD,MIR,SSW,DRY,DUSK,SINGLE,LIGHT,FINE,4,EMP
RAD,FRNT,REVERSING,DRY,NIGHT,SINGLE,LIGHT,FINE,1,EMP
DEPOT,MIR,SSW,DRY,DAY,BUS,LIGHT,FINE,4,BUS - OTHER
RAD,NSM,SSW,DRY,DAY,SINGLE,HEAVY,FINE,1,CARS TRUCKS
RAD,NSR,SSW,DRY,DAY,SINGLE,MODERATE,FINE,1,CARS TRUCKS
BSP,MIR,HON,DRY,DAWN,SINGLE,LIGHT,FINE,4,EMP
BSP,TOPF,SSW,WET,DAY,SINGLE,HEAVY,FINE,4,EMP
XRD,NSR,SSW,DRY,DAY,SINGLE,MODERATE,FINE,1,EMP
RAD,WSRE,BTMO,DRY,DAY,MULTI,MODERATE,FINE,0,OTH
RAD,NSF,HON,DRY,DAY,SINGLE,LIGHT,FINE,5,ROA
DEPOT,FRNT,HON,DRY,DAWN,SINGLE,NO,FINE,4,EMP
RAD,NSF,N2T,DRY,DAY,SINGLE,HEAVY,FINE,4,EMP
BSP,FRNT,SSW,DRY,DAY,BUS,LIGHT,FINE,4,EMP
RAD,OSF,SSW,DRY,DAY,MULTI,HEAVY,FINE,5,EMP
RAD,FRNT,SSW,DRY,DAY,SINGLE,MODERATE,FINE,1,ROA
DEPOT,REAR,SSW,WET,NIGHT,BUS,NO,FINE,4,EMP
RAD,NSM,SSW,WET,DAY,BUS,LIGHT,RAIN,4,EMP
XRD,NSR,TBO,DRY,DAY,MULTI,HEAVY,FINE,4,CARS TRUCKS
BSP,REAR,N2T,DRY,DAY,SINGLE,LIGHT,FINE,6,OTH
RAD,OSR,SSW,DRY,DAY,SINGLE,NO,FINE,6,OTH
XRD,FRNT,HON,WET,NIGHT,SINGLE,MODERATE,RAIN,1,CARS TRUCKS
BSP,REAR,SSW,DRY,DAY,MULTI,MODERATE,FINE,1,CARS TRUCKS
BSP,OSF,SSW,DRY,DAY,MULTI,LIGHT,FINE,4,BUS - OTHER
BSP,NSR,SSW,DRY,DAY,MULTI,NO,FINE,4,EMP
BSP,OSR,SSW,DRY,DAWN,BUS,LIGHT,FINE,4,EMP
BSP,NSR,SSW,DRY,DUSK,SINGLE,HEAVY,FINE,4,CARS TRUCKS
RAD,FRNT,SSW,DRY,STREET,SINGLE,LIGHT,FINE,1,EMP
DEPOT,NSF,TBO,DRY,DAWN,SINGLE,NO,FINE,4,EMP
RAD,FRNT,HON,DRY,DAY,MULTI,HEAVY,FINE,4,EMP
RAD,NSR,SSW,WET,DAY,SINGLE,MODERATE,RAIN,4,EMP
RAD,MIR,SSW,DRY,NIGHT,MULTI,LIGHT,FINE,0,OTH
RBT,NSM,SSW,WET,DAY,BUS,LIGHT,RAIN,4,EMP
BSP,REAR,SSW,DRY,DUSK,BUS,MODERATE,FINE,4,EMP
BSP,MIR,HON,DRY,DAWN,MULTI,NO,FINE,4,EMP
RBT,OSM,SSW,DRY,NIGHT,MULTI,NO,FINE,4,EMP
TIN,FRNT,N2T,WET,DAY,SINGLE,HEAVY,RAIN,4,BUS - OTHER
XRD,NSF,SSW,DRY,NIGHT,MULTI,HEAVY,FINE,4,EMP
XRD,FRNT,N2T,DRY,STREET,MULTI,LIGHT,FINE,1,GEN
RAD,OSR,N2T,DRY,DAY,FREE,HEAVY,FINE,1,GEN
RAD,WSRE,BTMO,DRY,DAY,SINGLE,NO,FINE,4,BUS BRAKING
DEPOT,MIR,TAI,DRY,DAWN,BUS,NO,FINE,2,EMP
RAD,OSR,TBO,WET,DAY,MULTI,LIGHT,RAIN,1,CARS TRUCKS
BSP,OSF,SSW,DRY,DUSK,SINGLE,NO,FINE,4,EMP
BSP,NSF,N2T,DRY,DAY,SINGLE,LIGHT,FINE,4,EMP
TIN,OSR,SSW,DRY,DAY,MULTI,HEAVY,FINE,1,CARS TRUCKS
BSP,TOPF,REVERSING,DRY,DAY,BUS,LIGHT,FINE,4,EMP
BSP,FRNT,SSW,DRY,DAY,SINGLE,MODERATE,FINE,0,EMP
RAD,NSR,TAI,DRY,DAY,MULTI,MODERATE,FINE,4,CARS TRUCKS
RAD,MIR,SSW,DRY,DAY,BUS,MODERATE,FINE,1,EMP
RAD,OSR,TAI,DRY,DAY,MULTI,MODERATE,FINE,4,BUS - OTHER
RAD,FRNT,N2T,DRY,DAY,MULTI,MODERATE,FINE,4,EMP
BSP,TOPM,SSW,DRY,DAY,SINGLE,NO,FINE,4,EMP
BSP,NSR,SSW,DRY,DUSK,SINGLE,LIGHT,FOG,4,EMP
BSP,NSM,SSW,DRY,DAY,MULTI,NO,FINE,5,GEN
TIN,OSR,REVERSING,DRY,DAY,SINGLE,NO,FINE,4,EMP
RBT,NSR,SSW,DRY,DAY,MULTI,LIGHT,FINE,4,EMP
RAD,NSF,SSW,DRY,DUSK,SINGLE,HEAVY,FINE,4,BUS - OTHER
RAD,NSM,TAI,DRY,NIGHT,SINGLE,LIGHT,FINE,4,EMP
RAD,NSR,N2T,WET,DAY,MULTI,MODERATE,RAIN,5,EMP
RAD,NSF,SSW,DRY,NIGHT,MULTI,LIGHT,FINE,0,OTH
RAD,OSR,N2T,DRY,DAY,SINGLE,HEAVY,FINE,1,ROA
XRD,OSR,SSW,DRY,DAY,MULTI,LIGHT,FINE,4,CARS TRUCKS
RAD,FRNT,HON,WET,NIGHT,SINGLE,NO,RAIN,4,BUS - OTHER
RAD,NSR,SSW,DRY,DAY,MULTI,HEAVY,FINE,5,EMP
TIN,NSM,SSW,DRY,DAY,SINGLE,HEAVY,FINE,4,EMP
RAD,NSM,SSW,DRY,NIGHT,SINGLE,LIGHT,FINE,4,EMP
RAD,NSR,SSW,DRY,DAWN,MULTI,LIGHT,FINE,0,GEN
RAD,Scratches on re,SSW,DRY,DAY,SINGLE,LIGHT,FINE,4,EMP
TIN,NSM,SSW,DRY,DAY,MULTI,LIGHT,FINE,4,EMP
RAD,NSF,BTMO,WET,NIGHT,MULTI,MODERATE,RAIN,4,EMP
BSP,OSF,SSW,DRY,DAWN,SINGLE,MODERATE,FINE,4,BUS - OTHER
RAD,NSR,TAI,DRY,DAY,MULTI,MODERATE,FINE,0,CARS TRUCKS
RAD,NSF,SSW,WET,DAY,MULTI,LIGHT,RAIN,1,EMP
RAD,R/H/S panel of ,SSW,DRY,DAY,SINGLE,LIGHT,FINE,1,EMP
RBT,NSF,SSW,WET,DAY,MULTI,MODERATE,RAIN,1,ROA
BSP,REAR,HON,DRY,DAY,SINGLE,NO,FINE,1,GEN
BSP,MIR,SSW,DRY,STREET,MULTI,MODERATE,FINE,4,EMP
BSP,OSR,N2T,DRY,NIGHT,SINGLE,NO,FINE,1,CARS TRUCKS
RAD,OSM,SSW,DRY,NIGHT,SINGLE,LIGHT,FINE,5,GEN
XRD,NSF,SSW,DRY,DAY,MULTI,HEAVY,FINE,4,CARS TRUCKS
XRD,NSR,SSW,WET,DAY,MULTI,MODERATE,RAIN,4,CARS TRUCKS
RAD,REAR,HON,DRY,DAY,SINGLE,LIGHT,FINE,4,EMP
RAD,FRNT,SSW,DRY,DAY,SINGLE,LIGHT,FINE,1,MAT