location_code,damage_code,collision_code,road_code,light_code,road_type_code,traffic_code,weather_code,emp_liability_code,kpi_cause_code
DEPOT,OSR,SSW,DRY,NIGHT,BUS,NO,FINE,1,BUS - OTHER
XRD,OSM,SSW,DRY,DAY,SINGLE,LIGHT,FINE,1,CARS TRUCKS
RAD,Top of bus badl,SSW,DRY,DAY,SINGLE,LIGHT,FINE,4,EMP
RAD,Paint scratches,SSW,DRY,DAY,SINGLE,LIGHT,FINE,1,EMP
RAD,NSM,N2T,DRY,DAY,MULTI,LIGHT,FINE,4,BUS - OTHER
BSP,OSF,SSW,DRY,DAWN,BUS,MODERATE,FINE,4,CARS TRUCKS
BSP,FRNT,SSW,DRY,NIGHT,SINGLE,LIGHT,FINE,1,EMP
TIN,NSR,SSW,DRY,DAY,SINGLE,HEAVY,SUN,4,EMP
XRD,REAR,SSW,DRY,DAY,SINGLE,LIGHT,FINE,4,EMP
BSP,REAR,N2T,DRY,DAY,SINGLE,HEAVY,FINE,1,ROA
RAD,NSR,SSW,DRY,DAY,MULTI,NO,FINE,1,ROA
RAD,FRNT,TBO,WET,DAY,MULTI,MODERATE,RAIN,1,CARS TRUCKS
XRD,NSR,TAI,DRY,NIGHT,MULTI,NO,FINE,4,CARS TRUCKS
RAD,MIR,SSW,WET,NIGHT,MULTI,NO,RAIN,5,CARS TRUCKS
RAD,NSR,SSW,DRY,DUSK,BUS,MODERATE,FINE,4,BUS - OTHER
BSP,NSR,TAI,WET,DAY,BUS,LIGHT,RAIN,4,CARS TRUCKS
BSP,NSR,REVERSING,DRY,NIGHT,BUS,LIGHT,FINE,4,EMP
BSP,REAR,REVERSING,DRY,DAY,BUS,LIGHT,FINE,4,EMP
BSP,OSM,SSW,DRY,DAY,BUS,LIGHT,FINE,1,CARS TRUCKS
BSP,REAR,SSW,DRY,DAY,MULTI,HEAVY,FINE,1,EMP
RAD,NSF,SSW,DRY,DAY,SINGLE,NO,FINE,1,EMP
RAD,WSRE,HON,DRY,DAY,FREE,HEAVY,FINE,0,OTH
XRD,NSM,SSW,DRY,NIGHT,SINGLE,LIGHT,FINE,3,EMP
RAD,NSR,N2T,DRY,DAY,SINGLE,LIGHT,FINE,4,EMP
RAD,OSR,TAI,DRY,DAY,SINGLE,LIGHT,FINE,4,BUS - OTHER
XRD,REAR,N2T,DRY,NIGHT,MULTI,MODERATE,FINE,5,CARS TRUCKS
RAD,FRNT,TBO,DRY,STREET,SINGLE,LIGHT,FINE,4,EMP
RAD,REAR,SSW,SLIP,DAY,MULTI,LIGHT,RAIN,4,EMP
RAD,OSR,SSW,DRY,DAWN,MULTI,MODERATE,FINE,1,CARS TRUCKS
RAD,NSR,TAI,DRY,DAY,MULTI,MODERATE,FINE,4,EMP
RAD,REAR,REVERSING,DRY,DAY,SINGLE,LIGHT,FINE,4,BUS - OTHER
RAD,O/S panel damag,SSW,DRY,DAY,SINGLE,LIGHT,FINE,4,EMP
RAD,OSM,SSW,DRY,DAY,SINGLE,NO,FINE,1,EMP
RAD,OSM,TBO,WET,DAY,SINGLE,HEAVY,RAIN,3,EMP
XRD,OSR,TBO,DRY,DAY,MULTI,LIGHT,FINE,1,EMP
TIN,NSR,SSW,DRY,DAY,SINGLE,HEAVY,FINE,4,EMP
DEPOT,NSR,SSW,DRY,DAY,SINGLE,LIGHT,FINE,2,BUS - OTHER
RAD,Rear R/H/S end ,SSW,DRY,DAY,SINGLE,LIGHT,FINE,4,EMP
RAD,MIR,SSW,DRY,DUSK,MULTI,LIGHT,FINE,4,EMP
RAD,OSR,N2T,WET,DAY,MULTI,LIGHT,RAIN,1,CARS TRUCKS
XRD,OSF,SSW,SLIP,DAY,SINGLE,LIGHT,RAIN,4,EMP
BSP,REAR,N2T,DRY,DAY,SINGLE,LIGHT,FINE,2,CARS TRUCKS
RBT,NSF,SSW,DRY,DAY,SINGLE,HEAVY,FINE,4,EMP
RAD,OSM,SSW,DRY,DUSK,MULTI,MODERATE,FINE,5,CARS TRUCKS
RAD,FRNT,N2T,WET,DAY,SINGLE,LIGHT,RAIN,4,BUS - OTHER
XRD,MIR,SSW,DRY,DAY,MULTI,MODERATE,FINE,5,GEN
BSP,NSF,ROO,DRY,DAY,MULTI,MODERATE,FINE,4,EMP
RAD,NSR,BTMO,DRY,DAY,MULTI,NO,FINE,4,EMP
RAD,OSF,SSW,DRY,DAY,SINGLE,MODERATE,FINE,1,ROA
BSP,OSF,N2T,DRY,DUSK,SINGLE,NO,FINE,4,EMP
RAD,NSF,TBO,DRY,DAY,SINGLE,LIGHT,FINE,4,CARS TRUCKS
BSP,NSR,REVERSING,DRY,DAY,MULTI,MODERATE,FINE,1,CARS TRUCKS
DEPOT,OSR,SSW,DRY,DAY,SINGLE,LIGHT,FINE,2,BUS - OTHER
RAD,OSF,SSW,DRY,DAY,SINGLE,LIGHT,FINE,6,BUS - OTHER
BSP,OSR,SSW,DRY,DAY,MULTI,LIGHT,FINE,5,CARS TRUCKS
RAD,NSM,SSW,DRY,DUSK,MULTI,HEAVY,FINE,4,EMP
BSP,OSR,N2T,DRY,NIGHT,MULTI,MODERATE,FINE,1,CARS TRUCKS
RAD,FRNT,HON,WET,NIGHT,SINGLE,LIGHT,RAIN,4,EMP
RAD,WSRE,BTMO,DRY,NIGHT,MULTI,LIGHT,FINE,5,EMP
TIN,FRNT,N2T,WET,DAY,MULTI,LIGHT,RAIN,4,EMP
XRD,NSF,TBO,DRY,DAY,MULTI,LIGHT,FINE,1,CARS TRUCKS
RAD,Broken driver's,SSW,DRY,DAY,SINGLE,LIGHT,FINE,1,EMP
TIN,NSF,N2T,DRY,DAY,MULTI,HEAVY,FINE,4,CARS TRUCKS
BSP,NSR,TAI,DRY,NIGHT,MULTI,HEAVY,FINE,4,EMP
RAD,FRNT,SSW,WET,DAY,MULTI,LIGHT,RAIN,1,EMP
RAD,FRNT,HON,SLIP,STREET,MULTI,NO,FOG,4,EMP
BSP,NSM,SSW,DRY,NIGHT,SINGLE,LIGHT,RAIN,4,EMP
RAD,REAR,N2T,DRY,STREET,SINGLE,LIGHT,FINE,5,CARS TRUCKS
XRD,NSM,SSW,DRY,DAY,MULTI,EXTREME,FINE,4,EMP
RAD,NSF,SSW,DRY,NIGHT,SINGLE,MODERATE,FINE,4,CARS TRUCKS
RAD,WSRE,BTMO,DRY,DAWN,SINGLE,NO,FINE,4,CARS TRUCKS
BSP,NSM,SSW,DRY,DAY,BUS,NO,FINE,4,EMP
BSP,NSR,TAI,DRY,STREET,BUS,LIGHT,FINE,4,EMP
RAD,NSM,SSW,WET,NIGHT,SINGLE,LIGHT,RAIN,4,BUS - OTHER
DEPOT,MIR,SSW,DRY,DAY,SINGLE,NO,FINE,2,EMP
BSP,NSF,HON,DRY,DAY,BUS,MODERATE,FINE,4,BUS - OTHER
RAD,OSF,SSW,DRY,DAY,FREE,HEAVY,FINE,1,EMP
RBT,OSR,SSW,WET,DAY,MULTI,HEAVY,RAIN,1,CARS TRUCKS
RAD,OSM,SSW,DRY,NIGHT,MULTI,LIGHT,FINE,4,EMP
BSP,NSR,TAI,WET,DAY,BUS,NO,RAIN,4,EMP
XRD,NSM,SSW,DRY,NIGHT,SINGLE,MODERATE,FINE,1,EMP
BSP,OSR,N2T,DRY,DAY,SINGLE,NO,FINE,1,CARS TRUCKS
RAD,FRNT,TBO,WET,DAWN,MULTI,NO,RAIN,1,CARS TRUCKS
TIN,NSM,SSW,WET,DAY,SINGLE,LIGHT,RAIN,4,EMP
XRD,NSF,SSW,DRY,DAY,FREE,LIGHT,FINE,4,CARS TRUCKS
BSP,MIR,SSW,DRY,NIGHT,SINGLE,NO,FINE,4,EMP
BSP,NSR,TAI,WET,DAY,SINGLE,LIGHT,FINE,4,BUS - OTHER
BSP,NSF,HON,WET,DAY,SINGLE,LIGHT,RAIN,4,EMP
RBT,NSR,HON,DRY,DAY,SINGLE,LIGHT,FINE,4,EMP
DEPOT,NSF,REVERSING,DRY,DAY,SINGLE,LIGHT,FINE,4,EMP
TIN,NSM,TBO,DRY,DAY,SINGLE,MODERATE,FINE,1,EMP
RBT,NSR,SSW,DRY,DAY,MULTI,LIGHT,FINE,1,EMP
DEPOT,OSF,SSW,DRY,NIGHT,BUS,LIGHT,FINE,4,EMP
DEPOT,NSM,SSW,DRY,NIGHT,SINGLE,NO,FINE,4,EMP
XRD,WIN,SSW,DRY,DAY,SINGLE,LIGHT,FINE,4,EMP
RAD,OSR,TAI,DRY,DAY,MULTI,MODERATE,FINE,1,CARS TRUCKS
RBT,NSR,SSW,DRY,NIGHT,SINGLE,LIGHT,FINE,5,ROA
TIN,NSR,SSW,DRY,DAY,MULTI,MODERATE,FINE,1,EMP
RAD,NSR,SSW,DRY,NIGHT,MULTI,NO,FINE,4,EMP
DEPOT,OSM,REVERSING,DRY,DAY,SINGLE,LIGHT,FINE,4,EMP
BSP,OSR,SSW,DRY,DAY,SINGLE,HEAVY,FINE,5,ROA
RAD,OSF,SSW,DRY,NIGHT,SINGLE,NO,FINE,4,BUS - OTHER
RAD,Dented rear bum,SSW,DRY,DAY,SINGLE,LIGHT,FINE,3,EMP
BSP,OSM,SSW,DRY,DAY,BUS,LIGHT,FINE,1,EMP
RBT,FRNT,N2T,DRY,DAY,SINGLE,LIGHT,FINE,4,EMP
BSP,NSF,SSW,WET,NIGHT,MULTI,LIGHT,RAIN,4,EMP
RAD,OSR,SSW,WET,DUSK,SINGLE,MODERATE,RAIN,4,EMP
XRD,FRNT,N2T,WET,DAY,MULTI,HEAVY,RAIN,4,EMP
RAD,FRNT,SSW,DRY,DAWN,SINGLE,NO,FINE,4,BUS - OTHER
BSP,MIR,HON,WET,NIGHT,MULTI,LIGHT,RAIN,4,EMP
TIN,OSF,SSW,WET,DAY,MULTI,HEAVY,RAIN,1,EMP
RAD,FRNT,BTMO,DRY,DAY,SINGLE,LIGHT,FINE,6,EMP
RAD,Small dent in f,SSW,DRY,DAY,SINGLE,LIGHT,FINE,1,EMP
RAD,NSR,TAI,DRY,DAY,SINGLE,LIGHT,FINE,6,BUS - OTHER
RAD,Dent in rear pa,SSW,DRY,DAY,SINGLE,LIGHT,FINE,1,EMP
BSP,MIR,SSW,DRY,DAY,MULTI,HEAVY,FINE,1,CARS TRUCKS
RAD,NSM,SSW,DRY,DAY,MULTI,HEAVY,FINE,4,EMP
RAD,R/H/S bumper,SSW,DRY,DAY,SINGLE,LIGHT,FINE,1,EMP
XRD,NSF,TBO,DRY,DAY,SINGLE,LIGHT,FINE,4,EMP
TIN,NSF,BTMO,DRY,DAY,SINGLE,HEAVY,FINE,4,EMP
DEPOT,OSM,SSW,DRY,DAY,SINGLE,LIGHT,FINE,4,EMP
RAD,NSM,SSW,DRY,NIGHT,SINGLE,EXTREME,FINE,4,CARS TRUCKS
BSP,NSF,HON,DRY,DAY,SINGLE,NO,FINE,4,BUS - OTHER
XRD,OSR,SSW,DRY,DAY,MULTI,MODERATE,FINE,4,CARS TRUCKS
DEPOT,FRNT,SSW,DRY,DAY,SINGLE,LIGHT,FINE,6,OTH
BSP,MIR,SSW,DRY,DAY,SINGLE,LIGHT,FINE,5,BUS - OTHER
BSP,NSR,SSW,DRY,DAY,SINGLE,LIGHT,FINE,1,ROA
RAD,NSM,SSW,DRY,DAY,SINGLE,HEAVY,FINE,4,CARS TRUCKS
XRD,NSR,SSW,WET,DAY,SINGLE,LIGHT,FINE,4,EMP
RAD,OSR,TAI,DRY,DAY,MULTI,LIGHT,FINE,1,CARS TRUCKS
RAD,NSF,N2T,DRY,DAY,MULTI,MODERATE,FINE,4,CARS TRUCKS
RAD,OSM,SSW,WET,DAY,SINGLE,EXTREME,RAIN,4,BUS - OTHER
RAD,Dent in rear of,SSW,DRY,DAY,SINGLE,LIGHT,FINE,4,EMP
BSP,MIR,SSW,DRY,DAY,BUS,MODERATE,FINE,4,BUS - OTHER
XRD,FRNT,SSW,DRY,DAY,SINGLE,LIGHT,FINE,0,OTH
RAD,FRNT,HON,DRY,DAY,SINGLE,NO,FINE,4,EMP
BSP,NSM,N2T,DRY,DAY,SINGLE,LIGHT,FINE,1,EMP
BSP,OSM,SSW,DRY,DAY,MULTI,LIGHT,FINE,1,CARS TRUCKS
RBT,WSRE,SSW,DRY,DAY,SINGLE,HEAVY,FINE,1,EMP
RAD,WSRE,N2T,DRY,DAY,SINGLE,LIGHT,FINE,1,EMP
RAD,OSR,SSW,DRY,DAY,SINGLE,MODERATE,FINE,4,BUS - OTHER
RBT,NSF,SSW,DRY,DAY,SINGLE,LIGHT,FINE,1,EMP
RAD,NSR,SSW,DRY,DAY,MULTI,LIGHT,FINE,4,CARS TRUCKS
TIN,MIR,SSW,DRY,DAY,SINGLE,LIGHT,SUN,4,EMP
RAD,MIR,SSW,WET,DAY,MULTI,MODERATE,RAIN,1,CARS TRUCKS
RAD,MIR,HON,SLIP,DAWN,MULTI,HEAVY,RAIN,4,CARS TRUCKS
RAD,WSRE,HON,DRY,DAY,MULTI,LIGHT,FINE,4,EMP
XRD,NSF,SSW,DRY,DAWN,MULTI,MODERATE,FINE,4,EMP
RAD,OSF,SSW,DRY,DUSK,MULTI,HEAVY,FINE,1,CARS TRUCKS
RBT,REAR,SSW,DRY,DAY,SINGLE,MODERATE,FINE,1,EMP
RAD,MIR,SSW,DRY,DAY,SINGLE,NO,FINE,1,ROA
RBT,MIR,SSW,DRY,DAY,MULTI,MODERATE,FINE,1,ROA
RAD,OSM,SSW,DRY,NIGHT,MULTI,MODERATE,FINE,1,EMP
RAD,OSR,N2T,DRY,DAY,MULTI,MODERATE,FINE,1,ROA
BSP,NSR,SSW,DRY,DAY,SINGLE,LIGHT,RAIN,4,EMP
TIN,NSR,SSW,WET,DAY,MULTI,HEAVY,RAIN,1,EMP
RAD,OSM,TAI,DRY,DAY,SINGLE,HEAVY,FINE,4,EMP
RAD,Broken window r,SSW,DRY,DAY,SINGLE,LIGHT,FINE,1,EMP
XRD,NSM,SSW,DRY,DAY,MULTI,LIGHT,FINE,1,BUS - OTHER
TIN,OSF,SSW,WET,DUSK,MULTI,HEAVY,RAIN,0,PL&EQ
RAD,REAR,N2T,DRY,DAY,SINGLE,NO,FINE,4,CARS TRUCKS
TIN,MIR,SSW,DRY,DAY,SINGLE,HEAVY,SUN,4,EMP
RAD,OSR,SSW,WET,NIGHT,SINGLE,MODERATE,RAIN,1,ROA
RBT,NSM,SSW,DRY,DAY,SINGLE,NO,FINE,4,CARS TRUCKS
BSP,MIR,SSW,WET,DAY,BUS,LIGHT,FINE,1,EMP
XRD,OSF,HON,DRY,DAY,SINGLE,HEAVY,FINE,4,CARS TRUCKS
XRD,OSR,TAI,DRY,DAY,MULTI,HEAVY,FINE,4,EMP
RBT,OSR,TBO,DRY,DAY,SINGLE,MODERATE,FINE,1,ROA
BSP,MIR,SSW,DRY,DAY,SINGLE,MODERATE,FINE,4,BUS - OTHER
RAD,FRNT,HON,DRY,DAY,MULTI,LIGHT,FINE,4,EMP
BSP,NSR,TBO,DRY,DAY,MULTI,MODERATE,FINE,1,CARS TRUCKS
RAD,Rubber mark on ,SSW,DRY,DAY,SINGLE,LIGHT,FINE,4,EMP
RAD,WSRE,HON,DRY,DAY,SINGLE,LIGHT,FINE,4,EMP
BSP,OSR,SSW,DRY,DAY,MULTI,HEAVY,FINE,5,ROA
RBT,FRNT,HON,DRY,DAWN,SINGLE,LIGHT,FINE,4,EMP
RAD,REAR,REVERSING,DRY,DAY,SINGLE,NO,FINE,4,CARS TRUCKS
BSP,TOPF,SSW,DRY,DAY,MULTI,MODERATE,FINE,4,EMP
BSP,NSM,SSW,DRY,DAY,BUS,LIGHT,FINE,4,CARS TRUCKS
RAD,NSR,BTMO,DRY,DAY,SINGLE,MODERATE,FINE,4,CARS TRUCKS
RAD,OSF,HON,WET,DAY,SINGLE,LIGHT,RAIN,4,BUS - OTHER
BSP,NSF,ROO,DRY,DUSK,SINGLE,NO,FINE,4,EMP
RAD,NSR,SSW,DRY,DUSK,SINGLE,LIGHT,FINE,1,EMP
XRD,REAR,N2T,DRY,DAWN,MULTI,LIGHT,FINE,1,EMP
RAD,NSM,SSW,DRY,DAY,SINGLE,MODERATE,FINE,4,EMP
RAD,Broken R/H/S fr,SSW,DRY,DAY,SINGLE,LIGHT,FINE,4,EMP
BSP,NSF,SSW,DRY,DAY,MULTI,HEAVY,FINE,4,BUS - OTHER
RBT,OSM,SSW,WET,DAY,SINGLE,MODERATE,RAIN,1,EMP
XRD,NSF,SSW,DRY,DAY,MULTI,LIGHT,FINE,1,CARS TRUCKS
DEPOT,MIR,TAI,DRY,NIGHT,BUS,NO,FINE,4,EMP
RAD,MIR,HON,DRY,DAY,SINGLE,HEAVY,FINE,4,EMP
RAD,OSM,TBO,WET,DAY,SINGLE,HEAVY,FINE,4,EMP
RAD,NSR,SSW,DRY,DAY,SINGLE,HEAVY,FINE,0,EMP
RAD,OSM,SSW,WET,DAY,SINGLE,LIGHT,RAIN,4,EMP
TIN,OSM,SSW,DRY,DAY,SINGLE,HEAVY,FINE,1,EMP
XRD,OSR,TBO,DRY,DAY,SINGLE,LIGHT,FINE,1,GEN
BSP,REAR,N2T,DRY,DAY,BUS,LIGHT,FINE,1,CARS TRUCKS
BSP,MIR,HON,DRY,NIGHT,MULTI,NO,FINE,4,EMP
XRD,NSM,SSW,DRY,DAY,MULTI,HEAVY,FINE,1,CARS TRUCKS
BSP,REAR,SSW,DRY,DAY,SINGLE,HEAVY,FINE,1,ROA
RAD,NSF,SSW,WET,DAY,SINGLE,LIGHT,RAIN,1,EMP
DEPOT,OSF,SSW,DRY,NIGHT,SINGLE,NO,FOG,2,BUS - OTHER
BSP,NSR,SSW,WET,DAY,SINGLE,HEAVY,RAIN,4,CARS TRUCKS
XRD,NSF,SSW,DRY,DAY,MULTI,LIGHT,FINE,3,EMP
RAD,OSF,SSW,WET,STREET,MULTI,LIGHT,RAIN,1,EMP
BSP,MIR,SSW,WET,DAY,SINGLE,NO,RAIN,1,EMP
RAD,NSR,SSW,DRY,DAY,MULTI,HEAVY,FINE,1,CARS TRUCKS
XRD,NSM,REVERSING,DRY,DAY,SINGLE,LIGHT,FINE,1,EMP
RAD,NSR,BTMO,DRY,DAY,SINGLE,LIGHT,FINE,4,EMP
RBT,OSR,SSW,DRY,DUSK,SINGLE,HEAVY,FINE,4,EMP
BSP,REAR,REVERSING,DRY,DAY,BUS,MODERATE,FINE,4,EMP
XRD,FRNT,N2T,DRY,DUSK,MULTI,HEAVY,FINE,1,CARS TRUCKS
BSP,NSR,TAI,DRY,NIGHT,MULTI,LIGHT,FINE,4,CARS TRUCKS
RAD,NSR,SSW,DRY,DAY,BUS,HEAVY,FINE,4,EMP
TIN,OSM,SSW,DRY,NIGHT,MULTI,LIGHT,FINE,4,EMP
RBT,NSM,SSW,DRY,DAY,MULTI,LIGHT,FINE,1,CARS TRUCKS
RAD,NSM,TAI,DRY,DAY,SINGLE,NO,FINE,4,EMP
RAD,NSF,TBO,DRY,DAY,MULTI,HEAVY,FINE,1,CARS TRUCKS
BSP,MIR,HON,WET,NIGHT,BUS,MODERATE,RAIN,4,EMP
RAD,OSM,SSW,DRY,DAY,MULTI,MODERATE,FINE,1,GEN
RAD,Panel damage to,SSW,DRY,DAY,SINGLE,LIGHT,FINE,1,EMP
RAD,NSF,SSW,DRY,DAY,SINGLE,LIGHT,FINE,6,BUS - OTHER
BSP,REAR,SSW,DRY,DAY,MULTI,MODERATE,FINE,1,EMP
RBT,FRNT,SSW,DRY,DAY,SINGLE,NO,FINE,4,EMP
TIN,NSF,SSW,DRY,DAY,MULTI,LIGHT,FINE,4,EMP
RAD,REAR,SSW,DRY,DAY,MULTI,NO,FINE,6,OTH
RAD,TOPR,N2T,DRY,DAY,SINGLE,LIGHT,FINE,4,EMP
XRD,OSR,SSW,WET,DAY,MULTI,HEAVY,RAIN,1,CARS TRUCKS
RAD,NSR,SSW,DRY,DAY,MULTI,LIGHT,FINE,1,BUS - OTHER
TIN,OSM,SSW,DRY,DAY,MULTI,MODERATE,FINE,1,BUS - OTHER
XRD,FRNT,SSW,WET,DAY,MULTI,HEAVY,RAIN,4,CARS TRUCKS
RBT,FRNT,HON,DRY,DAY,SINGLE,NO,FINE,4,EMP
RAD,FRNT,HON,WET,NIGHT,SINGLE,LIGHT,RAIN,0,OTH
RAD,NSM,SSW,DRY,DAY,SINGLE,HEAVY,RAIN,4,EMP
RBT,NSF,SSW,DRY,DAY,SINGLE,NO,FINE,4,EMP
RAD,REAR,REVERSING,DRY,NIGHT,MULTI,MODERATE,FINE,4,EMP
TIN,FRNT,TBO,DRY,DAY,SINGLE,HEAVY,FINE,1,CARS TRUCKS
TIN,NSR,TAI,WET,DUSK,SINGLE,EXTREME,RAIN,4,EMP
BSP,FRNT,HON,WET,DAY,MULTI,LIGHT,RAIN,4,EMP
RBT,WSRE,SSW,DRY,DUSK,SINGLE,NO,SUN,4,EMP
RAD,MIR,SSW,DRY,DAY,SINGLE,NO,FINE,1,CARS TRUCKS
RAD,Rear bumper dam,SSW,DRY,DAY,SINGLE,LIGHT,FINE,1,EMP
RAD,MIR,SSW,DRY,DUSK,SINGLE,LIGHT,SUN,4,EMP
RAD,OSM,SSW,DRY,DAWN,SINGLE,LIGHT,RAIN,4,CARS TRUCKS
XRD,NSM,SSW,WET,NIGHT,SINGLE,HEAVY,RAIN,4,CARS TRUCKS
RAD,OSM,SSW,DRY,DAY,MULTI,HEAVY,SUN,4,EMP
RAD,OSF,SSW,DRY,NIGHT,MULTI,LIGHT,FINE,1,CARS TRUCKS
RAD,OSM,SSW,DRY,DUSK,MULTI,HEAVY,FINE,1,EMP
RAD,OSR,N2T,DRY,DAY,SINGLE,HEAVY,FINE,1,EMP
RBT,MIR,HON,DRY,DAY,SINGLE,LIGHT,FINE,4,BUS - OTHER
RAD,WSRE,HON,DRY,NIGHT,SINGLE,NO,FINE,4,CARS TRUCKS
BSP,MIR,BTMO,DRY,DAY,BUS,LIGHT,FINE,4,EMP
BSP,MIR,SSW,SLIP,DAY,SINGLE,NO,RAIN,4,EMP
XRD,WSRE,SSW,DRY,DAY,SINGLE,LIGHT,FINE,3,EMP
XRD,OSF,SSW,DRY,DAY,MULTI,HEAVY,FINE,5,CARS TRUCKS
RAD,FRNT,HON,DRY,DAY,SINGLE,LIGHT,FINE,4,OTH
RAD,FRNT,HON,DRY,DAY,MULTI,LIGHT,FINE,5,CARS TRUCKS
RAD,FRNT,TBO,DRY,DAY,SINGLE,LIGHT,FINE,1,EMP
RAD,REAR,N2T,WET,DAY,MULTI,HEAVY,RAIN,1,ROA
RAD,MIR,SSW,DRY,NIGHT,MULTI,HEAVY,FINE,4,EMP
RAD,NSR,TBO,DRY,DAY,SINGLE,NO,FINE,1,CARS TRUCKS
RAD,NSR,REVERSING,DRY,DAY,SINGLE,NO,FINE,1,EMP
RAD,NSM,SSW,WET,DAY,MULTI,EXTREME,RAIN,4,EMP
DEPOT,FRNT,SSW,DRY,DAY,SINGLE,LIGHT,FINE,2,EMP
RAD,OSR,SSW,DRY,DAWN,SINGLE,LIGHT,FINE,4,EMP
RAD,NSF,SSW,DRY,DAY,SINGLE,LIGHT,FINE,0,GEN
RAD,OSR,N2T,WET,DAY,SINGLE,LIGHT,RAIN,1,CARS TRUCKS
RAD,OSM,SSW,DRY,DAY,BUS,HEAVY,FINE,4,EMP
RAD,FRNT,HON,SLIP,DAY,MULTI,NO,RAIN,4,EMP
TIN,OSR,SSW,DRY,DAY,MULTI,NO,FINE,4,EMP
RBT,OSR,SSW,DRY,DAY,SINGLE,HEAVY,FINE,4,EMP
RAD,OSF,REVERSING,DRY,DAY,SINGLE,LIGHT,FINE,1,ROA
RAD,NSM,SSW,SLIP,DUSK,SINGLE,NO,RAIN,4,EMP
BSP,OSR,SSW,DRY,DUSK,BUS,NO,FINE,1,BUS - OTHER
RAD,OSF,SSW,DRY,DAY,SINGLE,LIGHT,FINE,0,EMP
RAD,OSF,SSW,DRY,DAY,MULTI,HEAVY,FINE,5,ROA
BSP,MIR,SSW,DRY,DAWN,MULTI,LIGHT,FINE,4,EMP
BSP,WIN,SSW,WET,NIGHT,SINGLE,LIGHT,RAIN,1,EMP
XRD,NSR,TAI,DRY,NIGHT,MULTI,LIGHT,FINE,4,BUS - OTHER
RAD,OSR,N2T,DRY,DAY,SINGLE,LIGHT,FINE,4,EMP
RAD,MIR,SSW,DRY,DAY,SINGLE,HEAVY,FINE,5,EMP
BSP,NSM,SSW,WET,DAY,BUS,LIGHT,RAIN,4,CARS TRUCKS
BSP,MIR,TAI,DRY,DAY,BUS,LIGHT,FINE,4,EMP
RAD,NSR,REVERSING,DRY,NIGHT,SINGLE,NO,FINE,4,EMP
RAD,NSR,SSW,SLIP,DAY,SINGLE,HEAVY,ICE,4,BUS - OTHER
XRD,OSF,SSW,DRY,DAY,MULTI,MODERATE,FINE,1,EMP
XRD,FRNT,BTMO,DRY,DAY,SINGLE,LIGHT,FINE,4,EMP
DEPOT,NSR,REVERSING,SLIP,DAY,SINGLE,NO,FINE,4,EMP
RAD,REAR,REVERSING,DRY,DAY,SINGLE,LIGHT,FINE,4,CARS TRUCKS
TIN,NSM,TBO,DRY,DAY,SINGLE,NO,FINE,1,CARS TRUCKS
BSP,MIR,HON,WET,DAY,SINGLE,LIGHT,RAIN,4,CARS TRUCKS
RAD,NSR,SSW,WET,DAWN,SINGLE,LIGHT,RAIN,1,EMP
RAD,NSM,SSW,DRY,DAY,MULTI,LIGHT,FINE,4,CARS TRUCKS
RAD,OSM,REVERSING,DRY,DAY,SINGLE,LIGHT,FINE,1,CARS TRUCKS
RAD,NSR,SSW,WET,DAY,SINGLE,HEAVY,RAIN,4,CARS TRUCKS
RAD,OSR,SSW,WET,DAY,SINGLE,LIGHT,RAIN,4,EMP
DEPOT,NSM,SSW,WET,DAY,SINGLE,MODERATE,RAIN,4,BUS - OTHER
RAD,OSM,HON,DRY,DAY,SINGLE,NO,FINE,4,EMP
RAD,NSR,SSW,DRY,DAY,MULTI,HEAVY,FOG,4,EMP
RAD,OSR,SSW,DRY,DAY,MULTI,HEAVY,FINE,1,ROA
TIN,NSR,SSW,WET,DAY,SINGLE,HEAVY,RAIN,4,BUS - OTHER
RAD,OSF,SSW,DRY,DAY,SINGLE,HEAVY,FINE,5,GEN
RAD,OSF,N2T,DRY,DAY,SINGLE,NO,FINE,4,CARS TRUCKS
RBT,FRNT,SSW,DRY,DAY,SINGLE,EXTREME,FINE,1,EMP
RBT,NSR,BTMO,SLIP,NIGHT,SINGLE,NO,RAIN,0,CARS TRUCKS
XRD,NSF,SSW,DRY,DAY,SINGLE,NO,FINE,4,EMP
BSP,OSR,TAI,DRY,DUSK,BUS,NO,FINE,2,BUS - OTHER