location_code,damage_code,collision_code,road_code,light_code,road_type_code,traffic_code,weather_code,emp_liability_code,kpi_cause_code
RAD,NSR,TAI,WET,NIGHT,SINGLE,HEAVY,RAIN,4,CARS TRUCKS
BSP,OSM,SSW,DRY,DAY,SINGLE,LIGHT,RAIN,4,EMP
BSP,WSRE,SSW,DRY,NIGHT,MULTI,LIGHT,FINE,1,EMP
RBT,NSF,HON,DRY,NIGHT,SINGLE,NO,FINE,4,EMP
BSP,OSF,SSW,DRY,DAY,SINGLE,LIGHT,FINE,1,ROA
RAD,OSM,SSW,WET,NIGHT,SINGLE,NO,RAIN,4,CARS TRUCKS
RAD,REAR,SSW,DRY,DAY,SINGLE,LIGHT,FINE,2,BUS - OTHER
BSP,MIR,SSW,DRY,DAY,SINGLE,HEAVY,FINE,5,CARS TRUCKS
RAD,OSR,SSW,DRY,DAY,BUS,MODERATE,FINE,1,EMP
RAD,OSF,SSW,WET,DAY,SINGLE,LIGHT,FINE,1,EMP
RAD,NSM,SSW,WET,DAY,SINGLE,HEAVY,FINE,4,EMP
RAD,NSM,SSW,DRY,DAY,SINGLE,LIGHT,FINE,0,CARS TRUCKS
RAD,NSF,SSW,DRY,DAY,SINGLE,HEAVY,FINE,1,CARS TRUCKS
RAD,OSR,SSW,DRY,DAY,SINGLE,LIGHT,SUN,4,EMP
RBT,OSR,BTMO,DRY,DAY,SINGLE,LIGHT,FINE,4,CARS TRUCKS
BSP,OSR,SSW,DRY,DAY,SINGLE,MODERATE,FINE,1,ROA
TIN,FRNT,SSW,DRY,DAY,SINGLE,LIGHT,FINE,1,EMP
DEPOT,NSM,SSW,DRY,DAY,SINGLE,LIGHT,FINE,1,EMP
RAD,OSR,SSW,WET,STREET,MULTI,HEAVY,RAIN,4,EMP
RAD,O/S taillight a,SSW,DRY,DAY,SINGLE,LIGHT,FINE,4,EMP
RAD,hole in sump & ,SSW,DRY,DAY,SINGLE,LIGHT,FINE,3,EMP
RAD,OSR,TBO,DRY,NIGHT,MULTI,LIGHT,FINE,1,EMP
RAD,MIR,SSW,DRY,NIGHT,SINGLE,LIGHT,FINE,4,CARS TRUCKS
TIN,NSF,HON,SLIP,DUSK,SINGLE,LIGHT,RAIN,4,EMP
RBT,NSR,SSW,DRY,DUSK,SINGLE,LIGHT,FINE,4,EMP
DEPOT,FRNT,N2T,DRY,DAY,SINGLE,LIGHT,FINE,0,CARS TRUCKS
RAD,WSRE,HON,DRY,DAY,SINGLE,HEAVY,FINE,1,EMP
BSP,REAR,SSW,DRY,DAWN,MULTI,HEAVY,FINE,1,CARS TRUCKS
RAD,NSF,N2T,SLIP,DAY,MULTI,LIGHT,RAIN,4,EMP
XRD,MIR,SSW,DRY,DAY,SINGLE,LIGHT,FINE,4,EMP
RAD,OSM,SSW,DRY,DAY,SINGLE,MODERATE,FINE,1,ROA
XRD,FRNT,SSW,DRY,DAY,SINGLE,NO,FINE,4,EMP
DEPOT,MIR,HON,WET,DAY,SINGLE,NO,RAIN,4,EMP
RAD,OSM,SSW,DRY,DUSK,SINGLE,MODERATE,RAIN,5,EMP
DEPOT,WSRE,TAI,DRY,DAY,SINGLE,LIGHT,FINE,1,EMP
RAD,MIR,SSW,WET,DAY,MULTI,HEAVY,RAIN,1,EMP
RAD,OSF,TBO,DRY,DUSK,MULTI,HEAVY,RAIN,1,CARS TRUCKS
RAD,NSF,TBO,WET,DAY,BUS,HEAVY,RAIN,1,EMP
RAD,NSR,SSW,WET,DAY,SINGLE,EXTREME,RAIN,4,BUS - OTHER
RAD,FRNT,N2T,SLIP,DAY,SINGLE,MODERATE,FINE,4,EMP
RAD,REAR,SSW,WET,DAY,SINGLE,LIGHT,RAIN,4,EMP
XRD,NSR,SSW,DRY,DAWN,MULTI,NO,SUN,4,EMP
DEPOT,REAR,N2T,WET,NIGHT,SINGLE,NO,RAIN,4,EMP
RBT,OSR,BTMO,DRY,DAY,SINGLE,NO,FINE,4,CARS TRUCKS
TIN,NSR,TAI,WET,DAY,SINGLE,EXTREME,RAIN,4,EMP
RAD,NSM,SSW,DRY,DAY,MULTI,HEAVY,FINE,1,ROA
RAD,NSM,BTMO,WET,DAY,SINGLE,NO,RAIN,0,CARS TRUCKS
RAD,WIN,SSW,DRY,NIGHT,SINGLE,NO,FINE,0,GEN
XRD,OSR,TAI,DRY,DAY,SINGLE,LIGHT,FINE,1,EMP
BSP,NSR,SSW,DRY,NIGHT,MULTI,MODERATE,FINE,1,EMP
RAD,REAR,SSW,DRY,DAY,SINGLE,NO,FINE,4,CARS TRUCKS
RAD,NSR,SSW,WET,NIGHT,SINGLE,NO,FINE,4,EMP
RAD,OSM,SSW,DRY,DAY,MULTI,LIGHT,FINE,4,BUS - OTHER
RAD,NSM,SSW,DRY,STREET,MULTI,HEAVY,FINE,5,EMP
RAD,MIR,SSW,DRY,NIGHT,SINGLE,LIGHT,FINE,4,BUS - OTHER
RAD,OSR,REVERSING,DRY,DAY,SINGLE,NO,FINE,4,EMP
RAD,NSR,TBO,SLIP,DAY,SINGLE,LIGHT,FINE,1,CARS TRUCKS
XRD,OSM,SSW,DRY,DAY,MULTI,HEAVY,FINE,1,CARS TRUCKS
XRD,NSR,SSW,WET,DAY,MULTI,MODERATE,RAIN,1,ROA
RAD,OSF,SSW,DRY,DAY,SINGLE,NO,FINE,0,BUS - OTHER
DEPOT,OSF,TAI,DRY,DAY,SINGLE,LIGHT,FINE,2,EMP
RAD,NSF,SSW,DRY,DAY,MULTI,MODERATE,FINE,0,CYC
RAD,FRNT,TBO,DRY,DAY,SINGLE,HEAVY,FINE,1,CARS TRUCKS
RAD,OSR,SSW,DRY,DAY,SINGLE,LIGHT,FINE,5,EMP
RAD,NSF,SSW,DRY,DAY,FREE,HEAVY,FINE,4,EMP
RAD,NSR,REVERSING,DRY,DUSK,SINGLE,LIGHT,FINE,4,EMP
RAD,FRNT,HON,DRY,NIGHT,MULTI,MODERATE,FINE,5,NONPOW
RAD,OSF,N2T,DRY,DAY,MULTI,LIGHT,FINE,1,ROA
BSP,REAR,SSW,DRY,DAY,SINGLE,LIGHT,FINE,1,BUS - OTHER
RAD,OSM,TBO,DRY,NIGHT,MULTI,MODERATE,FINE,4,EMP
XRD,NSR,TAI,WET,DUSK,MULTI,HEAVY,RAIN,4,EMP
RAD,FRNT,SSW,WET,DAY,SINGLE,HEAVY,FINE,4,EMP
RAD,NSM,SSW,WET,DAY,SINGLE,MODERATE,FINE,1,EMP
RAD,MIR,SSW,DRY,DAY,MULTI,LIGHT,FINE,0,GEN
RAD,OSF,SSW,DRY,DAY,MULTI,LIGHT,FINE,4,CARS TRUCKS
BSP,FRNT,HON,WET,NIGHT,SINGLE,NO,RAIN,4,EMP
RAD,NSF,SSW,WET,NIGHT,SINGLE,HEAVY,RAIN,4,EMP
RAD,NSR,SSW,DRY,DAY,SINGLE,LIGHT,FINE,6,PAS
RAD,NSF,SSW,DRY,DAY,MULTI,HEAVY,FINE,4,BUS - OTHER
XRD,OSR,SSW,DRY,DAY,MULTI,LIGHT,FINE,1,EMP
BSP,NSR,BTMO,WET,DAY,SINGLE,HEAVY,RAIN,4,EMP
DEPOT,NSR,REVERSING,DRY,DAY,SINGLE,NO,FINE,4,BUS - OTHER
XRD,OSR,SSW,DRY,DAY,MULTI,HEAVY,FINE,1,EMP
BSP,WIN,SSW,DRY,DAY,SINGLE,LIGHT,FINE,4,EMP
RAD,OSF,SSW,DRY,STREET,MULTI,MODERATE,FINE,1,EMP
DEPOT,OSR,TAI,DRY,DAY,MULTI,NO,FINE,4,EMP
RBT,NSF,SSW,DRY,DAY,SINGLE,LIGHT,FINE,4,BUS - OTHER
BSP,NSR,SSW,WET,NIGHT,BUS,MODERATE,RAIN,4,CARS TRUCKS
BSP,MIR,HON,DRY,NIGHT,SINGLE,NO,FINE,4,EMP
XRD,OSF,SSW,DRY,DAY,MULTI,HEAVY,FINE,1,CYC
DEPOT,REAR,TAI,DRY,DAY,SINGLE,LIGHT,FINE,4,EMP
DEPOT,NSR,REVERSING,WET,DAY,SINGLE,NO,RAIN,4,EMP
DEPOT,NSM,SSW,WET,DAY,BUS,NO,FINE,4,EMP
RAD,FRNT,N2T,SLIP,DAWN,MULTI,HEAVY,FOG,4,EMP
RAD,NSM,SSW,DRY,DUSK,MULTI,HEAVY,FINE,1,EMP
RAD,NSF,SSW,DRY,DAY,BUS,HEAVY,FINE,4,EMP
DEPOT,FRNT,N2T,DRY,NIGHT,SINGLE,NO,FINE,4,BUS - OTHER
RAD,FRNT,SSW,DRY,DAY,SINGLE,LIGHT,FINE,1,CARS TRUCKS
RAD,OSF,SSW,DRY,DAY,SINGLE,LIGHT,FINE,4,ROA
RAD,NSF,SSW,WET,DAY,MULTI,LIGHT,RAIN,1,ROA
XRD,FRNT,HON,DRY,DAY,MULTI,LIGHT,FINE,4,EMP
RAD,NSM,SSW,DRY,DAY,MULTI,LIGHT,FINE,1,CARS TRUCKS
BSP,MIR,SSW,WET,DAY,SINGLE,NO,RAIN,4,EMP
XRD,NSR,N2T,DRY,DUSK,MULTI,HEAVY,FINE,4,EMP
RAD,NSR,N2T,DRY,DAY,MULTI,MODERATE,FINE,1,ROA
DEPOT,OSF,REVERSING,WET,DAY,SINGLE,NO,RAIN,1,EMP
BSP,OSR,N2T,DRY,DAY,MULTI,MODERATE,FINE,1,EMP
BSP,NSR,SSW,DRY,DAY,MULTI,MODERATE,FINE,5,CARS TRUCKS
RAD,OSF,TBO,DRY,DAY,SINGLE,MODERATE,FINE,4,EMP
RAD,NSR,SSW,WET,NIGHT,MULTI,NO,RAIN,1,EMP
RAD,OSM,TAI,DRY,DAY,SINGLE,LIGHT,FINE,4,EMP
BSP,NSF,HON,DRY,NIGHT,SINGLE,LIGHT,FINE,4,EMP
RAD,OSR,SSW,DRY,NIGHT,MULTI,LIGHT,FINE,4,EMP
BSP,NSM,SSW,DRY,DAY,BUS,NO,FINE,0,PAS
XRD,OSR,SSW,DRY,DAY,MULTI,LIGHT,FINE,4,EMP
RAD,OSM,SSW,DRY,DAY,SINGLE,HEAVY,FINE,4,EMP
RAD,OSF,SSW,WET,DAY,MULTI,MODERATE,RAIN,1,CARS TRUCKS
BSP,NSM,SSW,DRY,DAY,SINGLE,LIGHT,FINE,4,EMP
RAD,OSM,SSW,SLIP,DAY,MULTI,MODERATE,FINE,5,CARS TRUCKS
RAD,REAR,SSW,DRY,DAY,MULTI,MODERATE,FINE,1,CARS TRUCKS
RAD,NSF,SSW,WET,DUSK,MULTI,HEAVY,RAIN,0,EMP
RAD,Minor scratches,SSW,DRY,DAY,SINGLE,LIGHT,FINE,4,EMP
RAD,OSR,TBO,DRY,DAY,MULTI,MODERATE,FINE,1,EMP
BSP,NSR,TAI,DRY,DAY,BUS,NO,FINE,4,EMP
BSP,REAR,SSW,DRY,DAY,BUS,NO,FINE,1,CARS TRUCKS
BSP,NSF,SSW,WET,STREET,MULTI,HEAVY,RAIN,4,EMP
RAD,MIR,SSW,DRY,DAY,SINGLE,LIGHT,RAIN,5,ENV
RAD,NSR,N2T,DRY,DAY,SINGLE,LIGHT,FINE,4,CARS TRUCKS
BSP,OSR,SSW,DRY,DAY,BUS,LIGHT,FINE,1,BUS - OTHER
BSP,NSM,SSW,DRY,DAY,SINGLE,NO,FINE,4,CARS TRUCKS
RAD,NSR,REVERSING,DRY,DAY,SINGLE,NO,FINE,4,CARS TRUCKS
BSP,OSR,SSW,DRY,NIGHT,MULTI,MODERATE,FINE,1,EMP
RAD,WSRE,SSW,DRY,NIGHT,SINGLE,LIGHT,FINE,4,EMP
BSP,WIN,SSW,DRY,DAY,SINGLE,NO,FINE,0,PAS
RAD,REAR,REVERSING,WET,DAWN,SINGLE,NO,RAIN,4,EMP
RAD,OSM,SSW,DRY,DAY,SINGLE,LIGHT,FOG,1,EMP
RBT,NSM,SSW,WET,DUSK,SINGLE,MODERATE,RAIN,4,EMP
RBT,NSM,SSW,DRY,DAY,MULTI,MODERATE,FINE,4,EMP
XRD,OSR,REVERSING,DRY,NIGHT,SINGLE,NO,FOG,4,EMP
RAD,MIR,SSW,DRY,NIGHT,SINGLE,NO,FINE,4,EMP
DEPOT,OSR,BTMO,DRY,DAY,SINGLE,NO,FINE,4,EMP
DEPOT,OSR,REVERSING,DRY,DAWN,BUS,NO,FINE,4,EMP
RAD,OSR,SSW,DRY,DUSK,MULTI,HEAVY,FINE,4,EMP
BSP,NSF,SSW,DRY,DAY,SINGLE,NO,FINE,4,BUS - OTHER
XRD,NSF,SSW,DRY,DAY,SINGLE,NO,FINE,1,GEN
RAD,REAR,SSW,DRY,DAY,SINGLE,LIGHT,FINE,1,ROA
XRD,REAR,SSW,WET,DAY,SINGLE,NO,RAIN,4,EMP
RAD,OSR,SSW,DRY,DAY,BUS,MODERATE,FINE,4,EMP
RAD,NSR,SSW,DRY,DAWN,SINGLE,NO,FOG,4,EMP
RAD,MIR,SSW,DRY,DAY,MULTI,LIGHT,FINE,4,BUS - OTHER
RAD,OSF,SSW,DRY,NIGHT,SINGLE,HEAVY,FINE,4,EMP
BSP,NSR,BTMO,DRY,DAY,BUS,LIGHT,FINE,1,CARS TRUCKS
RAD,WIN,SSW,DRY,DAY,SINGLE,LIGHT,FINE,5,EMP
RBT,WIN,SSW,DRY,DAY,SINGLE,LIGHT,FINE,1,EMP
RAD,NSF,TBO,DRY,DAY,MULTI,LIGHT,FINE,1,CARS TRUCKS
TIN,NSM,SSW,DRY,DAY,SINGLE,LIGHT,FINE,4,EMP
DEPOT,NSR,SSW,WET,DAY,SINGLE,NO,RAIN,4,BUS - OTHER
XRD,OSR,TAI,DRY,DAY,MULTI,EXTREME,FINE,4,EMP
XRD,OSR,HON,DRY,DAY,MULTI,LIGHT,FINE,4,EMP
RAD,OSR,TAI,DRY,DAY,SINGLE,HEAVY,FINE,1,CARS TRUCKS
RAD,OSR,N2T,DRY,DAY,MULTI,HEAVY,FINE,1,EMP
DEPOT,OSR,REVERSING,DRY,NIGHT,BUS,NO,FOG,4,BUS - OTHER
RBT,OSM,BTMO,DRY,DAY,SINGLE,LIGHT,FINE,4,CARS TRUCKS
RAD,NSR,SSW,DRY,NIGHT,SINGLE,LIGHT,FINE,6,OTH
DEPOT,NSR,TAI,WET,DAY,SINGLE,NO,FINE,4,EMP
XRD,OSF,SSW,DRY,DAY,MULTI,HEAVY,FINE,1,GEN
DEPOT,FRNT,SSW,DRY,NIGHT,SINGLE,NO,FINE,4,EMP
RAD,OSR,ROO,DRY,DAY,SINGLE,LIGHT,FINE,4,CARS TRUCKS
RAD,OSF,SSW,DRY,NIGHT,SINGLE,LIGHT,FINE,0,GEN
DEPOT,OSR,REVERSING,DRY,DAY,SINGLE,LIGHT,FINE,6,OTH
XRD,OSR,TAI,DRY,DAY,MULTI,MODERATE,FINE,4,EMP
RAD,REAR,N2T,DRY,DAY,SINGLE,MODERATE,FINE,1,BUS - OTHER
RAD,R/H/S front ext,SSW,DRY,DAY,SINGLE,LIGHT,FINE,4,EMP
RAD,NSR,SSW,DRY,NIGHT,SINGLE,NO,FINE,0,GEN
BSP,FRNT,HON,DRY,DAY,SINGLE,LIGHT,FINE,4,EMP
RAD,OSR,SSW,DRY,NIGHT,SINGLE,LIGHT,FINE,1,EMP
DEPOT,NSM,SSW,DRY,DAY,SINGLE,LIGHT,FINE,1,CARS TRUCKS
DEPOT,OSF,REVERSING,DRY,NIGHT,BUS,NO,FINE,4,EMP
BSP,REAR,N2T,DRY,DAY,BUS,MODERATE,FINE,1,EMP
TIN,NSF,N2T,DRY,DAY,SINGLE,LIGHT,FINE,1,EMP
RAD,NSR,SSW,DRY,DAY,SINGLE,NO,FINE,0,GEN
BSP,NSR,ROO,DRY,DAY,MULTI,HEAVY,FINE,4,BUS - OTHER
BSP,OSR,SSW,DRY,DAY,BUS,MODERATE,FINE,4,BUS - OTHER
TIN,NSR,SSW,DRY,NIGHT,MULTI,LIGHT,FINE,1,CARS TRUCKS
RAD,WSRE,SSW,DRY,DAY,MULTI,MODERATE,FINE,0,CARS TRUCKS
XRD,MIR,HON,DRY,DAY,SINGLE,NO,FINE,4,EMP
BSP,NSR,N2T,WET,DAY,SINGLE,NO,FINE,4,EMP
TIN,OSM,SSW,WET,NIGHT,MULTI,NO,RAIN,4,EMP
RAD,NSR,N2T,DRY,DAY,SINGLE,LIGHT,FINE,5,BUS - OTHER
BSP,REAR,REVERSING,DRY,DAY,SINGLE,NO,FINE,2,EMP
TIN,OSF,BTMO,DRY,DAY,SINGLE,LIGHT,FINE,4,BUS - OTHER
RAD,WIN,SSW,DRY,DUSK,SINGLE,LIGHT,FINE,4,EMP
BSP,REAR,TBO,DRY,DAY,BUS,NO,FINE,6,CARS TRUCKS
RAD,NSF,SSW,DRY,DAY,MULTI,MODERATE,FINE,1,BUS BRAKING
RBT,NSM,SSW,DRY,DAY,MULTI,MODERATE,FINE,1,EMP
RAD,REAR,SSW,DRY,DAY,MULTI,MODERATE,FINE,0,EMP
RAD,NSM,TBO,DRY,DAY,SINGLE,MODERATE,FINE,1,GEN
RAD,FRNT,ROO,DRY,DAY,SINGLE,LIGHT,FINE,4,EMP
RAD,NSM,REVERSING,DRY,DAY,SINGLE,LIGHT,FINE,1,ROA
RAD,Nearside of the,SSW,DRY,DAY,SINGLE,LIGHT,FINE,4,EMP
RBT,REAR,HON,DRY,DAY,SINGLE,MODERATE,FINE,4,EMP
RAD,NSF,SSW,WET,DAY,SINGLE,NO,RAIN,4,OTH
RAD,OSR,ROO,WET,DAY,MULTI,LIGHT,RAIN,5,CARS TRUCKS
RAD,OSM,SSW,DRY,DAY,SINGLE,LIGHT,FINE,0,GEN
RAD,MIR,HON,DRY,DAY,SINGLE,NO,FINE,4,EMP
XRD,NSM,SSW,DRY,DAY,SINGLE,LIGHT,FINE,3,EMP
RAD,NSR,SSW,SLIP,NIGHT,SINGLE,NO,RAIN,4,EMP
RAD,MIR,SSW,DRY,DAY,MULTI,LIGHT,FINE,6,EMP
RAD,MIR,N2T,DRY,DAY,SINGLE,LIGHT,FINE,4,EMP
RAD,NSR,SSW,DRY,DAY,MULTI,MODERATE,FINE,5,CARS TRUCKS
BSP,REAR,SSW,WET,DAY,SINGLE,LIGHT,RAIN,4,EMP
XRD,OSF,SSW,DRY,NIGHT,MULTI,MODERATE,FINE,1,EMP
BSP,MIR,SSW,DRY,DAY,SINGLE,LIGHT,FINE,5,EMP
BSP,NSR,SSW,DRY,DAY,SINGLE,HEAVY,FINE,1,EMP
RAD,L/H/S rear scra,SSW,DRY,DAY,SINGLE,LIGHT,FINE,4,EMP
XRD,NSM,SSW,DRY,DAY,SINGLE,HEAVY,FINE,1,ROA
RAD,NSF,SSW,DRY,DAY,BUS,LIGHT,FINE,1,CARS TRUCKS
BSP,NSF,SSW,WET,DAY,MULTI,LIGHT,RAIN,0,EMP
RAD,MIR,SSW,DRY,STREET,MULTI,MODERATE,FINE,4,EMP
RAD,NSF,SSW,DRY,NIGHT,SINGLE,HEAVY,FINE,1,EMP
XRD,OSM,SSW,DRY,DAY,MULTI,MODERATE,FINE,1,CARS TRUCKS
RAD,NSF,SSW,DRY,DAY,BUS,LIGHT,FINE,5,CARS TRUCKS
RAD,NSR,REVERSING,DRY,DAY,SINGLE,NO,FINE,4,EMP
XRD,NSR,SSW,DRY,NIGHT,MULTI,MODERATE,FINE,1,GEN
RAD,NSR,TAI,DRY,DAY,BUS,HEAVY,FINE,4,EMP
BSP,NSR,SSW,DRY,DAY,SINGLE,LIGHT,FINE,1,GEN
TIN,NSF,SSW,DRY,DAY,MULTI,LIGHT,FINE,4,CARS TRUCKS
RAD,Front end of bu,SSW,DRY,DAY,SINGLE,LIGHT,FINE,4,EMP
RAD,OSR,N2T,DRY,NIGHT,SINGLE,LIGHT,FINE,1,EMP
RAD,FRNT,BTMO,DRY,NIGHT,MULTI,LIGHT,FINE,4,EMP
RBT,NSR,REVERSING,DRY,DUSK,SINGLE,NO,FINE,4,EMP
XRD,NSR,N2T,DRY,DAY,MULTI,HEAVY,FINE,1,EMP
XRD,REAR,N2T,DRY,DAY,MULTI,LIGHT,FINE,1,EMP
TIN,OSM,SSW,DRY,DAY,MULTI,MODERATE,FINE,1,CARS TRUCKS
RAD,OSM,REVERSING,DRY,DAY,SINGLE,NO,FINE,4,EMP
BSP,OSF,SSW,DRY,DAY,MULTI,EXTREME,FINE,1,CARS TRUCKS
RAD,OSF,TBO,WET,NIGHT,SINGLE,LIGHT,RAIN,4,CARS TRUCKS
RAD,NSR,SSW,SLIP,DUSK,SINGLE,HEAVY,RAIN,4,EMP
DEPOT,FRNT,HON,DRY,DAY,SINGLE,LIGHT,FINE,4,BUS - OTHER
BSP,OSR,N2T,DRY,DAY,SINGLE,LIGHT,FINE,5,ROA
TIN,NSR,SSW,WET,DAWN,MULTI,HEAVY,RAIN,4,EMP
DEPOT,NSR,SSW,WET,DAY,BUS,NO,RAIN,4,EMP
BSP,NSR,SSW,DRY,DUSK,SINGLE,LIGHT,FINE,4,CARS TRUCKS
RAD,MIR,SSW,DRY,DAY,MULTI,EXTREME,SUN,4,EMP
RAD,MIR,SSW,WET,DAY,MULTI,EXTREME,RAIN,1,EMP
RAD,Broken clearanc,SSW,DRY,DAY,SINGLE,LIGHT,FINE,4,EMP
RAD,FRNT,HON,WET,DAWN,SINGLE,NO,FINE,0,ENV
RAD,REAR,SSW,DRY,NIGHT,SINGLE,LIGHT,FINE,4,CARS TRUCKS
RAD,REAR,N2T,DRY,DAY,MULTI,HEAVY,FINE,1,CARS TRUCKS
DEPOT,OSR,TAI,DRY,DUSK,SINGLE,LIGHT,FINE,4,CARS TRUCKS
RAD,MIR,SSW,WET,NIGHT,MULTI,HEAVY,FINE,4,EMP
DEPOT,NSF,REVERSING,DRY,DAWN,BUS,LIGHT,FINE,2,EMP
BSP,MIR,SSW,DRY,DAY,BUS,LIGHT,FINE,2,BUS - OTHER
RAD,OSR,SSW,DRY,DAWN,SINGLE,LIGHT,FINE,1,EMP
DEPOT,MIR,SSW,DRY,DAY,SINGLE,LIGHT,FINE,0,EMP
BSP,OSM,SSW,DRY,NIGHT,SINGLE,LIGHT,FINE,0,PAS
TIN,FRNT,HON,WET,DAY,SINGLE,MODERATE,RAIN,4,EMP
XRD,NSF,SSW,DRY,DUSK,SINGLE,LIGHT,FINE,4,EMP
BSP,FRNT,ROO,DRY,DAY,SINGLE,LIGHT,FINE,4,BUS - OTHER
DEPOT,OSR,BTMO,DRY,NIGHT,BUS,NO,FINE,4,CARS TRUCKS
RAD,FRNT,N2T,DRY,DAY,SINGLE,HEAVY,FINE,4,CARS TRUCKS
RAD,OSR,BTMO,DRY,DAY,SINGLE,LIGHT,FINE,4,BUS - OTHER
RAD,L/H/S minor fib,SSW,DRY,DAY,SINGLE,LIGHT,FINE,4,EMP
DEPOT,OSR,SSW,DRY,DAY,SINGLE,LIGHT,FINE,2,EMP
RAD,OSR,SSW,DRY,DAY,MULTI,HEAVY,FINE,4,EMP
BSP,NSR,SSW,WET,DAY,SINGLE,LIGHT,RAIN,4,EMP
RAD,NSR,TAI,SLIP,DAY,SINGLE,NO,FOG,4,EMP
XRD,NSF,SSW,DRY,DAY,BUS,LIGHT,FINE,1,EMP
RAD,FRNT,HON,WET,NIGHT,SINGLE,NO,RAIN,0,OTH
RAD,TOPM,SSW,SLIP,DAY,SINGLE,NO,ICE,1,EMP
BSP,NSR,SSW,WET,NIGHT,BUS,NO,FINE,4,CARS TRUCKS
RAD,REAR,N2T,WET,DAY,SINGLE,LIGHT,RAIN,4,EMP
BSP,REAR,SSW,DRY,DAY,SINGLE,LIGHT,FINE,6,OTH
DEPOT,NSR,SSW,WET,DAWN,SINGLE,NO,FINE,4,EMP
RAD,REAR,BTMO,DRY,DAY,SINGLE,HEAVY,FINE,4,EMP
RAD,REAR,N2T,DRY,DAY,MULTI,LIGHT,FINE,4,EMP
RAD,REAR,TAI,DRY,DAY,MULTI,HEAVY,FINE,4,EMP
RAD,FRNT,SSW,WET,DAWN,SINGLE,LIGHT,RAIN,0,EMP
BSP,NSR,TAI,DRY,STREET,BUS,NO,FINE,4,EMP
RAD,OSR,SSW,DRY,DAY,SINGLE,LIGHT,FINE,2,CARS TRUCKS
BSP,OSR,REVERSING,DRY,DAY,BUS,NO,FINE,4,BUS - OTHER
BSP,FRNT,HON,WET,DUSK,BUS,NO,RAIN,4,EMP
RAD,NSM,SSW,DRY,DAY,BUS,HEAVY,FINE,1,EMP
RAD,WIN,SSW,DRY,DAY,SINGLE,LIGHT,FINE,6,EMP
RAD,Minor scratch o,SSW,DRY,DAY,SINGLE,LIGHT,FINE,1,EMP
TIN,NSM,SSW,DRY,DAY,MULTI,MODERATE,FINE,1,CARS TRUCKS
RAD,REAR,N2T,DRY,DAY,MULTI,LIGHT,FINE,1,CARS TRUCKS
BSP,MIR,SSW,DRY,DUSK,SINGLE,MODERATE,FINE,4,EMP
RAD,NSR,SSW,WET,DAY,MULTI,MODERATE,FINE,1,CARS TRUCKS
XRD,OSR,SSW,WET,DUSK,MULTI,NO,RAIN,1,CARS TRUCKS
BSP,MIR,ROO,WET,DAY,SINGLE,NO,RAIN,4,EMP
RAD,NSR,SSW,DRY,DAY,SINGLE,LIGHT,FINE,0,PL&EQ
BSP,NSR,SSW,DRY,DAY,SINGLE,LIGHT,FINE,5,EMP
RAD,NSR,TAI,DRY,DUSK,MULTI,HEAVY,FINE,4,EMP
RAD,WIN,SSW,WET,DAY,SINGLE,LIGHT,RAIN,4,EMP
BSP,NSF,SSW,DRY,DAY,SINGLE,LIGHT,FINE,1,GEN
XRD,REAR,N2T,DRY,DAY,MULTI,LIGHT,FINE,1,CARS TRUCKS
BSP,FRNT,N2T,WET,NIGHT,MULTI,MODERATE,RAIN,4,EMP
RAD,NSM,SSW,DRY,DUSK,SINGLE,EXTREME,FINE,4,EMP
XRD,OSR,N2T,DRY,NIGHT,BUS,LIGHT,FINE,1,CARS TRUCKS
RAD,NSR,SSW,DRY,DAY,BUS,LIGHT,FINE,4,EMP
RAD,Paint damage to,SSW,DRY,DAY,SINGLE,LIGHT,FINE,1,EMP
RAD,NSF,SSW,DRY,DUSK,SINGLE,LIGHT,FINE,4,EMP
XRD,NSF,SSW,DRY,DAY,SINGLE,NO,FINE,4,CARS TRUCKS
RAD,NSF,SSW,SLIP,DAY,SINGLE,LIGHT,FINE,4,EMP
RAD,WSRE,SSW,DRY,DAY,SINGLE,LIGHT,FINE,0,CARS TRUCKS
RAD,OSM,SSW,WET,DAY,MULTI,LIGHT,RAIN,1,EMP
BSP,REAR,REVERSING,DRY,NIGHT,SINGLE,LIGHT,FINE,4,EMP
RAD,WSRE,SSW,DRY,NIGHT,MULTI,LIGHT,FINE,0,OTH