location_code,damage_code,collision_code,road_code,light_code,road_type_code,traffic_code,weather_code,emp_liability_code,kpi_cause_code
BSP,OSM,SSW,DRY,NIGHT,SINGLE,NO,FOG,4,CARS TRUCKS
RAD,FRNT,SSW,WET,DUSK,SINGLE,LIGHT,RAIN,1,EMP
RAD,NSF,SSW,WET,DAY,MULTI,LIGHT,RAIN,0,ENV
RAD,OSR,N2T,DRY,DAY,SINGLE,HEAVY,FINE,5,ROA
DEPOT,FRNT,SSW,SLIP,DAY,SINGLE,NO,RAIN,4,EMP
RAD,NSR,N2T,DRY,DAY,SINGLE,LIGHT,FINE,5,CARS TRUCKS
RAD,FRNT,SSW,DRY,DAY,BUS,MODERATE,FINE,4,OTH
RAD,MIR,SSW,DRY,NIGHT,MULTI,MODERATE,FINE,4,EMP
RAD,OSR,SSW,SLIP,DAWN,SINGLE,LIGHT,FINE,4,EMP
BSP,OSM,SSW,DRY,DAY,SINGLE,HEAVY,FINE,4,CARS TRUCKS
TIN,NSR,TAI,WET,DAY,SINGLE,NO,RAIN,4,BUS - OTHER
DEPOT,OSR,N2T,DRY,DAY,SINGLE,LIGHT,FINE,4,EMP
BSP,FRNT,SSW,DRY,DAY,SINGLE,LIGHT,SUN,1,EMP
DEPOT,MIR,SSW,WET,DAY,BUS,NO,FINE,4,BUS - OTHER
TIN,NSF,SSW,SLIP,DUSK,SINGLE,NO,FINE,4,EMP
RBT,NSR,SSW,DRY,DAY,MULTI,HEAVY,FINE,4,EMP
XRD,FRNT,SSW,DRY,NIGHT,MULTI,LIGHT,FINE,4,EMP
RAD,OSM,SSW,DRY,DAY,BUS,LIGHT,FINE,4,EMP
BSP,NSF,SSW,WET,DUSK,MULTI,MODERATE,FINE,1,CARS TRUCKS
RAD,MIR,SSW,DRY,NIGHT,SINGLE,LIGHT,FINE,4,EMP
RAD,OSR,TAI,DRY,DAY,BUS,NO,FINE,4,EMP
TIN,NSM,SSW,WET,NIGHT,SINGLE,NO,RAIN,4,EMP
RAD,OSF,HON,SLIP,DAY,MULTI,MODERATE,FINE,1,CARS TRUCKS
RBT,MIR,SSW,WET,DAWN,SINGLE,NO,RAIN,4,EMP
RAD,REAR,HON,DRY,NIGHT,SINGLE,LIGHT,FINE,1,EMP
DEPOT,MIR,REVERSING,DRY,DAY,BUS,NO,FINE,2,EMP
XRD,OSR,SSW,WET,DAY,MULTI,HEAVY,RAIN,4,EMP
RAD,NSF,N2T,DRY,DAY,MULTI,HEAVY,FINE,4,EMP
DEPOT,OSR,BTMO,DRY,DAY,SINGLE,LIGHT,FINE,4,BUS - OTHER
RAD,FRNT,N2T,DRY,DAY,MULTI,LIGHT,FINE,4,BUS BRAKING
RAD,OSM,SSW,WET,DAY,SINGLE,HEAVY,RAIN,4,CARS TRUCKS
DEPOT,FRNT,HON,WET,DAY,SINGLE,NO,FINE,4,EMP
RAD,NSR,SSW,WET,DUSK,MULTI,MODERATE,RAIN,1,ROA
RBT,NSM,SSW,DRY,DAY,SINGLE,HEAVY,FINE,4,EMP
TIN,WSRE,SSW,DRY,DAY,SINGLE,LIGHT,FINE,4,EMP
RBT,NSM,BTMO,WET,DUSK,SINGLE,LIGHT,RAIN,4,CARS TRUCKS
RAD,FRNT,HON,DRY,NIGHT,MULTI,NO,FINE,4,EMP
RAD,OSF,SSW,DRY,DAY,SINGLE,NO,RAIN,4,EMP
DEPOT,OSR,SSW,DRY,DUSK,SINGLE,NO,FINE,4,EMP
DEPOT,NSF,REVERSING,DRY,DAY,SINGLE,NO,FINE,4,EMP
XRD,NSF,SSW,WET,DUSK,SINGLE,HEAVY,RAIN,1,EMP
RAD,NSR,SSW,WET,NIGHT,SINGLE,LIGHT,FOG,4,EMP
DEPOT,NSR,REVERSING,DRY,DAY,MULTI,LIGHT,FINE,4,EMP
BSP,NSM,TAI,WET,DAY,SINGLE,NO,RAIN,4,EMP
DEPOT,REAR,SSW,DRY,DAY,SINGLE,NO,FINE,4,CARS TRUCKS
RAD,REAR,REVERSING,DRY,DAWN,MULTI,LIGHT,FINE,4,EMP
RBT,NSF,SSW,DRY,DAY,SINGLE,MODERATE,FINE,1,EMP
RAD,FRNT,SSW,DRY,DAY,MULTI,NO,FINE,1,EMP
RAD,OSR,SSW,WET,NIGHT,MULTI,LIGHT,FINE,5,CARS TRUCKS
RAD,NSF,HON,DRY,NIGHT,MULTI,MODERATE,FINE,4,EMP
RAD,OSF,HON,WET,DAY,MULTI,HEAVY,RAIN,1,EMP
RAD,OSR,REVERSING,DRY,DAY,SINGLE,LIGHT,FINE,4,BUS - OTHER
BSP,MIR,N2T,DRY,DAY,SINGLE,LIGHT,FINE,4,EMP
BSP,WSRE,SSW,DRY,DAY,SINGLE,LIGHT,FINE,4,EMP
RAD,OSM,SSW,DRY,DAY,MULTI,MODERATE,SUN,4,EMP
RAD,NSR,SSW,DRY,DAY,MULTI,EXTREME,FINE,1,EMP
DEPOT,NSR,SSW,DRY,DAWN,BUS,NO,FINE,4,BUS - OTHER
RAD,OSF,SSW,DRY,NIGHT,SINGLE,LIGHT,FINE,4,EMP
TIN,WSRE,SSW,DRY,DAY,MULTI,HEAVY,FINE,4,EMP
BSP,OSR,SSW,DRY,DAY,SINGLE,MODERATE,FINE,2,BUS - OTHER
DEPOT,NSR,SSW,WET,DAY,SINGLE,NO,FINE,4,BUS - OTHER
BSP,OSR,TAI,DRY,DAY,BUS,MODERATE,FINE,4,CARS TRUCKS
BSP,MIR,SSW,DRY,DAY,MULTI,LIGHT,FINE,1,CARS TRUCKS
RAD,REAR,SSW,DRY,DAY,SINGLE,LIGHT,FINE,1,CARS TRUCKS
RAD,OSR,SSW,WET,DUSK,MULTI,MODERATE,RAIN,1,CARS TRUCKS
RAD,Rear bumper rig,SSW,DRY,DAY,SINGLE,LIGHT,FINE,1,EMP
XRD,OSM,SSW,DRY,DAY,SINGLE,EXTREME,FINE,4,EMP
RAD,OSF,SSW,WET,DAY,MULTI,HEAVY,RAIN,5,CARS TRUCKS
DEPOT,NSM,SSW,DRY,DAY,SINGLE,LIGHT,FINE,4,CARS TRUCKS
RAD,WIN,SSW,DRY,DAY,SINGLE,NO,FINE,0,GEN
BSP,NSF,SSW,DRY,DAY,SINGLE,LIGHT,FINE,1,EMP
BSP,NSR,ROO,DRY,DAWN,SINGLE,NO,FINE,4,EMP
RAD,NSM,SSW,DRY,DAY,SINGLE,HEAVY,FINE,4,EMP
BSP,OSF,N2T,WET,NIGHT,BUS,LIGHT,RAIN,1,EMP
BSP,NSM,SSW,DRY,DAWN,SINGLE,NO,FINE,4,EMP
BSP,OSF,SSW,DRY,DAY,MULTI,EXTREME,FINE,5,EMP
XRD,NSR,TAI,DRY,DAY,SINGLE,NO,FINE,4,EMP
RAD,WIN,SSW,DRY,DAY,SINGLE,MODERATE,FINE,4,EMP
RAD,OSF,SSW,DRY,DAY,SINGLE,LIGHT,SUN,4,EMP
RAD,OSF,SSW,WET,DAY,MULTI,HEAVY,RAIN,1,CARS TRUCKS
DEPOT,OSM,SSW,DRY,DAY,MULTI,NO,FINE,4,EMP
BSP,FRNT,SSW,WET,NIGHT,SINGLE,LIGHT,RAIN,4,EMP
RAD,Panel from behi,SSW,DRY,DAY,SINGLE,LIGHT,FINE,1,EMP
BSP,NSM,SSW,DRY,STREET,SINGLE,HEAVY,FINE,4,EMP
XRD,OSF,REVERSING,SLIP,DAY,MULTI,MODERATE,RAIN,5,CARS TRUCKS
TIN,MIR,SSW,DRY,DAY,MULTI,MODERATE,FINE,5,CARS TRUCKS
DEPOT,OSM,SSW,DRY,DAY,SINGLE,LIGHT,FINE,5,EMP
RAD,OSM,SSW,WET,DAY,SINGLE,NO,RAIN,4,EMP
RAD,L/H/S FRONT,SSW,DRY,DAY,SINGLE,LIGHT,FINE,4,EMP
DEPOT,NSM,SSW,DRY,DUSK,SINGLE,NO,FINE,1,EMP
RAD,NSR,SSW,WET,NIGHT,SINGLE,NO,RAIN,1,EMP
RAD,NSR,HON,DRY,DUSK,SINGLE,NO,FINE,4,EMP
RAD,NSR,SSW,DRY,DAY,SINGLE,LIGHT,FINE,4,GEN
RBT,FRNT,N2T,DRY,DAY,MULTI,MODERATE,FINE,4,EMP
RAD,Dent and scrape,SSW,DRY,DAY,SINGLE,LIGHT,FINE,1,EMP
RBT,FRNT,N2T,SLIP,DAWN,SINGLE,LIGHT,FINE,1,EMP
XRD,OSR,N2T,DRY,DAY,MULTI,LIGHT,FINE,5,CARS TRUCKS
RBT,NSR,TAI,DRY,DAY,MULTI,MODERATE,FINE,4,EMP
RAD,NSM,SSW,DRY,DUSK,SINGLE,LIGHT,FINE,4,CARS TRUCKS
RAD,R/H/S wing mirr,SSW,DRY,DAY,SINGLE,LIGHT,FINE,1,EMP
BSP,OSF,SSW,DRY,DAY,SINGLE,NO,FINE,4,BUS - OTHER
XRD,NSF,SSW,DRY,DAY,MULTI,NO,FINE,4,EMP
RAD,NSM,SSW,DRY,DAY,MULTI,MODERATE,FINE,5,EMP
RAD,N/S tail light ,SSW,DRY,DAY,SINGLE,LIGHT,FINE,4,EMP
BSP,MIR,SSW,DRY,DAY,BUS,MODERATE,FINE,1,EMP
RAD,L/H/S small mir,SSW,DRY,DAY,SINGLE,LIGHT,FINE,4,EMP
RAD,NSF,SSW,WET,DAWN,MULTI,HEAVY,FINE,0,OTH
BSP,FRNT,HON,DRY,DAY,BUS,LIGHT,FINE,4,EMP
BSP,NSR,SSW,WET,DAY,BUS,LIGHT,FINE,4,EMP
BSP,OSR,SSW,WET,DAY,BUS,NO,RAIN,1,EMP
DEPOT,NSR,BTMO,WET,DAY,SINGLE,NO,RAIN,4,EMP
BSP,NSM,SSW,DRY,DAY,BUS,MODERATE,FINE,4,EMP
RAD,Driver's side w,SSW,DRY,DAY,SINGLE,LIGHT,FINE,4,EMP
RAD,FRNT,HON,DRY,NIGHT,SINGLE,LIGHT,FINE,0,OTH
RAD,WIN,SSW,DRY,DAY,SINGLE,LIGHT,FINE,0,GEN
RBT,WSRE,SSW,WET,DAY,SINGLE,NO,RAIN,4,EMP
RAD,FRNT,N2T,DRY,DAY,MULTI,HEAVY,FINE,1,CARS TRUCKS
RAD,TOPR,SSW,DRY,DAY,MULTI,NO,FINE,4,EMP
BSP,MIR,SSW,DRY,NIGHT,SINGLE,HEAVY,FINE,5,CARS TRUCKS
BSP,NSR,TAI,DRY,NIGHT,MULTI,NO,FINE,4,BUS - OTHER
RAD,OSM,SSW,DRY,DAY,MULTI,EXTREME,FINE,1,CARS TRUCKS
XRD,OSF,HON,WET,DAY,MULTI,MODERATE,RAIN,1,BUS - OTHER
BSP,NSR,TAI,DRY,DAY,SINGLE,MODERATE,RAIN,2,EMP
RAD,OSF,SSW,SLIP,DAWN,MULTI,LIGHT,RAIN,4,EMP
RAD,FRNT,SSW,DRY,DUSK,SINGLE,LIGHT,FINE,1,EMP
TIN,NSM,SSW,WET,DAY,MULTI,MODERATE,RAIN,1,EMP
RAD,OSM,SSW,WET,DAY,SINGLE,NO,FINE,4,BUS - OTHER
RAD,N/S/R Bumper ba,SSW,DRY,DAY,SINGLE,LIGHT,FINE,4,EMP
RAD,OSR,SSW,DRY,DAY,SINGLE,LIGHT,FOG,4,EMP
RAD,NSR,REVERSING,DRY,DAY,SINGLE,LIGHT,FINE,4,CARS TRUCKS
RAD,NSF,HON,DRY,DAY,MULTI,MODERATE,FINE,4,BUS - OTHER
DEPOT,MIR,SSW,DRY,DAY,SINGLE,NO,FINE,6,OTH
BSP,WIN,SSW,DRY,DAY,SINGLE,NO,FINE,4,EMP
RBT,WSRE,BTMO,WET,DAY,SINGLE,LIGHT,FINE,4,EMP
DEPOT,REAR,REVERSING,DRY,DAWN,SINGLE,NO,FINE,4,EMP
RAD,NSR,TAI,DRY,DAY,SINGLE,LIGHT,SUN,4,EMP
RAD,NSF,HON,DRY,NIGHT,BUS,NO,FINE,4,EMP
RBT,NSF,SSW,DRY,DAWN,SINGLE,NO,FINE,1,EMP
RAD,FRNT,SSW,WET,DUSK,MULTI,HEAVY,RAIN,4,EMP
RAD,OSF,SSW,WET,STREET,FREE,MODERATE,RAIN,1,EMP
BSP,NSF,SSW,DRY,DAY,BUS,NO,SUN,4,CARS TRUCKS
DEPOT,NSF,SSW,DRY,NIGHT,SINGLE,NO,FINE,2,EMP
BSP,OSR,SSW,DRY,DAY,SINGLE,MODERATE,SUN,4,EMP
DEPOT,MIR,SSW,WET,DAY,SINGLE,LIGHT,FINE,4,EMP
RAD,MIR,SSW,DRY,DAY,MULTI,MODERATE,FINE,1,ROA
XRD,FRNT,N2T,DRY,DAY,SINGLE,MODERATE,FINE,4,EMP
RAD,OSR,SSW,DRY,DUSK,SINGLE,LIGHT,FINE,0,EMP
TIN,OSR,SSW,DRY,DAY,MULTI,EXTREME,FINE,4,EMP
DEPOT,OSR,SSW,WET,NIGHT,SINGLE,NO,RAIN,4,EMP
RAD,NSF,SSW,DRY,DAY,SINGLE,LIGHT,FINE,1,EMP
RBT,OSM,SSW,DRY,DAY,SINGLE,LIGHT,FINE,1,CARS TRUCKS
RAD,NSM,SSW,WET,DAY,SINGLE,MODERATE,RAIN,4,CARS TRUCKS
RAD,NSR,SSW,WET,DAY,MULTI,LIGHT,RAIN,4,CARS TRUCKS
RAD,MIR,SSW,DRY,DAY,MULTI,NO,FINE,4,EMP
BSP,MIR,SSW,DRY,NIGHT,MULTI,LIGHT,FINE,4,EMP
RAD,WSRE,HON,DRY,DAY,SINGLE,MODERATE,FINE,1,EMP
RAD,REAR,N2T,WET,DAY,MULTI,MODERATE,RAIN,1,CARS TRUCKS
RAD,NSM,TBO,DRY,DAY,MULTI,HEAVY,FINE,1,CARS TRUCKS
BSP,REAR,SSW,SLIP,DAWN,SINGLE,HEAVY,RAIN,4,EMP
BSP,NSM,SSW,WET,DAY,SINGLE,LIGHT,RAIN,4,CARS TRUCKS
DEPOT,OSF,SSW,WET,DUSK,MULTI,NO,FINE,6,BUS - OTHER
BSP,NSF,SSW,SLIP,DAY,SINGLE,LIGHT,FINE,0,EMP
RAD,REAR,SSW,DRY,DAWN,SINGLE,HEAVY,FINE,4,EMP
RAD,FRNT,HON,WET,NIGHT,SINGLE,LIGHT,RAIN,1,CARS TRUCKS
RAD,NSR,SSW,DRY,DAY,SINGLE,NO,FINE,4,CARS TRUCKS
BSP,NSM,SSW,WET,DAY,SINGLE,LIGHT,RAIN,4,EMP
XRD,OSR,N2T,DRY,DAY,BUS,LIGHT,FINE,1,EMP
RAD,NSM,SSW,DRY,DAY,SINGLE,LIGHT,FINE,0,GEN
BSP,NSR,TBO,DRY,DUSK,MULTI,LIGHT,FINE,1,CARS TRUCKS
RAD,MIR,SSW,DRY,DAY,SINGLE,LIGHT,FINE,6,EMP
DEPOT,NSR,SSW,WET,NIGHT,BUS,NO,RAIN,4,BUS - OTHER
RAD,OSR,SSW,DRY,DAY,SINGLE,NO,FINE,4,CARS TRUCKS
RAD,NSF,SSW,DRY,DAY,MULTI,HEAVY,FINE,0,POW
RAD,MIR,SSW,SLIP,DAY,MULTI,MODERATE,RAIN,1,EMP
RAD,OSM,REVERSING,DRY,DAY,SINGLE,LIGHT,FINE,5,ROA
RAD,OSF,SSW,DRY,DAY,MULTI,MODERATE,FINE,1,ROA
XRD,NSM,SSW,DRY,NIGHT,MULTI,MODERATE,FOG,4,CARS TRUCKS
DEPOT,OSR,REVERSING,WET,DAY,SINGLE,NO,RAIN,4,CARS TRUCKS
RAD,OSR,REVERSING,DRY,DAY,MULTI,NO,FINE,4,BUS - OTHER
RAD,NSM,SSW,DRY,DUSK,SINGLE,HEAVY,FINE,4,EMP
RAD,OSF,SSW,DRY,NIGHT,MULTI,HEAVY,FINE,1,ROA
RBT,REAR,N2T,DRY,DAY,SINGLE,HEAVY,FINE,5,CARS TRUCKS
RAD,OSR,TAI,DRY,NIGHT,MULTI,HEAVY,FINE,4,BUS - OTHER
TIN,NSM,SSW,DRY,DAY,BUS,LIGHT,FINE,1,EMP
TIN,REAR,SSW,DRY,DAY,MULTI,NO,FINE,1,CARS TRUCKS
DEPOT,NSR,SSW,DRY,DUSK,SINGLE,NO,FINE,4,EMP
RBT,OSM,SSW,WET,NIGHT,SINGLE,LIGHT,RAIN,4,EMP
RAD,NSF,TBO,DRY,DAY,MULTI,MODERATE,FINE,1,ROA
XRD,OSM,SSW,DRY,NIGHT,SINGLE,NO,FINE,4,EMP
RAD,MIR,SSW,DRY,DAY,MULTI,LIGHT,FINE,1,CARS TRUCKS
TIN,NSR,SSW,DRY,DAY,SINGLE,EXTREME,FINE,4,EMP
RAD,OSR,N2T,DRY,DAY,MULTI,HEAVY,FINE,1,CARS TRUCKS
DEPOT,REAR,SSW,DRY,DAY,SINGLE,LIGHT,FINE,2,EMP
RAD,FRNT,HON,DRY,DAY,SINGLE,LIGHT,FINE,5,EMP
RAD,NSR,REVERSING,DRY,DAY,SINGLE,LIGHT,FINE,1,CARS TRUCKS
RBT,NSR,TAI,DRY,DAY,SINGLE,NO,FINE,4,BUS - OTHER
DEPOT,OSR,REVERSING,DRY,DAY,SINGLE,NO,FINE,4,EMP
RAD,REAR,SSW,DRY,DUSK,SINGLE,LIGHT,FINE,1,EMP
RAD,OSM,SSW,WET,DUSK,SINGLE,NO,RAIN,4,EMP
RAD,REAR,BTMO,DRY,DAY,SINGLE,LIGHT,FINE,1,CARS TRUCKS
BSP,OSR,SSW,DRY,DAY,MULTI,MODERATE,FINE,4,CARS TRUCKS
BSP,WIN,SSW,WET,NIGHT,BUS,LIGHT,RAIN,4,EMP
BSP,MIR,SSW,DRY,DAWN,SINGLE,NO,FINE,4,EMP
BSP,OSF,REVERSING,DRY,DAY,BUS,NO,FINE,2,BUS - OTHER
BSP,MIR,TAI,DRY,DAY,SINGLE,NO,FINE,2,BUS - OTHER
RAD,Pushed in rear ,SSW,DRY,DAY,SINGLE,LIGHT,FINE,3,EMP
DEPOT,MIR,REVERSING,DRY,DAY,BUS,NO,FINE,4,EMP
RAD,FRNT,N2T,DRY,DAY,SINGLE,LIGHT,FINE,1,EMP
TIN,NSR,SSW,WET,DUSK,MULTI,MODERATE,RAIN,1,EMP
TIN,REAR,SSW,DRY,DAY,SINGLE,MODERATE,FINE,4,EMP
RAD,OSR,BTMO,DRY,DAY,MULTI,NO,FINE,4,BUS - OTHER
RBT,OSM,SSW,DRY,STREET,SINGLE,LIGHT,FINE,4,EMP
RAD,OSF,SSW,DRY,DUSK,MULTI,LIGHT,FINE,1,EMP
BSP,NSR,SSW,WET,DAY,MULTI,HEAVY,RAIN,5,ROA
BSP,NSF,SSW,DRY,DAY,BUS,LIGHT,FINE,1,EMP
DEPOT,MIR,SSW,DRY,DAY,SINGLE,LIGHT,FINE,2,EMP
XRD,NSR,SSW,DRY,DAY,MULTI,LIGHT,FINE,4,BUS - OTHER
TIN,OSM,SSW,WET,NIGHT,SINGLE,NO,RAIN,4,EMP
RAD,REAR,REVERSING,WET,DUSK,SINGLE,HEAVY,RAIN,4,OTH
RAD,OSF,SSW,DRY,NIGHT,BUS,LIGHT,FINE,1,CARS TRUCKS
RAD,NSF,N2T,DRY,DAY,SINGLE,LIGHT,FINE,4,BUS - OTHER
DEPOT,NSR,SSW,DRY,DAY,SINGLE,LIGHT,FINE,4,NONPOW
RAD,NSF,SSW,DRY,DAY,SINGLE,LIGHT,FINE,4,EMP
DEPOT,OSR,SSW,DRY,DUSK,BUS,NO,FINE,0,CARS TRUCKS
RAD,OSR,SSW,DRY,DAY,SINGLE,HEAVY,FINE,1,CARS TRUCKS
RAD,OSF,SSW,DRY,DAY,SINGLE,LIGHT,FINE,0,OTH
DEPOT,REAR,SSW,DRY,DAY,SINGLE,NO,FINE,4,EMP
DEPOT,NSF,SSW,DRY,NIGHT,SINGLE,NO,FINE,4,EMP
XRD,FRNT,SSW,DRY,DAY,SINGLE,LIGHT,FINE,1,EMP
XRD,NSM,SSW,DRY,DAY,MULTI,HEAVY,FINE,4,EMP
DEPOT,FRNT,BTMO,DRY,DAY,SINGLE,LIGHT,FINE,4,EMP
RBT,NSM,SSW,DRY,DAY,SINGLE,MODERATE,FINE,4,EMP
RAD,NSR,TAI,DRY,DUSK,MULTI,HEAVY,FINE,4,CARS TRUCKS
RAD,OSM,SSW,WET,DAY,SINGLE,LIGHT,FINE,1,EMP
BSP,NSR,SSW,WET,DAY,MULTI,HEAVY,RAIN,1,EMP
BSP,REAR,REVERSING,WET,DAY,MULTI,LIGHT,RAIN,1,CARS TRUCKS
BSP,NSR,SSW,DRY,DAY,SINGLE,MODERATE,FINE,4,BUS - OTHER
BSP,NSM,SSW,DRY,DAY,SINGLE,LIGHT,FINE,4,BUS - OTHER
RAD,NSM,TAI,DRY,DAY,MULTI,LIGHT,FINE,4,CARS TRUCKS
DEPOT,FRNT,SSW,DRY,DAY,SINGLE,LIGHT,FINE,4,BUS - OTHER
DEPOT,NSR,TAI,WET,DAY,SINGLE,NO,RAIN,4,EMP
RAD,NSM,REVERSING,DRY,DAY,MULTI,MODERATE,FINE,1,CARS TRUCKS
RAD,OSR,N2T,DRY,DAY,SINGLE,NO,SUN,4,EMP
BSP,REAR,N2T,DRY,DAY,SINGLE,LIGHT,FINE,5,ROA
TIN,NSM,SSW,DRY,DAY,BUS,NO,FINE,4,EMP
BSP,NSR,REVERSING,DRY,DAY,SINGLE,LIGHT,FOG,1,ROA
DEPOT,OSF,REVERSING,DRY,DAY,MULTI,LIGHT,FINE,1,EMP
RAD,MIR,SSW,SLIP,DAWN,SINGLE,MODERATE,FINE,4,EMP
BSP,MIR,SSW,WET,DAY,SINGLE,NO,RAIN,4,BUS - OTHER
TIN,REAR,REVERSING,DRY,DAY,SINGLE,LIGHT,FINE,4,BUS - OTHER
RAD,FRNT,HON,DRY,DAY,MULTI,HEAVY,FINE,4,CARS TRUCKS
RAD,NSR,HON,DRY,DAY,SINGLE,MODERATE,FINE,1,EMP
XRD,OSR,SSW,DRY,DAY,MULTI,HEAVY,FINE,5,GEN
RAD,WIN,SSW,DRY,DAY,SINGLE,LIGHT,FINE,5,ROA
RAD,REAR,N2T,DRY,DAY,MULTI,LIGHT,FINE,1,ROA
RAD,NSR,BTMO,DRY,NIGHT,BUS,LIGHT,FINE,1,GEN
RAD,FRNT,HON,DRY,DAY,MULTI,LIGHT,FINE,1,CARS TRUCKS
RBT,MIR,SSW,DRY,DAY,MULTI,MODERATE,FINE,1,EMP
RAD,WIN,SSW,DRY,NIGHT,SINGLE,NO,FINE,4,EMP
BSP,OSR,REVERSING,SLIP,DAY,SINGLE,LIGHT,RAIN,1,CARS TRUCKS
BSP,REAR,N2T,DRY,DAY,BUS,LIGHT,FINE,1,EMP
RAD,OSR,TBO,DRY,DAY,MULTI,LIGHT,FINE,1,CARS TRUCKS
BSP,MIR,SSW,DRY,DAY,SINGLE,NO,FINE,4,CARS TRUCKS
RAD,NSF,SSW,DRY,NIGHT,SINGLE,LIGHT,FINE,1,CARS TRUCKS
RAD,NSF,SSW,SLIP,DAY,BUS,HEAVY,RAIN,1,CARS TRUCKS
RAD,REAR,N2T,DRY,DAY,BUS,LIGHT,FINE,1,CARS TRUCKS
BSP,OSF,HON,DRY,DAY,SINGLE,LIGHT,FINE,4,EMP
DEPOT,MIR,SSW,DRY,DAWN,BUS,LIGHT,FINE,2,BUS - OTHER
TIN,NSM,TBO,DRY,DAY,SINGLE,LIGHT,FINE,4,CARS TRUCKS
RAD,TOPM,ROO,DRY,DAY,SINGLE,LIGHT,FINE,6,OTH
RAD,NSF,HON,DRY,DAWN,SINGLE,HEAVY,FINE,0,GEN
BSP,NSM,SSW,DRY,DAY,MULTI,LIGHT,FINE,1,EMP
BSP,REAR,SSW,DRY,DAY,MULTI,LIGHT,FINE,5,EMP
RBT,NSM,SSW,DRY,DAY,MULTI,LIGHT,FINE,1,EMP
XRD,FRNT,N2T,DRY,DUSK,MULTI,MODERATE,FINE,4,EMP
XRD,NSM,SSW,DRY,DUSK,MULTI,EXTREME,FINE,4,BUS - OTHER
BSP,MIR,HON,WET,DAY,SINGLE,LIGHT,FINE,4,EMP
BSP,MIR,SSW,DRY,DAY,SINGLE,NO,FINE,4,EMP
TIN,REAR,REVERSING,DRY,DAWN,SINGLE,MODERATE,FINE,4,EMP
RAD,OSF,SSW,DRY,DUSK,MULTI,HEAVY,FINE,5,ROA
RAD,FRNT,N2T,DRY,DAY,MULTI,LIGHT,FINE,0,EMP
RAD,OSR,BTMO,DRY,DAY,SINGLE,NO,FINE,4,EMP
XRD,OSR,SSW,DRY,DAY,SINGLE,LIGHT,FINE,3,EMP
BSP,FRNT,HON,DRY,NIGHT,SINGLE,LIGHT,FINE,4,EMP
TIN,NSR,TAI,DRY,DAY,MULTI,LIGHT,FINE,4,EMP
RAD,OSF,SSW,DRY,DAY,SINGLE,MODERATE,FINE,1,CARS TRUCKS
RAD,NSM,SSW,SLIP,DAY,SINGLE,LIGHT,RAIN,0,ENV
BSP,OSF,SSW,DRY,DAY,BUS,LIGHT,FINE,1,EMP
BSP,REAR,SSW,DRY,DAY,SINGLE,LIGHT,FINE,4,EMP
RAD,NSM,SSW,DRY,NIGHT,SINGLE,NO,FINE,4,EMP
BSP,NSR,TBO,DRY,DAY,MULTI,LIGHT,FINE,1,EMP
RAD,NSF,TBO,DRY,DAY,SINGLE,HEAVY,FINE,1,EMP
DEPOT,NSR,SSW,DRY,DAWN,SINGLE,NO,FINE,4,EMP
BSP,MIR,SSW,DRY,DAY,MULTI,LIGHT,FINE,1,EMP
RAD,NSR,SSW,WET,STREET,SINGLE,NO,RAIN,4,BUS - OTHER
BSP,NSM,REVERSING,DRY,NIGHT,MULTI,LIGHT,FINE,1,CARS TRUCKS
DEPOT,OSR,SSW,DRY,DAY,SINGLE,LIGHT,FINE,0,BUS - OTHER
TIN,REAR,N2T,DRY,DAY,SINGLE,MODERATE,FINE,1,EMP
BSP,NSM,SSW,DRY,NIGHT,SINGLE,MODERATE,FINE,4,CARS TRUCKS
RAD,REAR,N2T,WET,DAY,SINGLE,LIGHT,RAIN,1,ROA
RAD,NSF,N2T,WET,DAY,SINGLE,MODERATE,RAIN,4,EMP
DEPOT,NSM,SSW,DRY,DAY,MULTI,NO,FINE,4,EMP
BSP,MIR,SSW,WET,DAY,SINGLE,LIGHT,RAIN,5,EMP
RAD,Glass in window,SSW,DRY,DAY,SINGLE,LIGHT,FINE,1,EMP
DEPOT,OSF,SSW,WET,DAY,SINGLE,NO,FINE,4,EMP
RAD,OSR,SSW,WET,DAY,MULTI,MODERATE,RAIN,4,EMP
BSP,FRNT,HON,DRY,DAY,MULTI,HEAVY,FINE,4,EMP
BSP,FRNT,ROO,WET,NIGHT,BUS,NO,RAIN,4,ENV