location_code,damage_code,collision_code,road_code,light_code,road_type_code,traffic_code,weather_code,emp_liability_code,kpi_cause_code
DEPOT,NSF,BTMO,DRY,DAY,SINGLE,LIGHT,FINE,4,EMP
RAD,FRNT,HON,DRY,DAY,MULTI,HEAVY,SUN,4,EMP
BSP,MIR,SSW,DRY,DAWN,SINGLE,MODERATE,FINE,1,CARS TRUCKS
RAD,FRNT,SSW,SLIP,DAY,MULTI,LIGHT,RAIN,1,CARS TRUCKS
BSP,OSM,SSW,DRY,DAY,SINGLE,NO,FINE,1,EMP
BSP,REAR,SSW,DRY,NIGHT,SINGLE,LIGHT,FINE,4,EMP
XRD,OSM,SSW,WET,DAY,SINGLE,LIGHT,RAIN,4,EMP
DEPOT,FRNT,REVERSING,DRY,DAY,SINGLE,LIGHT,FINE,3,EMP
RAD,OSR,REVERSING,DRY,DAY,SINGLE,LIGHT,FINE,1,GEN
XRD,NSM,SSW,DRY,DAY,SINGLE,LIGHT,FINE,4,EMP
TIN,NSR,SSW,DRY,NIGHT,MULTI,LIGHT,FINE,4,EMP
RAD,MIR,SSW,DRY,DAY,MULTI,LIGHT,FINE,5,GEN
XRD,NSF,TBO,DRY,DAY,MULTI,NO,FINE,4,EMP
DEPOT,OSR,REVERSING,DRY,NIGHT,BUS,NO,FINE,4,EMP
XRD,NSR,N2T,DRY,DAY,MULTI,MODERATE,FINE,1,CARS TRUCKS
DEPOT,FRNT,SSW,DRY,DAY,SINGLE,NO,FINE,4,BUS - OTHER
XRD,OSR,SSW,DRY,DAY,BUS,LIGHT,FINE,1,EMP
BSP,OSF,SSW,WET,DAY,BUS,MODERATE,FINE,4,EMP
DEPOT,OSF,SSW,DRY,DAWN,MULTI,NO,FINE,4,BUS - OTHER
XRD,NSM,SSW,DRY,DAY,MULTI,HEAVY,FINE,5,GEN
RAD,WSRE,BTMO,DRY,NIGHT,SINGLE,NO,FINE,0,EMP
RAD,REAR,TBO,WET,NIGHT,SINGLE,LIGHT,RAIN,4,EMP
BSP,NSF,SSW,DRY,DAY,SINGLE,EXTREME,FINE,5,CARS TRUCKS
RAD,NSM,SSW,DRY,DAY,SINGLE,LIGHT,FINE,1,ROA
RAD,WIN,SSW,DRY,DUSK,BUS,LIGHT,FINE,1,EMP
BSP,OSR,N2T,DRY,DAY,MULTI,HEAVY,FINE,5,ROA
RAD,NSM,SSW,DRY,DAWN,SINGLE,LIGHT,FINE,4,EMP
RBT,NSF,TBO,WET,STREET,SINGLE,LIGHT,RAIN,1,CARS TRUCKS
BSP,MIR,SSW,DRY,DAY,SINGLE,MODERATE,FINE,4,PL&EQ
RAD,L/H/S rear pane,SSW,DRY,DAY,SINGLE,LIGHT,FINE,1,EMP
RAD,WIN,SSW,WET,DAY,SINGLE,NO,RAIN,0,OTH
RAD,Slight bend in ,SSW,DRY,DAY,SINGLE,LIGHT,FINE,1,EMP
RAD,OSF,HON,DRY,DAY,SINGLE,LIGHT,FINE,4,CARS TRUCKS
RBT,NSR,SSW,DRY,NIGHT,SINGLE,LIGHT,FINE,4,EMP
RAD,FRNT,SSW,DRY,DAY,MULTI,HEAVY,FINE,1,GEN
RBT,NSF,BTMO,DRY,DAY,SINGLE,LIGHT,FINE,4,EMP
TIN,OSR,TAI,DRY,DAWN,BUS,HEAVY,FINE,4,EMP
RAD,REAR,SSW,WET,DAY,SINGLE,MODERATE,RAIN,4,EMP
RBT,NSM,TBO,SLIP,DAY,SINGLE,MODERATE,FINE,1,EMP
RBT,FRNT,TBO,DRY,DAY,SINGLE,MODERATE,FINE,4,OTH
RAD,NSR,REVERSING,DRY,DAY,MULTI,MODERATE,FINE,1,ROA
BSP,NSR,SSW,WET,DAY,SINGLE,NO,RAIN,4,CARS TRUCKS
BSP,OSR,N2T,DRY,NIGHT,MULTI,LIGHT,FINE,5,CARS TRUCKS
RAD,NSF,HON,WET,NIGHT,SINGLE,LIGHT,RAIN,4,EMP
RAD,NSR,SSW,DRY,NIGHT,BUS,LIGHT,FINE,1,EMP
RAD,REAR,REVERSING,SLIP,NIGHT,MULTI,NO,FINE,4,EMP
TIN,MIR,HON,WET,DAY,SINGLE,MODERATE,RAIN,4,EMP
TIN,OSM,SSW,WET,DUSK,SINGLE,HEAVY,RAIN,4,CARS TRUCKS
BSP,NSR,TAI,DRY,DAY,SINGLE,NO,FINE,4,BUS - OTHER
RAD,OSF,SSW,DRY,DAY,MULTI,MODERATE,FINE,1,CARS TRUCKS
RBT,WSRE,SSW,DRY,DAY,SINGLE,NO,FINE,4,CARS TRUCKS
TIN,NSR,SSW,DRY,NIGHT,MULTI,NO,FINE,4,EMP
RAD,WSRE,SSW,DRY,DAY,SINGLE,LIGHT,FINE,5,EMP
RAD,FRNT,SSW,DRY,DAY,BUS,HEAVY,FINE,5,ROA
RAD,NSR,SSW,DRY,DAY,SINGLE,HEAVY,FINE,4,CARS TRUCKS
TIN,MIR,SSW,DRY,DAY,MULTI,LIGHT,FINE,1,CARS TRUCKS
DEPOT,NSR,REVERSING,DRY,DAY,MULTI,NO,FINE,4,EMP
RAD,NSF,SSW,WET,DUSK,MULTI,MODERATE,RAIN,4,EMP
TIN,NSR,N2T,DRY,DUSK,MULTI,MODERATE,FINE,1,EMP
XRD,NSM,TBO,WET,NIGHT,MULTI,LIGHT,RAIN,1,EMP
RAD,NSF,N2T,DRY,DAY,MULTI,MODERATE,FINE,1,CARS TRUCKS
RAD,NSR,SSW,DRY,DAY,SINGLE,MODERATE,FINE,0,OTH
RAD,NSF,HON,DRY,DAY,SINGLE,NO,FINE,0,OTH
RAD,WIN,SSW,DRY,NIGHT,SINGLE,MODERATE,FINE,0,GEN
RAD,WSRE,SSW,DRY,NIGHT,SINGLE,LIGHT,FINE,5,GEN
TIN,NSR,SSW,WET,DAY,MULTI,EXTREME,SUN,4,EMP
XRD,TOPM,SSW,DRY,DAY,SINGLE,LIGHT,FINE,4,EMP
DEPOT,MIR,TAI,DRY,DAY,SINGLE,NO,SUN,2,EMP
RBT,NSM,BTMO,WET,DAY,SINGLE,LIGHT,RAIN,4,EMP
BSP,REAR,SSW,DRY,DAY,SINGLE,LIGHT,FINE,1,CARS TRUCKS
BSP,NSR,SSW,DRY,NIGHT,BUS,NO,FINE,4,EMP
BSP,MIR,TAI,DRY,DUSK,SINGLE,HEAVY,FINE,4,EMP
TIN,OSR,SSW,WET,DAY,MULTI,LIGHT,RAIN,1,ROA
DEPOT,MIR,SSW,WET,NIGHT,BUS,NO,RAIN,4,BUS - OTHER
RAD,MIR,SSW,WET,DAY,SINGLE,HEAVY,RAIN,4,CARS TRUCKS
RBT,OSM,BTMO,WET,DUSK,SINGLE,NO,RAIN,0,EMP
BSP,NSR,SSW,DRY,DAY,SINGLE,NO,FINE,1,EMP
RAD,OSR,SSW,DRY,DAY,SINGLE,LIGHT,FINE,1,ROA
RBT,OSF,N2T,DRY,DAY,MULTI,HEAVY,FINE,4,EMP
XRD,FRNT,N2T,DRY,DAY,MULTI,MODERATE,FINE,4,EMP
RAD,NSR,SSW,WET,DAY,MULTI,LIGHT,RAIN,4,ROA
BSP,OSM,SSW,DRY,DAY,SINGLE,LIGHT,FINE,4,CARS TRUCKS
BSP,NSM,SSW,DRY,DAWN,SINGLE,HEAVY,RAIN,1,CARS TRUCKS
XRD,NSR,N2T,DRY,DAY,SINGLE,MODERATE,FINE,1,EMP
RBT,OSR,BTMO,DRY,DAY,SINGLE,NO,FINE,4,BUS - OTHER
XRD,OSM,SSW,DRY,DAY,MULTI,HEAVY,FINE,1,EMP
RAD,NSR,TAI,DRY,DAY,SINGLE,MODERATE,FINE,4,BUS - OTHER
TIN,NSM,SSW,DRY,DAY,SINGLE,HEAVY,FINE,4,BUS - OTHER
DEPOT,REAR,REVERSING,DRY,DAY,SINGLE,LIGHT,FINE,1,EMP
RAD,FRNT,HON,DRY,DAY,MULTI,HEAVY,FINE,1,ROA
RAD,OSR,SSW,DRY,DAY,SINGLE,MODERATE,FINE,4,CARS TRUCKS
XRD,NSR,SSW,DRY,DAY,MULTI,HEAVY,FINE,4,EMP
BSP,FRNT,TBO,DRY,DAY,MULTI,LIGHT,FINE,4,EMP
XRD,OSF,TBO,DRY,DAY,MULTI,MODERATE,FINE,5,CARS TRUCKS
BSP,OSR,N2T,DRY,DAY,SINGLE,LIGHT,SUN,1,BUS - OTHER
RAD,NSF,SSW,DRY,DUSK,MULTI,LIGHT,FINE,1,EMP
DEPOT,REAR,SSW,DRY,DAY,SINGLE,LIGHT,FINE,6,EMP
RAD,OSM,TBO,DRY,DAY,MULTI,LIGHT,FINE,4,EMP
RAD,NSR,SSW,WET,DAY,MULTI,HEAVY,FINE,4,EMP
RBT,REAR,SSW,DRY,DAY,SINGLE,HEAVY,FINE,1,EMP
RBT,NSF,TBO,DRY,DAY,SINGLE,LIGHT,FINE,1,CARS TRUCKS
RAD,OSM,SSW,DRY,DAY,SINGLE,NO,FINE,4,CARS TRUCKS
TIN,FRNT,N2T,WET,DUSK,SINGLE,LIGHT,RAIN,4,EMP
TIN,NSR,TAI,DRY,DAY,SINGLE,LIGHT,FINE,4,EMP
RAD,WIN,SSW,WET,DAY,SINGLE,HEAVY,RAIN,4,EMP
RAD,Dent and scratc,SSW,DRY,DAY,SINGLE,LIGHT,FINE,4,EMP
DEPOT,NSR,SSW,WET,DAY,MULTI,MODERATE,RAIN,1,CARS TRUCKS
RAD,WSRE,SSW,DRY,DAY,BUS,LIGHT,FINE,0,GEN
DEPOT,NSR,N2T,DRY,DUSK,BUS,NO,FINE,4,EMP
BSP,NSF,SSW,SLIP,DAY,SINGLE,LIGHT,RAIN,4,EMP
BSP,OSM,SSW,DRY,NIGHT,SINGLE,LIGHT,FINE,4,EMP
RAD,NSR,TBO,DRY,DAY,MULTI,MODERATE,FINE,1,CARS TRUCKS
TIN,MIR,TAI,DRY,DAY,MULTI,LIGHT,FINE,5,EMP
XRD,FRNT,N2T,WET,DAY,SINGLE,LIGHT,RAIN,1,CARS TRUCKS
TIN,NSF,SSW,DRY,DAY,SINGLE,LIGHT,FINE,4,EMP
BSP,MIR,TAI,DRY,NIGHT,BUS,LIGHT,FINE,1,BUS - OTHER
XRD,NSR,SSW,DRY,DAY,MULTI,MODERATE,FINE,4,BUS - OTHER
BSP,REAR,SSW,DRY,NIGHT,SINGLE,NO,FINE,5,GEN
RAD,NSR,SSW,DRY,DAY,SINGLE,LIGHT,FINE,0,ENV
RAD,NSF,SSW,WET,DAY,SINGLE,LIGHT,RAIN,4,EMP
RAD,NSF,SSW,DRY,DAY,MULTI,NO,FINE,3,EMP
RAD,WIN,SSW,DRY,DAY,SINGLE,NO,FINE,4,CARS TRUCKS
BSP,NSR,N2T,DRY,DAY,MULTI,HEAVY,FINE,1,GEN
RAD,NSR,SSW,DRY,DUSK,SINGLE,NO,SUN,4,EMP
TIN,FRNT,N2T,WET,DAY,SINGLE,LIGHT,RAIN,4,EMP
RAD,NSR,N2T,WET,DAY,SINGLE,MODERATE,RAIN,4,EMP
RAD,NSM,SSW,WET,DAY,SINGLE,EXTREME,RAIN,4,EMP
RAD,REAR,REVERSING,DRY,DAY,MULTI,HEAVY,FINE,4,BUS - OTHER
RAD,OSM,SSW,WET,DAWN,BUS,LIGHT,RAIN,4,EMP
RAD,REAR,SSW,DRY,DAY,SINGLE,LIGHT,FINE,4,CARS TRUCKS
RAD,NSR,SSW,DRY,DAY,SINGLE,LIGHT,FINE,4,OTH
RAD,REAR,SSW,DRY,DAY,SINGLE,LIGHT,FINE,6,BUS - OTHER
RAD,NSR,SSW,DRY,DAY,BUS,LIGHT,FINE,1,EMP
RAD,OSR,N2T,DRY,DAWN,SINGLE,LIGHT,FINE,1,CARS TRUCKS
BSP,REAR,BTMO,DRY,DAY,BUS,NO,FINE,4,BUS - OTHER
RAD,NSF,N2T,DRY,DAY,MULTI,MODERATE,FINE,1,BUS - OTHER
RAD,OSR,SSW,DRY,DAY,SINGLE,LIGHT,FINE,4,ROA
TIN,NSR,SSW,SLIP,NIGHT,SINGLE,NO,FINE,4,EMP
RAD,NSR,N2T,WET,DAY,SINGLE,MODERATE,FINE,1,CARS TRUCKS
RAD,FRNT,TBO,SLIP,STREET,SINGLE,NO,RAIN,1,EMP
BSP,WSRE,SSW,DRY,NIGHT,BUS,NO,FINE,4,EMP
XRD,NSF,TBO,DRY,DAY,BUS,MODERATE,FINE,5,ROA
RAD,NSR,N2T,WET,DAWN,MULTI,LIGHT,RAIN,1,CARS TRUCKS
RAD,WSRE,SSW,DRY,DAY,SINGLE,LIGHT,FINE,1,EMP
XRD,FRNT,N2T,WET,DAY,MULTI,LIGHT,RAIN,1,ROA
RAD,WSRE,HON,DRY,DAY,SINGLE,HEAVY,FINE,0,OTH
RAD,OSM,SSW,DRY,STREET,SINGLE,HEAVY,FINE,1,EMP
RAD,NSF,ROO,DRY,NIGHT,SINGLE,HEAVY,FINE,4,ENV
XRD,OSR,SSW,DRY,NIGHT,SINGLE,LIGHT,FINE,4,EMP
RAD,NSR,TBO,DRY,DUSK,MULTI,LIGHT,FINE,1,CARS TRUCKS
RAD,MIR,SSW,DRY,DAWN,MULTI,NO,FINE,5,CARS TRUCKS
BSP,MIR,SSW,WET,DAY,BUS,LIGHT,RAIN,4,EMP
BSP,FRNT,ROO,WET,DAY,BUS,LIGHT,FINE,4,EMP
TIN,FRNT,N2T,DRY,DAWN,MULTI,HEAVY,FINE,4,EMP
BSP,MIR,SSW,DRY,DAY,BUS,HEAVY,FINE,5,CARS TRUCKS
RAD,WSRE,BTMO,DRY,DAWN,BUS,MODERATE,FINE,4,ENV
RAD,FRNT,BTMO,WET,NIGHT,SINGLE,NO,RAIN,0,OTH
RAD,L/H/S damage,SSW,DRY,DAY,SINGLE,LIGHT,FINE,1,EMP
XRD,OSR,SSW,SLIP,DAY,MULTI,NO,FINE,1,EMP
RAD,OSR,TAI,DRY,DAWN,MULTI,LIGHT,FINE,4,CARS TRUCKS
RAD,REAR,HON,SLIP,NIGHT,SINGLE,LIGHT,RAIN,1,CARS TRUCKS
RBT,OSM,SSW,DRY,NIGHT,SINGLE,MODERATE,FINE,1,EMP
RAD,MIR,SSW,SLIP,DAY,MULTI,HEAVY,RAIN,4,EMP
RAD,OSR,TAI,WET,NIGHT,BUS,MODERATE,RAIN,4,EMP
RAD,REAR,SSW,WET,DAY,SINGLE,MODERATE,RAIN,4,CARS TRUCKS
XRD,FRNT,TBO,DRY,DAY,BUS,MODERATE,RAIN,4,EMP
XRD,NSM,SSW,DRY,NIGHT,MULTI,LIGHT,FINE,1,EMP
RAD,NSR,TBO,DRY,DAWN,MULTI,LIGHT,FINE,4,BUS - OTHER
TIN,OSM,TBO,WET,DAY,SINGLE,LIGHT,RAIN,1,EMP
RAD,NSF,SSW,DRY,DAY,SINGLE,HEAVY,FINE,4,EMP
BSP,MIR,SSW,DRY,DAY,BUS,EXTREME,FINE,4,BUS BRAKING
DEPOT,MIR,TAI,DRY,NIGHT,SINGLE,NO,FINE,2,EMP
RAD,NSF,SSW,DRY,DAY,SINGLE,LIGHT,FINE,0,BUS - OTHER
RAD,OSR,SSW,DRY,DAY,SINGLE,MODERATE,FINE,1,EMP
BSP,WIN,HON,DRY,DAY,BUS,NO,FOG,5,GEN
BSP,NSR,TAI,DRY,DAY,MULTI,MODERATE,FINE,4,EMP
RAD,NSR,SSW,DRY,NIGHT,MULTI,LIGHT,FINE,1,BUS - OTHER
XRD,OSR,SSW,DRY,DAY,MULTI,MODERATE,FINE,5,EMP
RAD,NSM,HON,DRY,DAY,SINGLE,LIGHT,FINE,1,CARS TRUCKS
BSP,OSR,SSW,DRY,DAY,SINGLE,LIGHT,FINE,4,BUS - OTHER
BSP,REAR,N2T,DRY,NIGHT,MULTI,LIGHT,FINE,1,EMP
RAD,OSM,SSW,DRY,DAY,MULTI,LIGHT,FINE,4,GEN
DEPOT,NSM,SSW,DRY,DAY,SINGLE,LIGHT,FINE,2,EMP
RAD,FRNT,HON,DRY,DAY,BUS,HEAVY,FINE,1,EMP
RAD,FRNT,N2T,DRY,DAY,MULTI,NO,FINE,4,EMP
RAD,NSF,SSW,DRY,NIGHT,SINGLE,LIGHT,FINE,5,CARS TRUCKS
BSP,OSR,N2T,DRY,DAY,MULTI,HEAVY,FINE,5,CARS TRUCKS
RAD,OSR,SSW,DRY,DUSK,SINGLE,LIGHT,FINE,4,BUS - OTHER
BSP,OSR,N2T,DRY,DAY,MULTI,LIGHT,FINE,4,EMP
BSP,MIR,SSW,DRY,DAY,MULTI,LIGHT,FINE,5,ROA
RAD,REAR,N2T,DRY,NIGHT,SINGLE,NO,FINE,4,EMP
RAD,SMASHED LEFT HA,SSW,DRY,DAY,SINGLE,LIGHT,FINE,3,EMP
DEPOT,NSR,SSW,DRY,DAY,MULTI,NO,FINE,6,OTH
RAD,OSR,REVERSING,DRY,NIGHT,SINGLE,LIGHT,FINE,4,EMP
TIN,OSR,TAI,DRY,DAY,MULTI,MODERATE,FINE,4,CARS TRUCKS
RAD,OSF,SSW,DRY,NIGHT,MULTI,NO,FINE,4,EMP
RBT,OSR,HON,DRY,NIGHT,SINGLE,LIGHT,FINE,4,EMP
BSP,OSF,SSW,DRY,DAY,BUS,NO,FINE,1,EMP
BSP,NSR,N2T,DRY,DAY,MULTI,LIGHT,FINE,4,CARS TRUCKS
RBT,NSR,TAI,DRY,DAY,SINGLE,NO,FINE,4,EMP
RAD,OSR,SSW,DRY,NIGHT,SINGLE,LIGHT,FINE,5,CARS TRUCKS
RAD,WSRE,SSW,DRY,NIGHT,SINGLE,NO,FINE,5,GEN
TIN,WSRE,BTMO,DRY,DAY,SINGLE,LIGHT,FINE,4,EMP
RAD,OSM,TBO,DRY,DAY,SINGLE,LIGHT,FINE,4,BUS - OTHER
BSP,REAR,HON,DRY,DAY,BUS,MODERATE,FINE,1,CARS TRUCKS
RAD,MIR,SSW,WET,DAWN,SINGLE,LIGHT,RAIN,4,EMP
XRD,OSR,SSW,DRY,DAY,SINGLE,HEAVY,SUN,4,EMP
BSP,FRNT,HON,DRY,DAY,MULTI,MODERATE,FINE,4,EMP
RAD,Rear L/H/S tail,SSW,DRY,DAY,SINGLE,LIGHT,FINE,4,EMP
TIN,FRNT,N2T,DRY,DAY,MULTI,HEAVY,FINE,1,EMP
XRD,OSM,TBO,DRY,DAY,MULTI,MODERATE,FOG,1,ROA
RAD,WSRE,SSW,DRY,DAY,SINGLE,LIGHT,SUN,4,EMP
DEPOT,FRNT,SSW,DRY,DAY,SINGLE,NO,FINE,0,EMP
BSP,MIR,SSW,DRY,DAY,SINGLE,HEAVY,FINE,1,EMP
BSP,MIR,HON,DRY,DAWN,MULTI,MODERATE,FINE,4,EMP
BSP,NSR,SSW,DRY,DAY,SINGLE,MODERATE,FINE,4,EMP
BSP,NSR,SSW,DRY,DAY,BUS,LIGHT,FINE,1,EMP
BSP,NSR,SSW,DRY,DAY,MULTI,LIGHT,FINE,5,CARS TRUCKS
TIN,OSF,SSW,DRY,DAY,MULTI,LIGHT,FINE,4,EMP
XRD,REAR,SSW,DRY,DAY,MULTI,LIGHT,FINE,4,EMP
BSP,REAR,N2T,WET,DAY,SINGLE,NO,RAIN,1,CARS TRUCKS
RBT,OSM,SSW,DRY,DAY,SINGLE,MODERATE,FINE,4,EMP
RAD,OSR,SSW,WET,NIGHT,SINGLE,LIGHT,RAIN,4,CARS TRUCKS
BSP,MIR,SSW,DRY,DAY,SINGLE,LIGHT,FINE,1,BUS - OTHER
BSP,OSF,HON,DRY,NIGHT,SINGLE,NO,FINE,4,EMP
RAD,REAR,HON,DRY,DAY,MULTI,MODERATE,FINE,1,EMP
DEPOT,NSM,SSW,DRY,DAY,SINGLE,LIGHT,FINE,4,PL&EQ
RAD,OSR,SSW,DRY,DAY,SINGLE,LIGHT,FINE,4,BUS - OTHER
DEPOT,NSR,SSW,DRY,DAWN,BUS,NO,FINE,4,EMP
RAD,WSRE,SSW,DRY,DAY,SINGLE,NO,FINE,6,OTH
RAD,OSF,SSW,WET,DAY,BUS,HEAVY,RAIN,1,EMP
RAD,OSM,TBO,DRY,DAY,MULTI,HEAVY,FINE,1,EMP
BSP,NSR,SSW,WET,NIGHT,MULTI,LIGHT,RAIN,4,EMP
RAD,MIR,SSW,DRY,DAY,MULTI,MODERATE,FINE,0,ENV
RAD,FRNT,SSW,DRY,DAY,SINGLE,NO,FINE,1,OTH
RAD,WSRE,SSW,DRY,DUSK,SINGLE,NO,FINE,1,EMP
XRD,WIN,SSW,DRY,DAY,MULTI,MODERATE,FINE,4,EMP
RAD,NSR,SSW,DRY,DAY,MULTI,MODERATE,FINE,4,EMP
BSP,TOPF,SSW,WET,DAY,BUS,MODERATE,RAIN,4,EMP
RAD,NSM,SSW,DRY,NIGHT,MULTI,LIGHT,FINE,4,EMP
DEPOT,REAR,REVERSING,DRY,NIGHT,SINGLE,LIGHT,FINE,4,EMP
RAD,Unknown,SSW,DRY,DAY,SINGLE,LIGHT,FINE,4,EMP
BSP,OSF,REVERSING,DRY,DAY,SINGLE,LIGHT,FINE,6,EMP
BSP,NSF,HON,DRY,DAY,SINGLE,MODERATE,FINE,3,EMP
BSP,NSR,REVERSING,DRY,DAY,SINGLE,NO,FINE,1,ROA
RBT,OSM,SSW,WET,DAY,MULTI,MODERATE,RAIN,4,CARS TRUCKS
XRD,FRNT,HON,DRY,DAY,SINGLE,LIGHT,FINE,1,CARS TRUCKS
RAD,OSF,SSW,DRY,DAY,SINGLE,NO,SUN,4,EMP
RBT,FRNT,HON,DRY,DAY,SINGLE,LIGHT,FINE,4,EMP
RAD,OSR,SSW,DRY,DAY,MULTI,MODERATE,FINE,3,EMP
TIN,FRNT,N2T,DRY,DAY,SINGLE,HEAVY,FOG,4,BUS BRAKING
RAD,REAR,REVERSING,DRY,NIGHT,SINGLE,NO,FINE,4,CARS TRUCKS
RAD,OSR,REVERSING,DRY,DAY,BUS,NO,FINE,1,BUS - OTHER
RAD,OSF,SSW,WET,DAWN,SINGLE,HEAVY,RAIN,5,ROA
XRD,NSR,TAI,DRY,DAY,MULTI,MODERATE,FINE,4,CARS TRUCKS
RAD,MIR,HON,DRY,DAY,SINGLE,MODERATE,FINE,4,OTH
XRD,OSR,TBO,DRY,DAY,SINGLE,LIGHT,FINE,4,EMP
XRD,NSF,TBO,DRY,DAY,MULTI,MODERATE,FINE,4,EMP
BSP,OSF,SSW,WET,DAY,SINGLE,HEAVY,RAIN,4,ROA
BSP,REAR,BTMO,WET,DAY,BUS,NO,RAIN,4,BUS - OTHER
BSP,FRNT,HON,DRY,NIGHT,SINGLE,LIGHT,FINE,4,BUS - OTHER
RAD,MIR,SSW,WET,DAY,SINGLE,LIGHT,FINE,4,EMP
RBT,OSR,SSW,DRY,DAY,SINGLE,LIGHT,FINE,1,ROA
TIN,OSM,SSW,DRY,DAY,SINGLE,HEAVY,FINE,4,EMP
RAD,NSR,N2T,DRY,DAY,MULTI,MODERATE,FINE,1,EMP
RAD,TOPM,ROO,DRY,DAY,SINGLE,LIGHT,FINE,0,ENV
TIN,FRNT,TBO,DRY,DUSK,MULTI,MODERATE,FINE,1,CARS TRUCKS
RAD,FRNT,SSW,WET,DAY,SINGLE,LIGHT,FINE,4,BUS - OTHER
RAD,WIN,SSW,DRY,NIGHT,SINGLE,NO,FINE,1,EMP
XRD,OSM,TBO,DRY,DAY,SINGLE,MODERATE,FINE,4,CARS TRUCKS
RAD,NSR,BTMO,DRY,DAY,SINGLE,MODERATE,FINE,0,EMP
RAD,TOPM,HON,SLIP,DAY,SINGLE,MODERATE,RAIN,1,EMP
RAD,REAR,N2T,DRY,DAWN,MULTI,HEAVY,FINE,1,CARS TRUCKS
BSP,OSR,SSW,WET,DAWN,MULTI,HEAVY,RAIN,1,CARS TRUCKS
BSP,NSF,SSW,SLIP,DUSK,SINGLE,MODERATE,RAIN,4,EMP
RAD,OSM,SSW,WET,DAY,SINGLE,MODERATE,RAIN,1,CARS TRUCKS
RAD,OSF,TBO,DRY,NIGHT,SINGLE,LIGHT,FINE,1,CARS TRUCKS
BSP,NSR,TBO,DRY,DAY,SINGLE,LIGHT,FINE,1,EMP
DEPOT,OSF,HON,DRY,DAY,SINGLE,LIGHT,FINE,4,EMP
TIN,WSRE,SSW,DRY,NIGHT,SINGLE,NO,FINE,4,EMP
XRD,NSR,TAI,DRY,DUSK,MULTI,HEAVY,SUN,4,EMP
RAD,NSR,REVERSING,DRY,DAY,SINGLE,MODERATE,FINE,1,CARS TRUCKS
TIN,OSM,SSW,SLIP,DAY,BUS,HEAVY,FOG,1,EMP
BSP,REAR,N2T,DRY,DAY,SINGLE,LIGHT,FINE,1,CARS TRUCKS
BSP,REAR,HON,DRY,DAY,MULTI,MODERATE,FINE,1,CARS TRUCKS
BSP,FRNT,SSW,DRY,DAY,MULTI,LIGHT,FINE,4,EMP
RAD,None to bus,SSW,DRY,DAY,SINGLE,LIGHT,FINE,3,EMP
RAD,NSR,TBO,DRY,DAY,BUS,MODERATE,FINE,1,EMP
RAD,OSF,HON,DRY,DAWN,MULTI,LIGHT,FINE,0,EMP
DEPOT,NSM,REVERSING,DRY,NIGHT,BUS,NO,FINE,4,EMP
RAD,OSM,SSW,DRY,NIGHT,SINGLE,NO,FINE,4,EMP
DEPOT,WIN,SSW,WET,DAY,MULTI,LIGHT,FINE,4,EMP
DEPOT,WSRE,SSW,DRY,DAY,SINGLE,NO,FINE,4,BUS - OTHER
BSP,NSR,SSW,WET,DAWN,SINGLE,HEAVY,FOG,4,EMP
BSP,OSF,SSW,DRY,DAY,SINGLE,LIGHT,FINE,4,BUS - OTHER
RAD,NSR,TAI,DRY,DAY,SINGLE,NO,FINE,4,BUS - OTHER
BSP,REAR,SSW,DRY,DAY,MULTI,NO,FINE,0,GEN
DEPOT,NSF,SSW,DRY,NIGHT,BUS,NO,FINE,4,BUS - OTHER
RAD,OSR,SSW,WET,DAY,MULTI,LIGHT,RAIN,1,ROA
RAD,MIR,SSW,DRY,DAY,MULTI,LIGHT,FINE,1,EMP
BSP,FRNT,N2T,WET,DAY,MULTI,EXTREME,RAIN,1,CARS TRUCKS
RAD,NSR,SSW,WET,DAY,MULTI,HEAVY,RAIN,5,CARS TRUCKS
DEPOT,NSR,HON,DRY,DAY,SINGLE,NO,FINE,2,EMP
RBT,NSR,TBO,DRY,DAY,SINGLE,NO,FINE,1,EMP
BSP,MIR,REVERSING,DRY,DAY,SINGLE,LIGHT,FINE,4,BUS - OTHER
BSP,FRNT,SSW,DRY,NIGHT,MULTI,LIGHT,FINE,4,CARS TRUCKS
BSP,OSM,SSW,DRY,DAY,SINGLE,NO,FINE,4,EMP
BSP,OSF,BTMO,DRY,DAY,SINGLE,LIGHT,FINE,4,EMP
TIN,OSM,SSW,DRY,DAY,MULTI,LIGHT,FINE,1,GEN