location_code,damage_code,collision_code,road_code,light_code,road_type_code,traffic_code,weather_code,emp_liability_code,kpi_cause_code
RAD,N/S front bumpe,SSW,DRY,DAY,SINGLE,LIGHT,FINE,1,EMP
DEPOT,NSM,SSW,DRY,NIGHT,SINGLE,HEAVY,FINE,4,EMP
RAD,NSF,SSW,WET,NIGHT,SINGLE,NO,FINE,4,EMP
RAD,NSF,SSW,DRY,DAWN,MULTI,HEAVY,FINE,4,BUS - OTHER
BSP,NSF,ROO,WET,DUSK,MULTI,HEAVY,RAIN,4,EMP
BSP,TOPF,HON,DRY,DAY,SINGLE,LIGHT,FINE,4,CARS TRUCKS
RAD,NSF,SSW,DRY,DAY,SINGLE,NO,SUN,5,CARS TRUCKS
BSP,FRNT,SSW,WET,NIGHT,MULTI,LIGHT,FINE,0,GEN
BSP,NSR,TAI,DRY,DAY,BUS,HEAVY,FINE,4,BUS - OTHER
XRD,OSM,SSW,WET,DAY,SINGLE,NO,RAIN,0,OTH
XRD,NSM,SSW,DRY,DAY,SINGLE,HEAVY,FINE,1,EMP
RAD,NSF,HON,DRY,DAY,MULTI,MODERATE,FINE,1,ROA
BSP,OSR,SSW,WET,DAY,MULTI,HEAVY,RAIN,1,CARS TRUCKS
DEPOT,FRNT,REVERSING,DRY,DAWN,BUS,NO,FINE,4,EMP
RAD,REAR,BTMO,DRY,DAY,SINGLE,LIGHT,FINE,6,EMP
RAD,L/H/S mirror,SSW,DRY,DAY,SINGLE,LIGHT,FINE,4,EMP
BSP,OSM,SSW,DRY,DAY,SINGLE,LIGHT,FINE,1,EMP
DEPOT,WSRE,TAI,SLIP,DAY,SINGLE,NO,FINE,5,EMP
TIN,FRNT,N2T,DRY,DAY,SINGLE,HEAVY,SUN,4,EMP
RAD,FRNT,N2T,WET,DAWN,SINGLE,LIGHT,RAIN,4,BUS - OTHER
BSP,OSR,N2T,DRY,DAY,BUS,LIGHT,FINE,4,EMP
TIN,NSR,SSW,DRY,DAY,SINGLE,LIGHT,FINE,4,BUS - OTHER
RAD,FRNT,HON,DRY,NIGHT,MULTI,NO,FINE,0,BUS - OTHER
BSP,OSM,N2T,DRY,DAY,MULTI,LIGHT,FINE,1,GEN
RAD,OSM,SSW,WET,DAY,MULTI,MODERATE,RAIN,1,EMP
BSP,REAR,SSW,DRY,DAY,BUS,LIGHT,FINE,5,CARS TRUCKS
XRD,OSR,SSW,WET,DAY,MULTI,LIGHT,RAIN,4,EMP
RAD,MIR,HON,DRY,DAY,SINGLE,LIGHT,FINE,1,ROA
RAD,NSR,SSW,DRY,DUSK,SINGLE,LIGHT,FINE,4,EMP
RAD,NSM,TAI,DRY,NIGHT,SINGLE,NO,FINE,4,EMP
RAD,NSF,N2T,DRY,DAY,SINGLE,HEAVY,FINE,4,CARS TRUCKS
BSP,REAR,REVERSING,DRY,DAY,SINGLE,MODERATE,FINE,4,EMP
RAD,NSF,SSW,DRY,DAY,MULTI,MODERATE,FINE,4,EMP
RBT,NSM,TAI,DRY,DAY,SINGLE,LIGHT,FINE,4,EMP
RAD,NSM,SSW,DRY,DAY,SINGLE,MODERATE,FINE,4,BUS - OTHER
RAD,MIR,SSW,DRY,DAY,MULTI,MODERATE,FINE,4,BUS - OTHER
DEPOT,FRNT,SSW,DRY,DAY,SINGLE,LIGHT,FINE,1,EMP
BSP,NSR,SSW,DRY,DAY,SINGLE,NO,FINE,4,CARS TRUCKS
RAD,OSF,SSW,DRY,NIGHT,MULTI,LIGHT,FINE,1,ROA
DEPOT,REAR,REVERSING,WET,DAY,SINGLE,NO,RAIN,4,EMP
RAD,NSF,SSW,WET,DAY,MULTI,HEAVY,RAIN,4,EMP
BSP,OSR,SSW,WET,DAY,SINGLE,MODERATE,RAIN,1,GEN
DEPOT,NSR,REVERSING,DRY,DAWN,SINGLE,NO,FINE,4,EMP
BSP,NSR,SSW,WET,DAY,SINGLE,MODERATE,FINE,5,CARS TRUCKS
RAD,TOPR,SSW,WET,NIGHT,SINGLE,NO,RAIN,4,EMP
RAD,OSR,TAI,WET,DUSK,MULTI,EXTREME,RAIN,1,CARS TRUCKS
RAD,NSR,SSW,DRY,DAWN,SINGLE,NO,FINE,4,EMP
RAD,FRNT,HON,DRY,DUSK,SINGLE,LIGHT,FINE,4,EMP
RAD,OSF,HON,SLIP,NIGHT,MULTI,MODERATE,FINE,1,CARS TRUCKS
RAD,NSF,SSW,DRY,NIGHT,MULTI,LIGHT,FINE,1,EMP
BSP,OSR,SSW,DRY,DAY,SINGLE,LIGHT,FINE,1,BUS - OTHER
RAD,REAR,N2T,DRY,DAY,SINGLE,LIGHT,FINE,1,OTH
RAD,NSR,BTMO,DRY,DAY,SINGLE,NO,FINE,1,CARS TRUCKS
RAD,NSR,SSW,DRY,DAY,MULTI,LIGHT,FINE,1,EMP
RAD,FRNT,N2T,DRY,NIGHT,MULTI,LIGHT,FINE,4,EMP
TIN,OSR,TBO,DRY,DAY,SINGLE,LIGHT,FINE,1,EMP
TIN,NSR,TBO,DRY,DAY,BUS,MODERATE,FINE,1,EMP
XRD,FRNT,SSW,DRY,DAY,MULTI,MODERATE,FINE,1,CARS TRUCKS
RAD,OSF,N2T,WET,NIGHT,SINGLE,HEAVY,RAIN,4,EMP
BSP,NSR,SSW,DRY,DAY,SINGLE,LIGHT,FINE,0,PAS
TIN,OSR,TAI,DRY,DAY,SINGLE,MODERATE,FINE,4,CARS TRUCKS
RAD,NSM,SSW,SLIP,DAY,SINGLE,NO,RAIN,4,EMP
TIN,OSR,TAI,DRY,DAY,MULTI,LIGHT,FINE,4,EMP
BSP,OSR,HON,DRY,DAY,SINGLE,LIGHT,FINE,1,CARS TRUCKS
RAD,OSR,ROO,SLIP,DAY,MULTI,LIGHT,RAIN,1,CARS TRUCKS
RAD,OSM,SSW,DRY,DUSK,SINGLE,NO,FINE,1,EMP
RAD,NSF,SSW,DRY,DAY,SINGLE,LIGHT,FINE,5,EMP
RAD,OSR,TAI,DRY,DAY,MULTI,HEAVY,FINE,1,CARS TRUCKS
DEPOT,FRNT,REVERSING,DRY,DAY,SINGLE,NO,FINE,4,EMP
TIN,NSR,SSW,DRY,DUSK,SINGLE,HEAVY,FINE,4,BUS - OTHER
DEPOT,FRNT,REVERSING,DRY,NIGHT,SINGLE,LIGHT,FINE,4,CARS TRUCKS
BSP,NSM,SSW,DRY,DAY,MULTI,LIGHT,FINE,1,CARS TRUCKS
RAD,WIN,SSW,DRY,DAY,SINGLE,HEAVY,FINE,0,EMP
XRD,FRNT,N2T,DRY,DAY,SINGLE,NO,FINE,1,GEN
RAD,WSRE,SSW,DRY,DUSK,SINGLE,NO,FINE,4,EMP
RBT,OSR,N2T,DRY,DAY,MULTI,MODERATE,FINE,1,EMP
BSP,REAR,N2T,DRY,DAWN,MULTI,LIGHT,RAIN,1,CARS TRUCKS
DEPOT,OSR,TAI,DRY,DAWN,BUS,NO,FINE,4,EMP
TIN,NSM,SSW,WET,DAY,SINGLE,MODERATE,RAIN,1,EMP
BSP,OSM,SSW,DRY,DAY,SINGLE,LIGHT,FINE,1,CARS TRUCKS
BSP,NSR,SSW,DRY,DAY,SINGLE,LIGHT,FINE,4,BUS - OTHER
XRD,NSR,SSW,DRY,DAY,MULTI,LIGHT,FINE,4,CARS TRUCKS
BSP,REAR,SSW,WET,DUSK,SINGLE,HEAVY,RAIN,1,EMP
BSP,OSR,SSW,DRY,DAY,BUS,MODERATE,FINE,4,EMP
RAD,Shattered refle,SSW,DRY,DAY,SINGLE,LIGHT,FINE,4,EMP
DEPOT,OSR,SSW,DRY,DAY,BUS,NO,FINE,4,CARS TRUCKS
RAD,FRNT,N2T,DRY,DAY,SINGLE,LIGHT,FINE,5,ROA
RAD,Rear damage beh,SSW,DRY,DAY,SINGLE,LIGHT,FINE,4,EMP
RAD,OSR,TAI,DRY,DAY,MULTI,HEAVY,SUN,4,EMP
XRD,OSR,TAI,DRY,DAY,MULTI,LIGHT,FINE,4,CARS TRUCKS
RAD,O/S/F corner bo,SSW,DRY,DAY,SINGLE,LIGHT,FINE,1,EMP
RAD,OSF,REVERSING,DRY,DAY,SINGLE,LIGHT,FINE,1,OTH
RAD,FRNT,TBO,DRY,DAY,SINGLE,MODERATE,FINE,1,EMP
RAD,REAR,N2T,DRY,DAY,MULTI,LIGHT,FINE,1,EMP
XRD,NSM,SSW,WET,NIGHT,SINGLE,LIGHT,FINE,4,EMP
RAD,NSF,SSW,WET,NIGHT,MULTI,NO,RAIN,0,ENV
RAD,NSM,SSW,DRY,DUSK,SINGLE,LIGHT,FINE,1,ROA
XRD,FRNT,HON,DRY,DAY,SINGLE,MODERATE,FINE,1,CARS TRUCKS
BSP,REAR,N2T,DRY,DAY,SINGLE,LIGHT,FINE,1,ROA
TIN,OSF,SSW,DRY,DAY,MULTI,MODERATE,FINE,1,CARS TRUCKS
XRD,MIR,SSW,DRY,DAY,SINGLE,LIGHT,FINE,1,EMP
BSP,NSR,N2T,WET,DAY,MULTI,MODERATE,RAIN,1,ROA
TIN,NSR,BTMO,DRY,DAY,SINGLE,MODERATE,FINE,4,EMP
RBT,REAR,N2T,DRY,DAY,SINGLE,MODERATE,FINE,1,CARS TRUCKS
RAD,NSR,BTMO,DRY,DAY,SINGLE,MODERATE,FINE,4,EMP
BSP,NSF,ROO,DRY,DAY,SINGLE,LIGHT,FINE,4,EMP
RBT,TOPF,HON,WET,DUSK,SINGLE,MODERATE,RAIN,4,EMP
RAD,REAR,REVERSING,DRY,DAY,SINGLE,LIGHT,FINE,4,EMP
RAD,MIR,SSW,WET,DAY,MULTI,LIGHT,RAIN,4,EMP
RAD,NIL,SSW,DRY,DAY,SINGLE,LIGHT,FINE,1,EMP
RAD,FRNT,REVERSING,WET,DAY,MULTI,HEAVY,RAIN,1,CARS TRUCKS
XRD,OSF,HON,DRY,DAY,MULTI,LIGHT,FINE,1,BUS BRAKING
DEPOT,NSR,BTMO,DRY,DAY,SINGLE,NO,FINE,4,CARS TRUCKS
BSP,NSR,N2T,DRY,DAY,MULTI,LIGHT,FINE,5,ROA
TIN,MIR,SSW,DRY,DAY,SINGLE,LIGHT,FINE,1,EMP
RBT,OSF,TBO,DRY,DAY,SINGLE,LIGHT,FINE,4,CARS TRUCKS
RAD,NSM,SSW,WET,STREET,MULTI,HEAVY,RAIN,4,EMP
RAD,REAR,SSW,DRY,DAY,SINGLE,HEAVY,FINE,1,CARS TRUCKS
XRD,NSF,TBO,WET,NIGHT,MULTI,LIGHT,RAIN,1,CARS TRUCKS
RAD,FRNT,SSW,DRY,DAY,SINGLE,MODERATE,FINE,1,BUS - OTHER
TIN,REAR,TAI,DRY,DAY,MULTI,MODERATE,FINE,4,EMP
TIN,WIN,SSW,DRY,DAY,MULTI,HEAVY,FINE,1,EMP
RAD,Shattered windo,SSW,DRY,DAY,SINGLE,LIGHT,FINE,4,EMP
RAD,OSM,SSW,DRY,DAY,SINGLE,NO,FINE,4,EMP
BSP,OSM,SSW,DRY,DAY,SINGLE,NO,FINE,5,CARS TRUCKS
RAD,NSR,N2T,DRY,DAY,MULTI,MODERATE,FINE,4,CARS TRUCKS
TIN,OSF,SSW,DRY,DAY,MULTI,HEAVY,FINE,1,ROA
XRD,FRNT,HON,DRY,DAY,MULTI,MODERATE,FINE,1,CARS TRUCKS
RAD,OSR,SSW,DRY,DAY,BUS,LIGHT,FINE,4,CARS TRUCKS
BSP,MIR,SSW,DRY,DAY,BUS,NO,FINE,4,CARS TRUCKS
RAD,FRNT,SSW,WET,STREET,MULTI,MODERATE,RAIN,1,GEN
RAD,WIN,SSW,DRY,DAY,MULTI,LIGHT,FINE,5,EMP
BSP,TOPF,ROO,DRY,DAY,SINGLE,LIGHT,FINE,4,EMP
DEPOT,OSR,REVERSING,WET,NIGHT,SINGLE,NO,RAIN,4,EMP
RAD,OSM,REVERSING,DRY,DAY,SINGLE,NO,FINE,1,EMP
RAD,L/H/S mirror  b,SSW,DRY,DAY,SINGLE,LIGHT,FINE,1,EMP
XRD,MIR,SSW,DRY,DAY,MULTI,HEAVY,FINE,5,EMP
RAD,TOPM,ROO,DRY,NIGHT,SINGLE,NO,FINE,4,EMP
RAD,OSR,SSW,DRY,DAY,MULTI,LIGHT,FINE,1,ROA
RAD,NSR,SSW,SLIP,DAY,MULTI,LIGHT,RAIN,1,CARS TRUCKS
RAD,NSR,SSW,WET,NIGHT,SINGLE,HEAVY,FINE,1,EMP
DEPOT,REAR,REVERSING,DRY,DUSK,SINGLE,NO,FINE,4,EMP
RAD,Scrape along L/,SSW,DRY,DAY,SINGLE,LIGHT,FINE,4,EMP
BSP,NSR,REVERSING,WET,NIGHT,BUS,NO,FINE,4,EMP
RAD,OSR,SSW,DRY,DAY,SINGLE,LIGHT,FINE,6,BUS - OTHER
RAD,REAR,N2T,SLIP,DAWN,SINGLE,NO,FINE,4,EMP
BSP,OSM,REVERSING,DRY,NIGHT,BUS,LIGHT,FINE,4,EMP
BSP,REAR,SSW,DRY,DAY,BUS,LIGHT,FINE,1,CARS TRUCKS
TIN,OSR,SSW,DRY,DAY,SINGLE,HEAVY,SUN,4,EMP
RAD,FRNT,HON,WET,NIGHT,MULTI,MODERATE,RAIN,4,CARS TRUCKS
BSP,MIR,HON,DRY,DAY,SINGLE,MODERATE,FINE,4,EMP
RAD,NSR,SSW,DRY,DAY,SINGLE,HEAVY,FINE,4,EMP
XRD,NSM,SSW,DRY,DAY,MULTI,LIGHT,FINE,1,CARS TRUCKS
XRD,NSR,REVERSING,DRY,DAY,SINGLE,NO,FINE,4,EMP
TIN,NSM,SSW,DRY,NIGHT,SINGLE,LIGHT,FINE,4,EMP
XRD,OSM,SSW,DRY,NIGHT,MULTI,HEAVY,FINE,4,EMP
RAD,MIR,HON,DRY,DAY,MULTI,MODERATE,FINE,4,EMP
XRD,NSR,SSW,DRY,DAY,SINGLE,MODERATE,FINE,1,CARS TRUCKS
BSP,MIR,SSW,DRY,DAY,SINGLE,LIGHT,FINE,1,CARS TRUCKS
RAD,MIR,SSW,WET,DAY,SINGLE,NO,ICE,4,EMP
RAD,FRNT,HON,DRY,DUSK,MULTI,HEAVY,FINE,4,EMP
RAD,L/H/S scratches,SSW,DRY,DAY,SINGLE,LIGHT,FINE,1,EMP
RAD,OSM,SSW,SLIP,DUSK,SINGLE,EXTREME,FINE,1,EMP
XRD,MIR,SSW,DRY,DAY,MULTI,EXTREME,FINE,4,EMP
TIN,NSF,SSW,DRY,DAY,MULTI,MODERATE,FINE,4,EMP
RAD,REAR,SSW,WET,DUSK,SINGLE,LIGHT,RAIN,4,EMP
RAD,Panel Damage to,SSW,DRY,DAY,SINGLE,LIGHT,FINE,3,EMP
RAD,OSR,TBO,DRY,DAY,SINGLE,LIGHT,FINE,1,EMP
BSP,NSR,SSW,DRY,DAY,SINGLE,LIGHT,SUN,4,EMP
BSP,NSR,SSW,WET,NIGHT,SINGLE,HEAVY,RAIN,4,EMP
RAD,NSF,SSW,WET,STREET,MULTI,LIGHT,RAIN,0,ENV
BSP,OSR,SSW,DRY,DAY,SINGLE,MODERATE,FINE,5,CARS TRUCKS
TIN,NSR,SSW,WET,NIGHT,MULTI,LIGHT,RAIN,4,EMP
DEPOT,WSRE,N2T,DRY,DAY,SINGLE,NO,FINE,2,EMP
RAD,NSM,SSW,DRY,DAWN,BUS,HEAVY,FINE,4,EMP
RAD,WSRE,SSW,DRY,NIGHT,SINGLE,MODERATE,FINE,1,EMP
BSP,OSR,TAI,DRY,DAY,BUS,NO,FINE,2,EMP
XRD,OSM,SSW,DRY,DUSK,SINGLE,HEAVY,FINE,4,CARS TRUCKS
BSP,OSR,TAI,DRY,DAY,MULTI,LIGHT,FINE,1,CARS TRUCKS
BSP,OSM,SSW,DRY,DUSK,BUS,LIGHT,FINE,4,EMP
RAD,WSRE,BTMO,DRY,DUSK,SINGLE,NO,FINE,4,EMP
XRD,NSF,SSW,DRY,DAY,SINGLE,MODERATE,FINE,1,CARS TRUCKS
RAD,NSR,N2T,DRY,DAY,SINGLE,NO,FINE,4,EMP
RAD,NSR,SSW,DRY,DUSK,SINGLE,LIGHT,FINE,1,CARS TRUCKS
RAD,OSR,TBO,DRY,DAY,SINGLE,EXTREME,FINE,4,BUS - OTHER
RAD,NSF,TBO,DRY,DAWN,MULTI,LIGHT,FINE,1,EMP
RAD,FRNT,TBO,DRY,DAY,SINGLE,NO,FINE,4,BUS - OTHER
RAD,FRNT,N2T,DRY,NIGHT,SINGLE,LIGHT,RAIN,4,EMP
DEPOT,MIR,SSW,WET,DAY,MULTI,NO,FINE,2,BUS - OTHER
RAD,OSF,SSW,DRY,NIGHT,MULTI,MODERATE,FINE,1,CARS TRUCKS
RAD,OSF,SSW,DRY,DAY,FREE,LIGHT,FINE,1,CARS TRUCKS
BSP,NSF,HON,DRY,DUSK,SINGLE,NO,FINE,4,EMP
RAD,WSRE,SSW,WET,DAY,MULTI,MODERATE,RAIN,1,EMP
DEPOT,NSM,SSW,DRY,DAY,SINGLE,NO,FINE,4,CARS TRUCKS
RAD,WIN,SSW,DRY,NIGHT,MULTI,NO,FINE,1,EMP
BSP,OSR,HON,DRY,DAY,MULTI,MODERATE,FINE,4,EMP
XRD,NSR,SSW,SLIP,DAY,SINGLE,LIGHT,RAIN,4,EMP
DEPOT,MIR,SSW,DRY,DAY,SINGLE,LIGHT,FINE,2,BUS - OTHER
RBT,NSM,SSW,WET,DUSK,MULTI,EXTREME,RAIN,4,EMP
RBT,WIN,TAI,WET,DAY,SINGLE,NO,RAIN,4,EMP
RAD,NSM,SSW,WET,NIGHT,SINGLE,NO,FINE,4,EMP
BSP,OSR,TAI,DRY,DAY,SINGLE,MODERATE,FINE,4,EMP
RAD,FRNT,N2T,DRY,DUSK,MULTI,LIGHT,FINE,4,EMP
RAD,OSM,TBO,DRY,DAY,MULTI,MODERATE,FINE,1,CARS TRUCKS
DEPOT,OSR,TAI,DRY,DAY,SINGLE,LIGHT,FINE,4,CARS TRUCKS
RAD,NSR,SSW,WET,DAY,SINGLE,HEAVY,SUN,4,CARS TRUCKS
RAD,NSR,REVERSING,DRY,NIGHT,SINGLE,MODERATE,FINE,4,EMP
XRD,FRNT,N2T,DRY,DAY,MULTI,LIGHT,FINE,4,EMP
XRD,NSF,SSW,WET,DAY,SINGLE,HEAVY,RAIN,4,BUS - OTHER
BSP,NSR,SSW,DRY,NIGHT,MULTI,NO,FINE,0,PAS
BSP,REAR,TAI,DRY,DAY,BUS,MODERATE,FINE,4,EMP
RAD,OSR,REVERSING,WET,DAY,MULTI,LIGHT,RAIN,4,EMP
RAD,MIR,SSW,DRY,NIGHT,SINGLE,NO,FINE,5,EMP
RAD,REAR,BTMO,WET,NIGHT,SINGLE,NO,RAIN,4,EMP
RAD,NSR,SSW,DRY,DAY,SINGLE,LIGHT,FINE,1,BUS - OTHER
XRD,NSF,SSW,SLIP,DUSK,MULTI,HEAVY,RAIN,1,ROA
RAD,OSF,SSW,WET,DAY,SINGLE,HEAVY,RAIN,4,CARS TRUCKS
RAD,OSF,TBO,DRY,DAY,MULTI,LIGHT,FINE,4,BUS - OTHER
BSP,OSR,TAI,DRY,DAY,SINGLE,LIGHT,FINE,4,BUS - OTHER
RAD,NSM,SSW,WET,DAWN,MULTI,MODERATE,FINE,4,EMP
TIN,FRNT,SSW,DRY,DAY,MULTI,HEAVY,FINE,4,EMP
BSP,MIR,HON,DRY,DAY,MULTI,HEAVY,SUN,4,EMP
BSP,WIN,SSW,DRY,NIGHT,SINGLE,LIGHT,FINE,4,EMP
BSP,MIR,SSW,DRY,DAY,SINGLE,MODERATE,FINE,1,CARS TRUCKS
RAD,OSR,TBO,DRY,DAY,MULTI,NO,FINE,1,CARS TRUCKS
RAD,OSF,SSW,DRY,DUSK,MULTI,LIGHT,FINE,1,CARS TRUCKS
BSP,OSF,SSW,DRY,DUSK,SINGLE,MODERATE,FINE,4,EMP
XRD,NSM,SSW,SLIP,DAWN,MULTI,HEAVY,RAIN,1,EMP
BSP,NSR,SSW,WET,DAY,BUS,LIGHT,RAIN,4,BUS - OTHER
RAD,MIR,SSW,DRY,DAY,MULTI,MODERATE,FINE,5,CARS TRUCKS
RAD,OSM,HON,WET,DAY,SINGLE,MODERATE,RAIN,1,CARS TRUCKS
RAD,MIR,SSW,WET,NIGHT,MULTI,HEAVY,RAIN,5,CARS TRUCKS
XRD,NSM,SSW,DRY,DAY,MULTI,HEAVY,FINE,4,CARS TRUCKS
BSP,NSF,SSW,DRY,DAY,MULTI,LIGHT,FINE,5,ALCO/DRUG
BSP,NSR,SSW,DRY,DAWN,SINGLE,LIGHT,FINE,4,EMP
XRD,MIR,SSW,DRY,DAY,MULTI,MODERATE,FINE,1,EMP
XRD,FRNT,HON,DRY,DAY,SINGLE,MODERATE,FINE,4,EMP
BSP,OSF,SSW,DRY,DAY,MULTI,MODERATE,FINE,1,ROA
RAD,REAR,REVERSING,DRY,DAY,SINGLE,NO,FINE,5,BUS - OTHER
RAD,NSR,SSW,DRY,DAWN,SINGLE,MODERATE,FINE,4,EMP
RAD,OSF,TBO,DRY,DAY,SINGLE,MODERATE,FINE,4,CARS TRUCKS
RBT,OSM,SSW,DRY,DAY,SINGLE,MODERATE,FINE,4,CARS TRUCKS
TIN,OSF,SSW,DRY,DAY,SINGLE,NO,FINE,4,EMP
XRD,OSM,SSW,DRY,STREET,SINGLE,NO,FINE,4,EMP
BSP,OSR,SSW,DRY,DAY,SINGLE,MODERATE,FINE,1,EMP
RAD,OSR,SSW,WET,DAWN,MULTI,LIGHT,RAIN,4,EMP
BSP,NSM,SSW,DRY,DAY,MULTI,HEAVY,FINE,4,EMP
RAD,REAR,REVERSING,DRY,DAY,SINGLE,HEAVY,FINE,4,EMP
DEPOT,REAR,TAI,DRY,DAY,BUS,NO,FINE,4,EMP
RAD,MIR,SSW,WET,DAWN,MULTI,HEAVY,RAIN,5,ROA
BSP,NSF,SSW,DRY,DAY,MULTI,NO,FINE,1,EMP
BSP,MIR,SSW,WET,DAY,SINGLE,MODERATE,FINE,4,EMP
RAD,NSR,SSW,WET,DAY,SINGLE,LIGHT,RAIN,0,CARS TRUCKS
TIN,MIR,SSW,WET,DAY,SINGLE,HEAVY,FINE,1,EMP
TIN,OSR,TAI,DRY,DAY,MULTI,MODERATE,FINE,5,ROA
RAD,FRNT,SSW,WET,DAY,SINGLE,NO,RAIN,4,CARS TRUCKS
RAD,OSR,SSW,WET,DAY,MULTI,MODERATE,RAIN,1,CARS TRUCKS
RAD,NSF,ROO,DRY,DAY,SINGLE,NO,FINE,4,EMP
DEPOT,OSM,SSW,DRY,DAY,SINGLE,HEAVY,FINE,4,EMP
BSP,TOPR,SSW,DRY,DAY,SINGLE,NO,FINE,4,CARS TRUCKS
RAD,NSF,SSW,DRY,DAY,FREE,LIGHT,FINE,1,EMP
RAD,FRNT,SSW,DRY,DAY,SINGLE,NO,FINE,4,EMP
TIN,NSM,SSW,DRY,NIGHT,SINGLE,LIGHT,RAIN,4,EMP
RAD,NSR,TBO,DRY,DAY,MULTI,LIGHT,FINE,4,CARS TRUCKS
XRD,REAR,TAI,DRY,DAY,MULTI,HEAVY,FINE,1,CARS TRUCKS
XRD,FRNT,SSW,DRY,DUSK,MULTI,HEAVY,FINE,1,EMP
RAD,FRNT,SSW,DRY,DAY,MULTI,HEAVY,FINE,1,CARS TRUCKS
RAD,R/H/S panels ne,SSW,DRY,DAY,SINGLE,LIGHT,FINE,4,EMP
DEPOT,OSR,SSW,DRY,DAY,MULTI,LIGHT,FINE,4,CARS TRUCKS
BSP,OSF,SSW,SLIP,NIGHT,SINGLE,HEAVY,RAIN,1,CARS TRUCKS
RAD,FRNT,SSW,WET,NIGHT,BUS,LIGHT,RAIN,1,EMP
RAD,NSM,SSW,DRY,DAY,BUS,MODERATE,FINE,1,EMP
XRD,TOPM,SSW,DRY,DAY,MULTI,LIGHT,FINE,4,EMP
XRD,MIR,SSW,WET,DAY,MULTI,MODERATE,RAIN,5,CARS TRUCKS
BSP,MIR,SSW,DRY,DAY,SINGLE,MODERATE,FINE,1,EMP
RAD,OSR,TAI,DRY,DAY,SINGLE,MODERATE,FINE,4,EMP
XRD,NSR,SSW,DRY,NIGHT,MULTI,LIGHT,FINE,4,CARS TRUCKS
RAD,NSM,N2T,DRY,DAY,MULTI,MODERATE,FINE,1,CARS TRUCKS
RAD,OSR,N2T,DRY,DAY,MULTI,MODERATE,FINE,1,CARS TRUCKS
XRD,NSR,SSW,DRY,DAY,SINGLE,MODERATE,FINE,4,BUS - OTHER
RAD,OSM,SSW,DRY,DUSK,SINGLE,LIGHT,FINE,4,EMP
BSP,FRNT,SSW,DRY,NIGHT,SINGLE,LIGHT,FINE,5,EMP
BSP,REAR,REVERSING,DRY,NIGHT,BUS,NO,FINE,1,CARS TRUCKS
BSP,OSR,SSW,DRY,DUSK,SINGLE,MODERATE,FINE,5,CARS TRUCKS
RAD,OSR,SSW,DRY,DAY,SINGLE,LIGHT,FINE,1,BUS - OTHER
XRD,NSR,SSW,DRY,STREET,MULTI,NO,FINE,4,EMP
BSP,FRNT,REVERSING,DRY,DAY,BUS,LIGHT,FINE,2,EMP
BSP,OSR,SSW,WET,DAY,MULTI,MODERATE,RAIN,1,ROA
RAD,REAR,TBO,DRY,DAY,SINGLE,HEAVY,FINE,1,CARS TRUCKS
RAD,NSF,SSW,WET,DAY,MULTI,MODERATE,RAIN,1,EMP
DEPOT,MIR,SSW,DRY,DAY,SINGLE,LIGHT,FINE,6,EMP
RAD,MIR,SSW,DRY,DAY,SINGLE,MODERATE,FINE,5,ROA
RAD,FRNT,SSW,DRY,DUSK,SINGLE,LIGHT,FINE,4,CYC
RAD,OSR,BTMO,DRY,DAY,SINGLE,MODERATE,FINE,1,CARS TRUCKS
DEPOT,MIR,SSW,DRY,DAY,BUS,NO,FINE,2,EMP
RAD,NSR,SSW,DRY,DAY,MULTI,HEAVY,FINE,4,EMP
BSP,FRNT,SSW,DRY,DAWN,SINGLE,NO,FINE,4,CARS TRUCKS
BSP,NSR,SSW,DRY,DAY,BUS,NO,FINE,0,GEN
RAD,MIR,SSW,WET,DAY,SINGLE,HEAVY,RAIN,4,EMP
XRD,FRNT,HON,WET,NIGHT,MULTI,LIGHT,RAIN,0,GEN
BSP,OSM,SSW,DRY,DUSK,SINGLE,LIGHT,FINE,1,CARS TRUCKS
XRD,NSM,SSW,DRY,DAY,SINGLE,HEAVY,FINE,4,CARS TRUCKS
RAD,OSM,SSW,WET,DAY,SINGLE,LIGHT,RAIN,1,EMP
RAD,NSF,REVERSING,DRY,DAY,SINGLE,NO,FINE,4,EMP