location_code,damage_code,collision_code,road_code,light_code,road_type_code,traffic_code,weather_code,emp_liability_code,kpi_cause_code
RAD,FRNT,HON,DRY,DAY,MULTI,MODERATE,FINE,4,BUS - OTHER
RBT,OSF,SSW,SLIP,DAY,SINGLE,HEAVY,RAIN,4,EMP
DEPOT,NSF,HON,DRY,DAY,SINGLE,LIGHT,FINE,6,EMP
RAD,FRNT,HON,DRY,NIGHT,MULTI,MODERATE,FINE,1,CARS TRUCKS
BSP,MIR,SSW,WET,DAY,MULTI,LIGHT,FINE,4,CARS TRUCKS
RAD,FRNT,SSW,DRY,DAY,SINGLE,LIGHT,FINE,0,OTH
RAD,NSM,SSW,DRY,DAY,SINGLE,NO,FINE,1,CARS TRUCKS
RAD,Front bumper ba,SSW,DRY,DAY,SINGLE,LIGHT,FINE,4,EMP
DEPOT,OSR,SSW,DRY,NIGHT,SINGLE,NO,FINE,4,CARS TRUCKS
BSP,NSR,SSW,DRY,DAY,MULTI,HEAVY,FINE,1,EMP
RAD,R/H rear accide,SSW,DRY,DAY,SINGLE,LIGHT,FINE,4,EMP
RAD,OSM,SSW,DRY,DAWN,SINGLE,LIGHT,FINE,4,EMP
BSP,WSRE,SSW,DRY,DAY,BUS,LIGHT,FINE,4,EMP
BSP,REAR,HON,DRY,DAY,MULTI,LIGHT,FINE,1,CARS TRUCKS
RAD,OSM,SSW,WET,DAWN,MULTI,LIGHT,RAIN,5,EMP
RAD,T.B.A.,SSW,DRY,DAY,SINGLE,LIGHT,FINE,4,EMP
DEPOT,OSR,REVERSING,DRY,DAY,SINGLE,LIGHT,FINE,4,CARS TRUCKS
RAD,NSF,SSW,WET,DAY,MULTI,LIGHT,RAIN,4,EMP
DEPOT,OSF,TBO,DRY,NIGHT,BUS,NO,FINE,6,EMP
BSP,NSF,ROO,DRY,DUSK,SINGLE,LIGHT,FINE,4,EMP
DEPOT,OSR,REVERSING,DRY,DAY,SINGLE,NO,FINE,4,BUS - OTHER
XRD,NSM,SSW,SLIP,STREET,SINGLE,NO,RAIN,4,EMP
RAD,WSRE,SSW,DRY,NIGHT,SINGLE,NO,FINE,1,EMP
RAD,NSR,SSW,DRY,NIGHT,MULTI,LIGHT,FINE,0,BUS - OTHER
BSP,OSM,SSW,DRY,DAY,MULTI,NO,FINE,1,EMP
BSP,WIN,SSW,DRY,DAY,MULTI,LIGHT,FINE,4,EMP
RBT,OSM,SSW,DRY,DAY,SINGLE,LIGHT,FINE,1,ROA
RAD,WSRE,BTMO,DRY,DAY,SINGLE,LIGHT,FINE,0,OTH
BSP,NSR,SSW,DRY,DAY,BUS,EXTREME,FINE,4,EMP
RAD,REAR,N2T,DRY,DAY,MULTI,HEAVY,FINE,5,CARS TRUCKS
BSP,NSF,HON,DRY,DAY,BUS,NO,FINE,4,NONPOW
RAD,"TP""s vehicle's ",SSW,DRY,DAY,SINGLE,LIGHT,FINE,1,EMP
RBT,NSF,SSW,DRY,DAY,MULTI,MODERATE,FINE,4,CARS TRUCKS
RAD,MIR,SSW,DRY,DAY,SINGLE,MODERATE,FINE,4,OTH
RAD,FRNT,HON,DRY,DAY,SINGLE,LIGHT,FINE,6,EMP
RAD,MIR,HON,DRY,NIGHT,SINGLE,NO,FINE,5,GEN
RAD,NSM,SSW,DRY,STREET,SINGLE,NO,FINE,4,EMP
XRD,OSF,HON,DRY,NIGHT,SINGLE,LIGHT,FINE,4,GEN
TIN,FRNT,N2T,DRY,DAY,MULTI,HEAVY,FINE,4,BUS - OTHER
BSP,WSRE,HON,WET,DAY,SINGLE,MODERATE,RAIN,4,CARS TRUCKS
RAD,OSF,SSW,DRY,DAY,MULTI,HEAVY,FINE,4,CARS TRUCKS
RAD,NSR,SSW,DRY,DAY,SINGLE,LIGHT,FINE,4,EMP
RAD,NSF,ROO,DRY,DAY,MULTI,LIGHT,FINE,4,EMP
RAD,NSR,TAI,WET,DAY,SINGLE,NO,RAIN,4,BUS - OTHER
TIN,OSR,SSW,DRY,DAY,SINGLE,LIGHT,FINE,4,EMP
DEPOT,NSR,TAI,DRY,DAY,SINGLE,LIGHT,FINE,4,EMP
DEPOT,MIR,REVERSING,DRY,DAY,SINGLE,NO,FINE,4,EMP
RAD,FRNT,HON,DRY,DAY,MULTI,MODERATE,FINE,1,EMP
RAD,NSR,SSW,DRY,NIGHT,MULTI,LIGHT,FINE,1,EMP
XRD,FRNT,N2T,WET,DAY,MULTI,LIGHT,RAIN,4,EMP
RAD,OSF,TBO,DRY,DAY,MULTI,HEAVY,FINE,1,ROA
RAD,WSRE,HON,DRY,DAY,SINGLE,HEAVY,FINE,4,EMP
RAD,NSM,SSW,DRY,DAY,MULTI,LIGHT,FINE,1,ROA
BSP,NSF,SSW,DRY,DAY,SINGLE,LIGHT,FINE,6,OTH
RAD,WIN,SSW,DRY,DUSK,MULTI,LIGHT,FINE,4,EMP
RAD,NSF,SSW,WET,DAY,SINGLE,LIGHT,RAIN,0,ENV
TIN,REAR,SSW,WET,DAY,SINGLE,HEAVY,RAIN,1,EMP
BSP,FRNT,HON,DRY,DAY,MULTI,NO,FINE,4,EMP
BSP,OSR,N2T,DRY,DAY,SINGLE,MODERATE,FINE,1,CARS TRUCKS
RAD,NSF,HON,DRY,NIGHT,SINGLE,NO,FINE,0,OTH
TIN,OSR,SSW,DRY,DAY,SINGLE,HEAVY,FINE,4,EMP
RAD,NSF,N2T,DRY,DAY,MULTI,LIGHT,FINE,1,ROA
RAD,NSR,SSW,DRY,DAWN,MULTI,LIGHT,FINE,1,CARS TRUCKS
XRD,MIR,SSW,DRY,DAY,MULTI,MODERATE,FINE,5,CARS TRUCKS
TIN,NSM,SSW,DRY,DAY,MULTI,MODERATE,FINE,4,CARS TRUCKS
TIN,OSR,SSW,DRY,DAY,MULTI,LIGHT,FINE,4,EMP
RBT,NSM,SSW,DRY,NIGHT,SINGLE,HEAVY,FINE,4,BUS - OTHER
BSP,OSR,SSW,DRY,DAY,SINGLE,HEAVY,FINE,1,CARS TRUCKS
RAD,OSR,TBO,WET,DAY,SINGLE,NO,RAIN,1,CARS TRUCKS
RAD,OSF,SSW,WET,DUSK,MULTI,HEAVY,RAIN,1,CARS TRUCKS
BSP,NSR,TAI,DRY,DAY,SINGLE,MODERATE,FINE,4,CARS TRUCKS
RAD,REAR,N2T,DRY,DAY,SINGLE,NO,FINE,4,EMP
BSP,NSR,SSW,DRY,NIGHT,SINGLE,LIGHT,FINE,1,CARS TRUCKS
DEPOT,REAR,REVERSING,DRY,DUSK,BUS,NO,FINE,4,EMP
BSP,REAR,N2T,SLIP,DAY,MULTI,HEAVY,RAIN,1,CARS TRUCKS
BSP,MIR,SSW,DRY,DAY,SINGLE,LIGHT,FINE,4,CARS TRUCKS
BSP,REAR,REVERSING,DRY,NIGHT,MULTI,NO,FINE,4,EMP
BSP,NSF,SSW,DRY,DAY,BUS,NO,RAIN,1,EMP
RAD,FRNT,HON,WET,DAY,SINGLE,NO,FINE,4,BUS - OTHER
RAD,MIR,HON,DRY,DAY,SINGLE,HEAVY,FINE,1,EMP
RAD,NSR,SSW,WET,DAY,MULTI,LIGHT,RAIN,1,CARS TRUCKS
RAD,MIR,SSW,WET,DUSK,MULTI,HEAVY,RAIN,1,EMP
RAD,NSF,SSW,DRY,DUSK,MULTI,HEAVY,FOG,1,EMP
RAD,NSR,SSW,DRY,NIGHT,MULTI,LIGHT,FINE,0,PAS
BSP,OSR,TBO,DRY,DAY,BUS,NO,FINE,1,CARS TRUCKS
RAD,OSR,N2T,DRY,DAWN,MULTI,MODERATE,FINE,4,CARS TRUCKS
DEPOT,OSR,SSW,DRY,DAWN,SINGLE,NO,FINE,4,EMP
RAD,TOPF,ROO,DRY,DAY,SINGLE,NO,FINE,0,EMP
RAD,NSF,SSW,WET,DAY,MULTI,MODERATE,RAIN,5,CARS TRUCKS
BSP,FRNT,SSW,DRY,DAY,MULTI,MODERATE,FINE,1,CARS TRUCKS
XRD,OSR,SSW,DRY,DAY,SINGLE,NO,FINE,4,EMP
RBT,NSR,TAI,WET,DAY,SINGLE,LIGHT,RAIN,4,EMP
RAD,NSR,TAI,WET,DAY,MULTI,LIGHT,RAIN,4,CARS TRUCKS
RBT,NSR,SSW,DRY,NIGHT,SINGLE,LIGHT,FINE,4,PL&EQ
RAD,NSR,HON,DRY,DUSK,SINGLE,NO,FINE,4,CARS TRUCKS
RAD,FRNT,SSW,DRY,DAY,MULTI,MODERATE,FINE,1,CARS TRUCKS
RAD,REAR,SSW,DRY,DAY,MULTI,HEAVY,FINE,4,CARS TRUCKS
BSP,NSF,SSW,WET,DAY,MULTI,LIGHT,FINE,4,EMP
BSP,NSM,SSW,DRY,DAY,BUS,LIGHT,FINE,1,BUS - OTHER
BSP,MIR,N2T,DRY,NIGHT,MULTI,NO,FINE,1,EMP
RAD,FRNT,SSW,DRY,DAY,SINGLE,NO,FINE,1,CARS TRUCKS
BSP,NSF,SSW,DRY,DAY,SINGLE,LIGHT,FINE,5,EMP
RAD,REAR,REVERSING,DRY,DAY,SINGLE,NO,FINE,4,BUS - OTHER
RAD,OSR,SSW,SLIP,DAY,MULTI,HEAVY,FINE,4,CARS TRUCKS
RAD,OSR,SSW,DRY,DAY,MULTI,EXTREME,FINE,1,EMP
RAD,MIR,SSW,DRY,DAY,MULTI,MODERATE,FINE,1,CARS TRUCKS
DEPOT,OSF,SSW,DRY,DAY,BUS,NO,FINE,4,EMP
BSP,OSM,SSW,SLIP,DAY,MULTI,HEAVY,RAIN,1,EMP
RAD,NSR,SSW,DRY,DAY,MULTI,LIGHT,FINE,6,EMP
BSP,OSF,SSW,DRY,STREET,MULTI,LIGHT,FINE,1,EMP
RAD,FRNT,SSW,WET,NIGHT,MULTI,HEAVY,RAIN,4,CARS TRUCKS
BSP,NSF,SSW,WET,DAY,SINGLE,LIGHT,RAIN,4,EMP
RAD,NSR,SSW,WET,NIGHT,MULTI,HEAVY,RAIN,4,EMP
RAD,Paint smear R/H,SSW,DRY,DAY,SINGLE,LIGHT,FINE,4,EMP
BSP,NSR,TAI,DRY,NIGHT,SINGLE,LIGHT,FINE,4,EMP
RAD,WSRE,BTMO,WET,DAY,SINGLE,NO,FINE,4,EMP
RAD,FRNT,HON,DRY,DAY,SINGLE,HEAVY,FINE,4,EMP
BSP,NSR,SSW,DRY,DAWN,SINGLE,LIGHT,FINE,4,CARS TRUCKS
RAD,Black scrape al,SSW,DRY,DAY,SINGLE,LIGHT,FINE,1,EMP
BSP,NSM,SSW,DRY,DAY,BUS,MODERATE,FINE,1,CARS TRUCKS
RBT,NSR,SSW,DRY,DAY,SINGLE,HEAVY,FINE,1,EMP
RAD,OSR,REVERSING,DRY,DAY,SINGLE,NO,FINE,4,CARS TRUCKS
DEPOT,REAR,REVERSING,DRY,DAY,MULTI,NO,FINE,4,CARS TRUCKS
RAD,OSM,SSW,DRY,DAY,SINGLE,LIGHT,FINE,5,ROA
RAD,FRNT,N2T,DRY,DAY,MULTI,HEAVY,FINE,4,EMP
RAD,NSF,SSW,DRY,DAY,SINGLE,LIGHT,FINE,1,ROA
RAD,WSRE,BTMO,DRY,NIGHT,FREE,LIGHT,FINE,0,OTH
RBT,OSR,SSW,DRY,DAY,BUS,LIGHT,FINE,1,EMP
BSP,NSR,SSW,WET,DAY,BUS,NO,RAIN,4,EMP
XRD,WSRE,BTMO,WET,DAY,SINGLE,MODERATE,RAIN,4,EMP
RAD,NSF,N2T,DRY,DAY,SINGLE,LIGHT,FINE,4,EMP
RBT,WSRE,HON,DRY,DAY,SINGLE,LIGHT,FINE,0,EMP
BSP,OSF,SSW,WET,DAY,MULTI,LIGHT,RAIN,1,CARS TRUCKS
DEPOT,FRNT,SSW,DRY,DAY,BUS,NO,FINE,0,EMP
RAD,MIR,SSW,DRY,DAY,MULTI,HEAVY,FINE,5,CARS TRUCKS
RAD,NSR,SSW,DRY,NIGHT,SINGLE,LIGHT,RAIN,4,EMP
XRD,OSR,TAI,DRY,DAY,MULTI,HEAVY,FINE,5,EMP
RAD,OSM,SSW,DRY,DAY,SINGLE,MODERATE,FINE,1,BUS - OTHER
BSP,NSR,TAI,DRY,DAY,BUS,HEAVY,FINE,4,CARS TRUCKS
RAD,NSF,HON,DRY,DAY,SINGLE,MODERATE,FINE,1,EMP
RBT,OSR,TBO,DRY,DUSK,SINGLE,MODERATE,FINE,1,CARS TRUCKS
RAD,FRNT,SSW,DRY,DAY,SINGLE,HEAVY,FINE,4,CARS TRUCKS
DEPOT,FRNT,HON,DRY,DAY,SINGLE,NO,FINE,4,BUS - OTHER
RAD,MIR,SSW,WET,DAY,MULTI,LIGHT,RAIN,4,BUS - OTHER
RAD,MIR,TAI,DRY,DAY,MULTI,MODERATE,FINE,1,CARS TRUCKS
TIN,MIR,SSW,DRY,DAWN,SINGLE,HEAVY,FINE,4,EMP
RAD,NSM,TBO,WET,DAY,SINGLE,HEAVY,RAIN,1,ROA
RBT,NSM,SSW,DRY,DAY,BUS,LIGHT,FINE,4,EMP
RAD,NSR,SSW,DRY,DAY,MULTI,MODERATE,FINE,1,CARS TRUCKS
TIN,OSM,SSW,WET,DAY,MULTI,MODERATE,FINE,4,EMP
BSP,WSRE,SSW,DRY,DAY,MULTI,LIGHT,FINE,1,EMP
BSP,REAR,HON,DRY,DAY,SINGLE,MODERATE,FINE,1,BUS - OTHER
RAD,OSM,SSW,DRY,DAY,SINGLE,LIGHT,FINE,1,GEN
RAD,MIR,HON,DRY,DAY,SINGLE,MODERATE,FINE,4,CARS TRUCKS
XRD,FRNT,TBO,DRY,DAY,MULTI,MODERATE,FINE,4,CARS TRUCKS
RAD,NSF,SSW,DRY,DAY,SINGLE,LIGHT,FINE,1,BUS - OTHER
RAD,OSF,SSW,DRY,NIGHT,MULTI,MODERATE,FINE,1,ROA
BSP,NSF,SSW,DRY,DAY,MULTI,EXTREME,FINE,2,EMP
RAD,FRNT,N2T,DRY,DUSK,SINGLE,HEAVY,FINE,4,EMP
RBT,NSR,TAI,DRY,DAY,SINGLE,LIGHT,FINE,4,EMP
RAD,TOPR,SSW,DRY,DUSK,SINGLE,LIGHT,FINE,5,EMP
BSP,MIR,SSW,DRY,DUSK,BUS,MODERATE,FINE,4,EMP
RAD,FRNT,SSW,WET,DAY,MULTI,MODERATE,RAIN,4,EMP
BSP,MIR,SSW,WET,DAY,MULTI,MODERATE,FINE,5,CARS TRUCKS
RAD,NSF,SSW,WET,DAY,MULTI,LIGHT,FINE,1,GEN
DEPOT,REAR,REVERSING,DRY,DAWN,SINGLE,NO,SUN,4,EMP
RAD,N/S lower panel,SSW,DRY,DAY,SINGLE,LIGHT,FINE,4,EMP
RAD,FRNT,BTMO,WET,DAY,SINGLE,LIGHT,RAIN,4,EMP
BSP,NSF,SSW,WET,STREET,MULTI,EXTREME,RAIN,4,EMP
RAD,REAR,N2T,DRY,NIGHT,SINGLE,HEAVY,FINE,1,CARS TRUCKS
TIN,OSF,SSW,DRY,DUSK,MULTI,LIGHT,FINE,1,EMP
RAD,NSR,BTMO,WET,DAY,MULTI,EXTREME,FINE,4,EMP
RBT,NSR,N2T,DRY,DAY,SINGLE,LIGHT,FINE,4,EMP
BSP,OSR,SSW,DRY,DAY,BUS,HEAVY,FINE,4,EMP
DEPOT,NSR,TAI,SLIP,DAY,BUS,NO,RAIN,4,EMP
RAD,FRNT,HON,DRY,DAY,SINGLE,MODERATE,FINE,1,CARS TRUCKS
XRD,FRNT,HON,DRY,DAY,MULTI,HEAVY,FINE,4,EMP
BSP,NSR,SSW,DRY,DAY,MULTI,LIGHT,FINE,4,CARS TRUCKS
RAD,MIR,SSW,DRY,DAY,SINGLE,MODERATE,FINE,5,CARS TRUCKS
RAD,OSM,SSW,DRY,DAY,SINGLE,HEAVY,FINE,4,BUS - OTHER
DEPOT,WIN,SSW,DRY,DAY,BUS,NO,FINE,4,BUS - OTHER
BSP,OSF,SSW,DRY,DAY,SINGLE,LIGHT,FINE,4,EMP
XRD,NSR,HON,DRY,DAY,FREE,MODERATE,FINE,1,GEN
XRD,OSF,HON,DRY,DAY,BUS,LIGHT,FINE,1,GEN
BSP,NSM,SSW,DRY,DAY,SINGLE,NO,SUN,4,EMP
RAD,FRNT,HON,DRY,DAY,SINGLE,LIGHT,FINE,1,EMP
RAD,NSF,HON,DRY,DAY,SINGLE,LIGHT,FINE,1,BUS BRAKING
BSP,TOPR,N2T,DRY,DAY,BUS,LIGHT,FINE,4,EMP
RAD,NSF,HON,DRY,DAWN,SINGLE,NO,FINE,4,EMP
RAD,MIR,SSW,DRY,NIGHT,SINGLE,MODERATE,FINE,1,CARS TRUCKS
RAD,REAR,SSW,SLIP,DUSK,SINGLE,LIGHT,RAIN,1,EMP
DEPOT,OSR,REVERSING,DRY,NIGHT,SINGLE,NO,FINE,4,EMP
RBT,OSF,SSW,WET,NIGHT,SINGLE,HEAVY,FINE,4,EMP
BSP,OSF,SSW,DRY,DAY,MULTI,HEAVY,FINE,1,CARS TRUCKS
TIN,FRNT,TBO,WET,DAY,SINGLE,LIGHT,RAIN,1,CARS TRUCKS
BSP,NSR,TAI,DRY,NIGHT,MULTI,LIGHT,FINE,4,EMP
RAD,NSM,REVERSING,WET,DAY,SINGLE,HEAVY,RAIN,1,CARS TRUCKS
RAD,FRNT,N2T,WET,DAY,MULTI,LIGHT,RAIN,4,EMP
BSP,NSF,SSW,DRY,DAWN,BUS,MODERATE,FINE,4,EMP
RAD,NSF,HON,DRY,NIGHT,SINGLE,LIGHT,FINE,5,EMP
BSP,MIR,SSW,DRY,DAY,BUS,LIGHT,FINE,1,CARS TRUCKS
RBT,MIR,SSW,DRY,DAY,SINGLE,NO,FINE,4,EMP
TIN,NSR,SSW,WET,DAY,SINGLE,NO,RAIN,4,EMP
RAD,FRNT,TBO,DRY,DAY,BUS,LIGHT,FINE,1,CARS TRUCKS
RAD,MIR,SSW,DRY,DAY,SINGLE,LIGHT,FINE,5,ROA
BSP,NSR,REVERSING,WET,STREET,BUS,NO,FINE,4,GEN
BSP,WSRE,BTMO,DRY,DAY,SINGLE,LIGHT,FINE,4,EMP
RAD,WIN,SSW,DRY,DAY,SINGLE,LIGHT,FINE,0,OTH
BSP,WSRE,SSW,DRY,DAY,SINGLE,LIGHT,FINE,0,EMP
XRD,OSF,SSW,DRY,DAY,SINGLE,EXTREME,FINE,4,EMP
BSP,NSR,REVERSING,DRY,DAY,SINGLE,LIGHT,FINE,4,CARS TRUCKS
RAD,NSM,SSW,DRY,DAY,MULTI,LIGHT,FINE,4,EMP
RAD,WIN,SSW,DRY,DAY,SINGLE,LIGHT,FINE,4,BUS - OTHER
RBT,FRNT,HON,DRY,DUSK,BUS,HEAVY,FINE,4,EMP
RAD,FRNT,HON,DRY,DAY,SINGLE,LIGHT,RAIN,4,BUS - OTHER
XRD,NSF,TBO,DRY,DAY,SINGLE,LIGHT,FINE,1,CARS TRUCKS
RAD,NSM,SSW,DRY,DAY,SINGLE,LIGHT,FINE,5,EMP
XRD,FRNT,TBO,DRY,DAY,MULTI,HEAVY,FINE,4,EMP
BSP,NSF,SSW,SLIP,DAY,MULTI,MODERATE,FOG,4,EMP
RAD,REAR,SSW,DRY,DAY,BUS,LIGHT,FINE,1,EMP
RAD,OSR,SSW,WET,DAY,MULTI,MODERATE,FOG,4,EMP
XRD,NSR,TAI,DRY,DAY,MULTI,HEAVY,FINE,4,EMP
BSP,MIR,SSW,DRY,DAY,BUS,MODERATE,FINE,4,EMP
BSP,OSF,SSW,DRY,DAY,MULTI,LIGHT,FINE,1,EMP
TIN,REAR,N2T,DRY,DAY,SINGLE,MODERATE,FINE,3,EMP
TIN,FRNT,HON,DRY,DAY,MULTI,LIGHT,FINE,4,EMP
RAD,FRNT,HON,DRY,DAY,SINGLE,MODERATE,SUN,0,ENV
RAD,NSF,BTMO,DRY,DAY,MULTI,LIGHT,FINE,4,EMP
RAD,Rear R/H panel ,SSW,DRY,DAY,SINGLE,LIGHT,FINE,4,EMP
BSP,OSM,SSW,WET,DAY,MULTI,MODERATE,RAIN,1,EMP
RAD,FRNT,SSW,DRY,DAY,SINGLE,NO,FINE,4,CARS TRUCKS
TIN,NSM,SSW,WET,DAY,SINGLE,MODERATE,RAIN,4,EMP
TIN,NSR,SSW,WET,DAY,SINGLE,LIGHT,FOG,4,EMP
RAD,NSF,HON,DRY,DAY,SINGLE,LIGHT,FINE,0,ENV
DEPOT,MIR,SSW,DRY,DAY,BUS,NO,FINE,4,EMP
RAD,OSM,SSW,DRY,DAY,SINGLE,MODERATE,FINE,1,CARS TRUCKS
BSP,OSM,SSW,WET,DUSK,SINGLE,LIGHT,FINE,4,EMP
DEPOT,NSM,SSW,DRY,NIGHT,SINGLE,LIGHT,FINE,4,EMP
DEPOT,OSM,SSW,DRY,DAWN,SINGLE,NO,FOG,4,EMP
BSP,WIN,TAI,DRY,DAY,BUS,LIGHT,FINE,4,EMP
RAD,FRNT,HON,DRY,NIGHT,SINGLE,LIGHT,FINE,1,EMP
BSP,NSF,SSW,DRY,DUSK,SINGLE,LIGHT,FINE,4,EMP
RBT,NSF,SSW,DRY,DAY,MULTI,MODERATE,FINE,1,CARS TRUCKS
XRD,FRNT,TBO,DRY,DAY,SINGLE,MODERATE,FINE,1,CARS TRUCKS
RBT,REAR,SSW,DRY,DAY,MULTI,MODERATE,SUN,4,BUS - OTHER
BSP,FRNT,BTMO,DRY,DAY,MULTI,MODERATE,FINE,0,ENV
RAD,NSF,HON,WET,NIGHT,MULTI,MODERATE,RAIN,4,EMP
DEPOT,MIR,SSW,DRY,DAWN,SINGLE,NO,FINE,2,CARS TRUCKS
RAD,REAR,N2T,DRY,STREET,MULTI,NO,FINE,1,EMP
BSP,OSR,SSW,DRY,NIGHT,MULTI,MODERATE,FINE,1,ROA
BSP,FRNT,SSW,DRY,DAWN,SINGLE,LIGHT,FINE,4,BUS - OTHER
RAD,REAR,N2T,DRY,DAY,MULTI,MODERATE,FINE,1,CARS TRUCKS
RAD,WSRE,HON,DRY,DAY,SINGLE,NO,FINE,4,EMP
BSP,NSR,TAI,DRY,DAY,SINGLE,NO,FINE,4,EMP
RAD,MIR,SSW,WET,DAY,MULTI,HEAVY,RAIN,5,ROA
RBT,OSM,SSW,DRY,NIGHT,SINGLE,NO,FINE,4,BUS - OTHER
RAD,NSR,SSW,DRY,NIGHT,SINGLE,HEAVY,FINE,4,BUS - OTHER
XRD,NSF,HON,DRY,DAY,SINGLE,LIGHT,FINE,1,EMP
RAD,NSR,SSW,DRY,NIGHT,SINGLE,LIGHT,FINE,1,ROA
RAD,FRNT,HON,DRY,DAY,SINGLE,MODERATE,FINE,0,ENV
RAD,NSF,BTMO,WET,DAY,MULTI,MODERATE,RAIN,0,EMP
DEPOT,OSR,SSW,WET,DAY,SINGLE,LIGHT,RAIN,4,EMP
DEPOT,NSR,REVERSING,DRY,NIGHT,SINGLE,LIGHT,FINE,2,EMP
RAD,NSM,SSW,DRY,NIGHT,MULTI,LIGHT,FINE,1,CARS TRUCKS
XRD,NSR,SSW,DRY,DAY,SINGLE,LIGHT,FINE,4,EMP
RAD,MIR,HON,WET,DAWN,MULTI,HEAVY,RAIN,4,EMP
RAD,FRNT,SSW,DRY,DAY,MULTI,HEAVY,FINE,4,CARS TRUCKS
RAD,FRNT,HON,WET,STREET,SINGLE,LIGHT,RAIN,4,ENV
BSP,NSM,SSW,DRY,NIGHT,BUS,EXTREME,FINE,4,EMP
BSP,NSR,N2T,DRY,DAY,SINGLE,LIGHT,FINE,1,CARS TRUCKS
TIN,OSF,SSW,WET,DAY,SINGLE,LIGHT,RAIN,1,CARS TRUCKS
RAD,REAR,TBO,DRY,DAY,SINGLE,LIGHT,FINE,1,ROA
BSP,MIR,HON,SLIP,DAY,SINGLE,MODERATE,SUN,4,EMP
RAD,FRNT,N2T,WET,DAY,SINGLE,LIGHT,RAIN,4,EMP
RAD,OSF,HON,DRY,DAY,MULTI,HEAVY,FINE,1,EMP
RBT,NSR,SSW,DRY,NIGHT,SINGLE,HEAVY,RAIN,4,EMP
RAD,FRNT,N2T,DRY,NIGHT,SINGLE,LIGHT,FINE,4,EMP
RAD,TOPM,ROO,DRY,DAY,SINGLE,NO,FINE,4,CARS TRUCKS
RAD,L/H/S of bus ne,SSW,DRY,DAY,SINGLE,LIGHT,FINE,1,EMP
XRD,OSF,BTMO,WET,DAY,SINGLE,LIGHT,RAIN,4,EMP
RAD,NSM,SSW,WET,DAWN,MULTI,LIGHT,FOG,4,EMP
BSP,OSR,SSW,DRY,DAY,MULTI,MODERATE,FINE,1,ROA
DEPOT,FRNT,TAI,DRY,DAY,BUS,NO,FINE,2,EMP
BSP,NSF,SSW,WET,NIGHT,MULTI,LIGHT,FINE,4,EMP
BSP,MIR,ROO,DRY,DAY,SINGLE,LIGHT,FINE,4,EMP
DEPOT,OSM,SSW,WET,DAWN,SINGLE,NO,FOG,4,EMP
DEPOT,OSR,SSW,DRY,DAY,BUS,NO,FINE,6,OTH
BSP,OSR,SSW,DRY,DAY,SINGLE,LIGHT,RAIN,1,ROA
RAD,NSM,SSW,WET,DAY,MULTI,MODERATE,FINE,4,EMP
RAD,FRNT,N2T,DRY,DUSK,MULTI,HEAVY,FINE,4,EMP
BSP,REAR,N2T,DRY,DAY,BUS,NO,FINE,4,EMP
RAD,NSR,SSW,DRY,DAY,MULTI,MODERATE,FINE,4,GEN
RAD,NSF,SSW,DRY,DAY,SINGLE,LIGHT,FINE,0,OTH
RBT,NSR,SSW,DRY,DAY,SINGLE,MODERATE,FINE,1,EMP
RAD,OSR,SSW,DRY,DAY,SINGLE,LIGHT,FINE,4,CARS TRUCKS
DEPOT,FRNT,SSW,DRY,DAY,SINGLE,NO,FINE,1,CARS TRUCKS
RAD,WIN,HON,DRY,DAY,MULTI,LIGHT,FINE,0,EMP
RAD,REAR,N2T,DRY,DAY,SINGLE,MODERATE,FINE,5,ROA
DEPOT,OSR,SSW,DRY,DAWN,SINGLE,NO,FINE,2,OTH
BSP,FRNT,SSW,DRY,DAWN,SINGLE,NO,FINE,4,EMP
XRD,NSR,SSW,DRY,DAY,MULTI,HEAVY,FINE,1,EMP
BSP,OSF,SSW,DRY,DAY,SINGLE,MODERATE,FINE,1,EMP
TIN,OSR,TAI,DRY,DAY,SINGLE,HEAVY,FINE,4,BUS - OTHER
BSP,NSR,TAI,DRY,DAY,MULTI,LIGHT,SUN,4,EMP
XRD,OSF,SSW,WET,DAY,MULTI,HEAVY,FINE,1,EMP
DEPOT,FRNT,SSW,DRY,DAY,SINGLE,LIGHT,FINE,1,ROA
RAD,MIR,SSW,WET,DAWN,MULTI,HEAVY,RAIN,5,EMP
XRD,OSM,SSW,DRY,DAY,MULTI,MODERATE,FINE,4,BUS - OTHER