location_code,damage_code,collision_code,road_code,light_code,road_type_code,traffic_code,weather_code,emp_liability_code,kpi_cause_code
DEPOT,WSRE,HON,DRY,NIGHT,MULTI,NO,FINE,4,EMP
TIN,OSF,N2T,DRY,DAY,MULTI,LIGHT,FINE,4,EMP
XRD,FRNT,SSW,DRY,DAY,MULTI,MODERATE,FINE,1,EMP
RAD,MIR,N2T,DRY,DAY,MULTI,MODERATE,FINE,1,CARS TRUCKS
TIN,FRNT,N2T,DRY,DAY,SINGLE,HEAVY,FINE,4,EMP
RBT,MIR,SSW,DRY,DAY,MULTI,MODERATE,FINE,4,CARS TRUCKS
XRD,REAR,N2T,DRY,DAY,SINGLE,HEAVY,SUN,1,EMP
XRD,FRNT,HON,DRY,DAY,SINGLE,LIGHT,FINE,1,EMP
BSP,NSR,SSW,DRY,DAY,MULTI,LIGHT,FINE,1,CARS TRUCKS
TIN,MIR,SSW,DRY,DAY,MULTI,HEAVY,FINE,4,ROAD RAGE
RAD,MIR,REVERSING,DRY,DAY,SINGLE,MODERATE,FINE,1,ROA
BSP,OSR,SSW,DRY,DAY,SINGLE,LIGHT,FINE,4,EMP
RAD,NSR,SSW,DRY,DAWN,SINGLE,NO,FINE,6,EMP
RAD,MIR,SSW,DRY,DAY,MULTI,MODERATE,FINE,5,GEN
RAD,REAR,N2T,DRY,DAY,SINGLE,MODERATE,FINE,1,EMP
RAD,NSF,SSW,DRY,NIGHT,MULTI,HEAVY,FINE,4,EMP
XRD,NSM,SSW,DRY,DAY,SINGLE,MODERATE,FINE,4,EMP
RAD,WIN,SSW,DRY,DAWN,SINGLE,LIGHT,FINE,0,ENV
TIN,NSR,SSW,DRY,DAY,SINGLE,EXTREME,FINE,4,CARS TRUCKS
BSP,NSR,SSW,WET,DAY,SINGLE,LIGHT,FINE,4,EMP
BSP,OSR,N2T,DRY,DUSK,SINGLE,LIGHT,FINE,5,ROA
RBT,OSR,SSW,DRY,DAY,SINGLE,NO,FINE,4,BUS - OTHER
RAD,NSR,N2T,DRY,DUSK,SINGLE,HEAVY,FINE,1,ROA
RAD,NSR,N2T,DRY,DAY,MULTI,MODERATE,FINE,5,ROA
RBT,NSR,SSW,DRY,DUSK,MULTI,LIGHT,FINE,1,EMP
RAD,OSF,TBO,DRY,DAY,BUS,HEAVY,FINE,1,CARS TRUCKS
RAD,OSR,SSW,DRY,DAY,MULTI,LIGHT,FINE,4,BUS - OTHER
RBT,OSM,SSW,DRY,DAY,MULTI,MODERATE,FINE,5,CARS TRUCKS
TIN,NSR,TAI,DRY,DUSK,MULTI,HEAVY,FINE,4,EMP
BSP,MIR,SSW,DRY,DUSK,SINGLE,LIGHT,FINE,4,EMP
TIN,OSF,SSW,DRY,DAY,MULTI,LIGHT,FINE,1,EMP
BSP,NSM,SSW,DRY,DAY,SINGLE,LIGHT,FINE,1,CARS TRUCKS
RAD,WSRE,SSW,DRY,DAY,SINGLE,NO,FINE,0,ENV
RAD,NSR,SSW,DRY,NIGHT,SINGLE,NO,FINE,6,OTH
TIN,FRNT,N2T,DRY,DAY,SINGLE,LIGHT,FINE,4,EMP
RAD,OSM,SSW,WET,DUSK,MULTI,HEAVY,RAIN,1,EMP
RAD,WSRE,HON,DRY,NIGHT,MULTI,LIGHT,FINE,0,OTH
XRD,NSM,SSW,DRY,DAY,SINGLE,LIGHT,FINE,4,CARS TRUCKS
RAD,OSM,SSW,DRY,DAY,SINGLE,LIGHT,FINE,6,OTH
RAD,OSR,TAI,DRY,NIGHT,SINGLE,NO,FINE,4,BUS - OTHER
BSP,NSF,SSW,DRY,DAY,BUS,NO,FINE,1,EMP
RAD,NSF,SSW,DRY,DAY,MULTI,HEAVY,FINE,4,EMP
BSP,WIN,SSW,DRY,DAY,SINGLE,LIGHT,FINE,3,EMP
RAD,NSM,BTMO,DRY,DAY,SINGLE,LIGHT,FINE,4,EMP
RAD,FRNT,N2T,DRY,DAY,SINGLE,NO,FINE,1,ROA
BSP,REAR,N2T,WET,DAY,MULTI,LIGHT,RAIN,1,EMP
RBT,NSM,SSW,WET,DAY,MULTI,MODERATE,FINE,4,CARS TRUCKS
RAD,NSR,SSW,DRY,DAY,SINGLE,LIGHT,FOG,4,EMP
BSP,NSF,TAI,DRY,DAY,SINGLE,HEAVY,FINE,4,EMP
RAD,MIR,SSW,DRY,STREET,MULTI,LIGHT,FOG,4,EMP
BSP,FRNT,HON,WET,DAY,SINGLE,NO,RAIN,0,EMP
TIN,WIN,SSW,DRY,DAY,SINGLE,NO,FINE,4,EMP
DEPOT,NSR,SSW,WET,DAWN,SINGLE,NO,RAIN,4,EMP
RAD,OSR,SSW,DRY,DAY,MULTI,HEAVY,FINE,1,EMP
BSP,OSR,SSW,DRY,DAY,MULTI,HEAVY,FINE,1,GEN
RAD,NSR,TAI,DRY,DUSK,BUS,NO,FINE,4,EMP
RAD,NSR,TAI,DRY,DAY,MULTI,HEAVY,FINE,4,CARS TRUCKS
RBT,FRNT,HON,WET,NIGHT,SINGLE,NO,RAIN,4,EMP
RAD,FRNT,HON,SLIP,NIGHT,SINGLE,NO,FOG,1,EMP
RAD,FRNT,SSW,SLIP,DUSK,SINGLE,HEAVY,RAIN,4,EMP
RAD,NSF,SSW,WET,DAY,BUS,NO,RAIN,4,EMP
RAD,NSF,SSW,DRY,DAY,SINGLE,HEAVY,FINE,5,EMP
BSP,OSF,SSW,DRY,NIGHT,MULTI,MODERATE,FINE,1,EMP
BSP,NSF,SSW,DRY,DAY,SINGLE,LIGHT,FINE,1,CARS TRUCKS
XRD,REAR,SSW,WET,DAY,SINGLE,LIGHT,RAIN,4,EMP
RAD,rED Paint on re,SSW,DRY,DAY,SINGLE,LIGHT,FINE,4,EMP
RBT,MIR,HON,WET,DAY,SINGLE,NO,SUN,4,CARS TRUCKS
BSP,REAR,N2T,DRY,DAY,MULTI,MODERATE,FINE,1,CARS TRUCKS
RAD,OSR,SSW,WET,DUSK,SINGLE,NO,RAIN,4,EMP
DEPOT,NSM,SSW,DRY,DAWN,SINGLE,NO,FINE,1,CARS TRUCKS
BSP,NSR,SSW,WET,DAY,SINGLE,MODERATE,RAIN,4,EMP
RAD,NSF,TBO,WET,DAY,MULTI,LIGHT,RAIN,4,EMP
BSP,NSR,TAI,DRY,DAWN,SINGLE,EXTREME,FINE,4,EMP
RAD,FRNT,N2T,DRY,DAY,MULTI,HEAVY,FINE,4,CARS TRUCKS
RAD,REAR,N2T,DRY,DAY,SINGLE,HEAVY,FINE,1,CARS TRUCKS
RAD,OSF,HON,WET,DAY,FREE,LIGHT,RAIN,0,CARS TRUCKS
BSP,OSR,SSW,DRY,NIGHT,SINGLE,NO,RAIN,4,EMP
BSP,MIR,SSW,DRY,DAY,BUS,MODERATE,FINE,1,ROA
TIN,NSF,TBO,DRY,DAY,MULTI,LIGHT,FINE,1,CARS TRUCKS
RAD,MIR,SSW,DRY,DAY,MULTI,MODERATE,RAIN,1,ROA
RBT,OSM,SSW,DRY,NIGHT,SINGLE,LIGHT,FINE,4,EMP
DEPOT,OSR,REVERSING,DRY,DAY,MULTI,NO,FINE,1,EMP
RAD,OSM,SSW,DRY,DAY,SINGLE,HEAVY,FINE,4,CARS TRUCKS
BSP,NSR,SSW,DRY,DAY,BUS,MODERATE,FINE,4,CARS TRUCKS
XRD,OSF,SSW,DRY,NIGHT,SINGLE,LIGHT,FINE,5,CARS TRUCKS
RAD,OSM,SSW,SLIP,DAY,SINGLE,NO,FOG,4,EMP
RAD,OSM,SSW,DRY,DAY,MULTI,LIGHT,FINE,4,EMP
TIN,NSR,N2T,DRY,DAY,SINGLE,MODERATE,FINE,1,EMP
BSP,OSR,SSW,DRY,DAY,SINGLE,HEAVY,FINE,1,EMP
RBT,OSF,SSW,DRY,DAY,SINGLE,MODERATE,FINE,4,EMP
BSP,NSM,TAI,DRY,DAY,SINGLE,HEAVY,FINE,4,EMP
RAD,OSR,SSW,DRY,NIGHT,SINGLE,LIGHT,FINE,0,GEN
RAD,OSM,SSW,DRY,DAY,MULTI,HEAVY,FINE,1,CARS TRUCKS
TIN,OSF,SSW,DRY,DAY,SINGLE,LIGHT,FINE,4,EMP
XRD,REAR,SSW,DRY,DAY,MULTI,LIGHT,FINE,1,ROA
RBT,TOPR,SSW,DRY,DAY,SINGLE,NO,FINE,4,EMP
RAD,FRNT,SSW,WET,DAY,SINGLE,LIGHT,RAIN,1,EMP
RAD,OSR,SSW,DRY,DAY,SINGLE,LIGHT,FINE,1,GEN
RAD,FRNT,N2T,DRY,DAY,MULTI,LIGHT,FINE,4,CARS TRUCKS
BSP,NSF,SSW,DRY,DAY,MULTI,MODERATE,FINE,1,EMP
XRD,NSM,SSW,DRY,DAY,MULTI,MODERATE,SUN,1,EMP
BSP,OSM,SSW,DRY,DAY,BUS,NO,FINE,4,EMP
RAD,Mid L/H/S of bu,SSW,DRY,DAY,SINGLE,LIGHT,FINE,4,EMP
RAD,NSR,SSW,DRY,DUSK,SINGLE,LIGHT,FINE,3,EMP
BSP,REAR,N2T,DRY,DAY,SINGLE,LIGHT,FINE,3,EMP
DEPOT,REAR,N2T,DRY,NIGHT,SINGLE,NO,FINE,4,EMP
TIN,OSM,SSW,DRY,DAY,MULTI,HEAVY,FINE,1,CARS TRUCKS
RAD,FRNT,TBO,DRY,DAY,SINGLE,MODERATE,FINE,4,EMP
TIN,OSR,SSW,DRY,DAWN,MULTI,LIGHT,FINE,1,EMP
RAD,OSM,SSW,DRY,DAY,SINGLE,NO,FINE,3,EMP
RAD,NSM,SSW,DRY,DAY,SINGLE,LIGHT,FINE,4,CARS TRUCKS
DEPOT,FRNT,HON,DRY,DUSK,SINGLE,NO,FINE,4,EMP
BSP,FRNT,N2T,DRY,DAY,BUS,NO,FINE,2,BUS - OTHER
XRD,OSM,SSW,DRY,DAWN,SINGLE,MODERATE,SUN,4,EMP
TIN,OSF,SSW,DRY,DAY,SINGLE,NO,FINE,1,CARS TRUCKS
RAD,FRNT,SSW,DRY,DAY,MULTI,LIGHT,FINE,1,GEN
RAD,L/H/S rear bump,SSW,DRY,DAY,SINGLE,LIGHT,FINE,4,EMP
TIN,NSF,SSW,DRY,DAY,MULTI,MODERATE,FINE,1,EMP
XRD,FRNT,N2T,DRY,NIGHT,MULTI,LIGHT,FINE,4,EMP
XRD,NSM,SSW,WET,DUSK,MULTI,HEAVY,RAIN,4,EMP
BSP,OSR,N2T,DRY,DAY,MULTI,LIGHT,FINE,1,CARS TRUCKS
BSP,MIR,HON,DRY,DAY,MULTI,MODERATE,FINE,4,EMP
RAD,OSR,BTMO,DRY,DAY,SINGLE,LIGHT,FINE,6,EMP
BSP,NSF,HON,DRY,DAY,SINGLE,MODERATE,FINE,4,EMP
RAD,Driver side mir,SSW,DRY,DAY,SINGLE,LIGHT,FINE,1,EMP
RAD,FRNT,SSW,DRY,NIGHT,MULTI,LIGHT,FINE,1,CARS TRUCKS
BSP,OSF,SSW,DRY,DUSK,MULTI,LIGHT,FINE,1,EMP
RAD,NSR,N2T,DRY,DAY,MULTI,EXTREME,FINE,4,EMP
RAD,NSM,SSW,WET,NIGHT,MULTI,EXTREME,RAIN,4,EMP
RBT,OSM,SSW,WET,DAY,SINGLE,HEAVY,RAIN,4,EMP
DEPOT,OSR,REVERSING,WET,DAY,SINGLE,LIGHT,RAIN,4,CARS TRUCKS
RBT,OSM,SSW,WET,NIGHT,SINGLE,LIGHT,FINE,4,BUS - OTHER
BSP,FRNT,SSW,WET,DAY,SINGLE,LIGHT,RAIN,4,EMP
RAD,OSR,SSW,DRY,DAY,MULTI,NO,FINE,4,EMP
BSP,NSR,TAI,WET,DAY,MULTI,MODERATE,FINE,4,EMP
DEPOT,NSR,SSW,DRY,DAY,SINGLE,LIGHT,FINE,1,EMP
RAD,REAR,SSW,DRY,NIGHT,MULTI,LIGHT,FINE,0,EMP
RAD,NSR,TAI,DRY,DAY,BUS,LIGHT,FINE,4,EMP
BSP,FRNT,SSW,DRY,DAY,MULTI,NO,FINE,1,EMP
XRD,NSR,SSW,DRY,DAY,SINGLE,MODERATE,FINE,4,EMP
RAD,NSR,REVERSING,WET,DAY,SINGLE,LIGHT,RAIN,1,CARS TRUCKS
RAD,NSM,TBO,DRY,DAY,SINGLE,LIGHT,FINE,1,GEN
RAD,REAR,SSW,DRY,DAY,SINGLE,LIGHT,FINE,5,EMP
BSP,OSR,N2T,SLIP,DAY,MULTI,MODERATE,RAIN,1,EMP
RAD,REAR,REVERSING,DRY,DAY,MULTI,LIGHT,FINE,4,BUS - OTHER
RAD,MIR,SSW,WET,DAY,SINGLE,MODERATE,RAIN,4,BUS - OTHER
RBT,OSM,SSW,DRY,DAY,SINGLE,HEAVY,FINE,4,EMP
TIN,NSF,SSW,DRY,DAY,BUS,MODERATE,FINE,1,EMP
RAD,NSR,SSW,WET,DAY,MULTI,HEAVY,RAIN,0,BUS - OTHER
TIN,FRNT,HON,WET,DAY,SINGLE,LIGHT,RAIN,4,EMP
XRD,OSR,REVERSING,DRY,DAY,SINGLE,NO,FINE,4,CARS TRUCKS
BSP,REAR,SSW,WET,NIGHT,SINGLE,LIGHT,RAIN,1,EMP
BSP,FRNT,HON,WET,DAY,SINGLE,LIGHT,RAIN,4,EMP
RAD,NSM,SSW,DRY,DAY,SINGLE,EXTREME,FINE,4,BUS - OTHER
DEPOT,REAR,REVERSING,DRY,NIGHT,BUS,NO,FINE,4,BUS - OTHER
RAD,OSF,SSW,DRY,DUSK,SINGLE,NO,FINE,4,EMP
BSP,MIR,SSW,DRY,DAWN,SINGLE,NO,FINE,4,BUS - OTHER
TIN,OSM,SSW,WET,DAY,MULTI,LIGHT,RAIN,1,EMP
DEPOT,OSR,SSW,WET,DAY,SINGLE,HEAVY,RAIN,4,BUS - OTHER
TIN,NSR,SSW,DRY,DAY,BUS,HEAVY,FINE,1,EMP
RAD,Side panels scr,SSW,DRY,DAY,SINGLE,LIGHT,FINE,4,EMP
RAD,NSR,SSW,WET,DAY,SINGLE,HEAVY,FINE,1,EMP
BSP,OSR,SSW,DRY,DAY,MULTI,HEAVY,FINE,1,ROA
XRD,NSM,SSW,DRY,DAY,MULTI,NO,FINE,4,EMP
RAD,REAR,TAI,DRY,DAY,MULTI,MODERATE,FINE,4,EMP
RAD,NSF,TBO,WET,DAY,SINGLE,MODERATE,RAIN,1,CARS TRUCKS
RAD,NSF,SSW,WET,DAWN,MULTI,LIGHT,RAIN,4,EMP
BSP,REAR,N2T,DRY,DAY,SINGLE,LIGHT,FINE,1,EMP
RAD,MIR,SSW,WET,DAWN,SINGLE,MODERATE,FOG,4,EMP
RAD,NSF,SSW,WET,DAY,MULTI,LIGHT,RAIN,5,CARS TRUCKS
RAD,NSF,SSW,DRY,DAY,SINGLE,MODERATE,FINE,1,ROA
RAD,FRNT,SSW,DRY,DAY,SINGLE,MODERATE,FINE,1,EMP
BSP,FRNT,HON,DRY,DAY,BUS,LIGHT,FINE,4,CARS TRUCKS
RAD,TOPF,SSW,DRY,DAY,SINGLE,MODERATE,FINE,4,EMP
BSP,MIR,SSW,DRY,DAY,SINGLE,LIGHT,FINE,1,EMP
BSP,NSM,SSW,DRY,NIGHT,SINGLE,NO,FINE,4,EMP
RAD,NSM,SSW,DRY,NIGHT,SINGLE,NO,FINE,1,ROA
RAD,NSR,SSW,DRY,DAY,BUS,MODERATE,FINE,4,EMP
RAD,REAR,SSW,DRY,DAY,SINGLE,HEAVY,FINE,1,EMP
BSP,NSF,N2T,DRY,DAY,SINGLE,NO,FINE,4,BUS - OTHER
RAD,R/H/S rear,SSW,DRY,DAY,SINGLE,LIGHT,FINE,1,EMP
DEPOT,NSR,SSW,DRY,DAY,SINGLE,LIGHT,FINE,6,OTH
RAD,NSM,SSW,DRY,DAWN,MULTI,HEAVY,SUN,4,EMP
DEPOT,NSR,REVERSING,DRY,NIGHT,SINGLE,LIGHT,FOG,4,BUS - OTHER
RAD,NSF,SSW,WET,NIGHT,SINGLE,MODERATE,RAIN,0,CARS TRUCKS
XRD,FRNT,HON,WET,NIGHT,MULTI,LIGHT,RAIN,4,GEN
TIN,NSR,TAI,DRY,DAY,SINGLE,MODERATE,FINE,4,CARS TRUCKS
BSP,MIR,SSW,DRY,DAY,MULTI,MODERATE,FINE,1,EMP
RAD,MIR,SSW,DRY,DAY,SINGLE,NO,FINE,5,CARS TRUCKS
DEPOT,FRNT,REVERSING,DRY,DAY,SINGLE,LIGHT,FINE,2,BUS - OTHER
RAD,MIR,SSW,DRY,DUSK,MULTI,HEAVY,FINE,5,CARS TRUCKS
TIN,NSM,SSW,DRY,DUSK,SINGLE,HEAVY,FINE,4,EMP
RAD,MIR,SSW,WET,NIGHT,SINGLE,NO,RAIN,0,CARS TRUCKS
RAD,NSF,HON,SLIP,STREET,SINGLE,NO,RAIN,4,EMP
XRD,NSR,TAI,DRY,DAY,MULTI,LIGHT,FINE,4,BUS - OTHER
RBT,NSF,HON,DRY,DAY,SINGLE,LIGHT,SUN,1,CARS TRUCKS
XRD,NSM,SSW,DRY,DAY,MULTI,MODERATE,FINE,4,EMP
RAD,MIR,SSW,DRY,DAWN,MULTI,MODERATE,FINE,4,EMP
RAD,WIN,SSW,WET,DAWN,SINGLE,NO,RAIN,4,EMP
TIN,NSM,SSW,WET,DUSK,MULTI,HEAVY,RAIN,4,EMP
RAD,FRNT,HON,DRY,NIGHT,MULTI,LIGHT,FINE,0,OTH
BSP,OSF,HON,WET,DAY,SINGLE,HEAVY,RAIN,4,EMP
RAD,REAR,SSW,DRY,STREET,SINGLE,LIGHT,FINE,4,EMP
BSP,OSF,SSW,DRY,DAY,SINGLE,LIGHT,FINE,1,CARS TRUCKS
RAD,FRNT,SSW,DRY,DAY,SINGLE,LIGHT,FINE,5,OTH
BSP,NSM,SSW,DRY,DUSK,BUS,NO,FINE,2,EMP
BSP,REAR,SSW,DRY,DAY,SINGLE,LIGHT,RAIN,4,EMP
RAD,NSR,N2T,WET,DAWN,SINGLE,LIGHT,RAIN,4,EMP
XRD,OSF,SSW,DRY,DAY,MULTI,LIGHT,FINE,4,EMP
BSP,OSR,TAI,DRY,DAY,SINGLE,LIGHT,RAIN,4,EMP
XRD,OSF,HON,DRY,DAY,MULTI,MODERATE,FINE,1,EMP
RAD,FRNT,N2T,DRY,NIGHT,SINGLE,MODERATE,FINE,4,EMP
RAD,NSR,TAI,DRY,DAY,MULTI,LIGHT,FINE,4,CARS TRUCKS
RAD,NSM,SSW,DRY,DAY,SINGLE,LIGHT,FINE,1,CARS TRUCKS
RAD,NSF,HON,DRY,DAY,SINGLE,LIGHT,SUN,4,EMP
XRD,NSM,SSW,DRY,DAY,MULTI,HEAVY,FINE,1,EMP
RAD,NSR,SSW,WET,DAY,BUS,HEAVY,RAIN,1,EMP
BSP,WIN,SSW,DRY,NIGHT,SINGLE,LIGHT,FINE,5,GEN
DEPOT,OSR,REVERSING,WET,NIGHT,BUS,NO,RAIN,4,EMP
XRD,OSM,SSW,WET,DAY,MULTI,MODERATE,RAIN,1,EMP
BSP,OSR,BTMO,DRY,DAY,SINGLE,EXTREME,FINE,1,CARS TRUCKS
BSP,NSF,SSW,DRY,NIGHT,SINGLE,NO,FINE,4,EMP
RAD,NSR,SSW,DRY,DAY,MULTI,LIGHT,FINE,4,EMP
XRD,NSF,SSW,DRY,DAY,MULTI,LIGHT,FINE,1,EMP
DEPOT,MIR,SSW,DRY,NIGHT,SINGLE,LIGHT,FINE,4,EMP
TIN,NSR,SSW,DRY,DAY,MULTI,LIGHT,FINE,1,CARS TRUCKS
RAD,NSF,SSW,WET,NIGHT,SINGLE,NO,RAIN,4,EMP
DEPOT,FRNT,REVERSING,DRY,DAWN,BUS,NO,FINE,2,EMP
DEPOT,REAR,TAI,DRY,DAY,SINGLE,NO,FINE,4,EMP
RAD,OSF,SSW,DRY,DUSK,BUS,MODERATE,FINE,1,EMP
BSP,REAR,N2T,DRY,DAY,BUS,MODERATE,FINE,5,ROA
TIN,FRNT,SSW,DRY,DAY,SINGLE,HEAVY,FINE,4,EMP
RAD,FRNT,HON,WET,DAY,MULTI,HEAVY,RAIN,1,CARS TRUCKS
DEPOT,OSF,REVERSING,DRY,DAY,SINGLE,NO,FINE,4,EMP
BSP,OSR,REVERSING,DRY,DAY,SINGLE,LIGHT,FINE,4,EMP
RAD,OSF,TBO,DRY,DAY,SINGLE,LIGHT,FINE,4,EMP
BSP,OSR,SSW,DRY,DUSK,MULTI,LIGHT,FINE,4,CARS TRUCKS
RAD,NSF,SSW,DRY,DAY,MULTI,MODERATE,FINE,5,ROA
DEPOT,NSF,HON,DRY,DAY,SINGLE,LIGHT,FINE,4,EMP
RBT,MIR,SSW,DRY,DAY,MULTI,HEAVY,FINE,5,CARS TRUCKS
RAD,NSR,SSW,DRY,DAY,BUS,HEAVY,FINE,1,EMP
BSP,NSM,TAI,DRY,NIGHT,SINGLE,LIGHT,FINE,4,EMP
RAD,Minor dents and,SSW,DRY,DAY,SINGLE,LIGHT,FINE,1,EMP
BSP,MIR,SSW,WET,NIGHT,SINGLE,MODERATE,RAIN,4,EMP
RAD,OSM,SSW,DRY,DAWN,MULTI,HEAVY,FINE,1,EMP
RAD,NSR,SSW,DRY,NIGHT,MULTI,MODERATE,FOG,4,EMP
RAD,NSM,SSW,DRY,DAY,SINGLE,NO,FINE,1,EMP
BSP,NSF,N2T,WET,DAY,BUS,MODERATE,RAIN,1,EMP
RAD,OSF,REVERSING,WET,DAY,SINGLE,LIGHT,FINE,1,BUS BRAKING
RAD,NSM,SSW,WET,DAY,MULTI,LIGHT,FINE,4,EMP
RAD,MIR,SSW,DRY,DAY,SINGLE,NO,FINE,4,CARS TRUCKS
XRD,NSR,TAI,DRY,DAY,MULTI,MODERATE,FINE,4,BUS - OTHER
RAD,FRNT,N2T,DRY,DAY,MULTI,HEAVY,SUN,4,EMP
BSP,NSR,TAI,WET,DAY,MULTI,LIGHT,RAIN,4,EMP
RAD,NSF,HON,WET,DAY,MULTI,LIGHT,RAIN,0,EMP
DEPOT,NSR,SSW,DRY,DAY,BUS,NO,FINE,4,EMP
XRD,OSM,SSW,DRY,STREET,BUS,NO,FINE,1,EMP
BSP,NSR,HON,DRY,DAY,SINGLE,LIGHT,FINE,2,BUS - OTHER
RAD,REAR,N2T,DRY,DAWN,SINGLE,NO,FINE,4,EMP
BSP,NSR,SSW,DRY,DUSK,BUS,HEAVY,FINE,5,EMP
RAD,OSM,TAI,DRY,DAY,MULTI,HEAVY,FINE,1,CARS TRUCKS
XRD,NSR,SSW,DRY,DAY,MULTI,HEAVY,FINE,5,ROA
BSP,REAR,SSW,DRY,DAY,SINGLE,NO,FINE,4,CARS TRUCKS
RAD,FRNT,SSW,DRY,DAY,SINGLE,MODERATE,FINE,1,CARS TRUCKS
RAD,OSM,SSW,DRY,DAY,SINGLE,LIGHT,FINE,1,CARS TRUCKS
RAD,NSR,SSW,DRY,NIGHT,SINGLE,LIGHT,FINE,4,BUS - OTHER
XRD,FRNT,SSW,DRY,DAY,SINGLE,MODERATE,FINE,1,EMP
RAD,OSF,N2T,DRY,NIGHT,MULTI,MODERATE,FINE,4,EMP
TIN,MIR,SSW,DRY,DAY,SINGLE,LIGHT,FINE,4,CARS TRUCKS
RAD,WSRE,HON,DRY,DAY,SINGLE,LIGHT,FINE,5,CARS TRUCKS
DEPOT,OSF,HON,DRY,DAY,SINGLE,LIGHT,FINE,6,OTH
RAD,OSM,SSW,DRY,DAY,SINGLE,LIGHT,FINE,0,PL&EQ
TIN,REAR,N2T,DRY,DAY,SINGLE,LIGHT,FINE,4,EMP
RAD,NSR,SSW,DRY,DAY,MULTI,MODERATE,FINE,5,EMP
RAD,OSF,SSW,DRY,DAY,MULTI,HEAVY,FINE,1,GEN
RAD,NSF,SSW,DRY,DAY,SINGLE,MODERATE,FINE,5,ROA
RBT,NSF,SSW,DRY,DAY,SINGLE,LIGHT,FINE,1,CARS TRUCKS
RAD,FRNT,SSW,DRY,DAY,MULTI,MODERATE,FINE,5,CARS TRUCKS
BSP,REAR,N2T,DRY,DAY,MULTI,MODERATE,FINE,4,EMP
RAD,FRNT,N2T,DRY,NIGHT,SINGLE,MODERATE,FINE,5,EMP
BSP,REAR,REVERSING,DRY,DAY,SINGLE,LIGHT,FINE,4,EMP
RAD,WSRE,SSW,DRY,DAY,SINGLE,LIGHT,FINE,0,EMP
BSP,OSF,SSW,DRY,DAY,MULTI,HEAVY,FINE,4,EMP
BSP,NSF,REVERSING,DRY,DAY,SINGLE,NO,FINE,4,EMP
TIN,NSM,SSW,DRY,DAY,MULTI,LIGHT,FINE,1,GEN
DEPOT,OSR,REVERSING,WET,DAY,MULTI,NO,FINE,4,EMP
RAD,WSRE,SSW,WET,DAY,MULTI,LIGHT,RAIN,0,EMP
BSP,NSR,REVERSING,DRY,DAY,SINGLE,LIGHT,FINE,5,GEN
DEPOT,OSR,TAI,DRY,DAY,SINGLE,NO,FINE,4,CARS TRUCKS
BSP,OSM,SSW,DRY,DAY,BUS,NO,FINE,4,BUS - OTHER
BSP,OSR,SSW,DRY,DAY,BUS,LIGHT,FINE,1,CARS TRUCKS
RAD,FRNT,N2T,WET,DUSK,MULTI,LIGHT,RAIN,4,CARS TRUCKS
BSP,REAR,N2T,WET,DAY,MULTI,HEAVY,RAIN,1,ROA
XRD,NSF,N2T,DRY,DAY,SINGLE,LIGHT,FINE,1,EMP
BSP,NSM,HON,DRY,DAY,SINGLE,MODERATE,FINE,0,OTH
RAD,Puncture of rea,SSW,DRY,DAY,SINGLE,LIGHT,FINE,4,EMP
DEPOT,FRNT,SSW,DRY,NIGHT,SINGLE,NO,FINE,4,CARS TRUCKS
RAD,MIR,SSW,WET,DAY,SINGLE,NO,FINE,4,CARS TRUCKS
DEPOT,MIR,SSW,DRY,DAY,SINGLE,LIGHT,FINE,6,OTH
BSP,MIR,HON,WET,DAY,BUS,NO,RAIN,4,EMP
RAD,NSM,SSW,SLIP,DAY,MULTI,LIGHT,RAIN,5,CARS TRUCKS
XRD,NSM,SSW,DRY,DAY,SINGLE,MODERATE,FINE,1,EMP
BSP,NSR,TAI,DRY,DAY,MULTI,HEAVY,FINE,4,EMP
BSP,NSR,SSW,DRY,DAY,MULTI,MODERATE,FINE,5,GEN
RAD,OSR,TBO,DRY,DAY,SINGLE,NO,FINE,1,CARS TRUCKS
RAD,FRNT,SSW,WET,DAY,SINGLE,NO,FINE,0,OTH
RAD,NSM,TBO,DRY,DAY,MULTI,HEAVY,FINE,4,CARS TRUCKS
DEPOT,NSM,SSW,DRY,DAY,BUS,LIGHT,FINE,4,EMP
XRD,NSM,TBO,DRY,DAY,MULTI,HEAVY,FINE,1,EMP
DEPOT,FRNT,SSW,DRY,DAWN,SINGLE,NO,FINE,2,EMP