location_code,damage_code,collision_code,road_code,light_code,road_type_code,traffic_code,weather_code,emp_liability_code,kpi_cause_code
BSP,MIR,SSW,DRY,DAY,SINGLE,HEAVY,SUN,4,EMP
BSP,OSR,REVERSING,DRY,DAY,SINGLE,LIGHT,FINE,5,ROA
BSP,OSF,SSW,SLIP,DAY,MULTI,MODERATE,FINE,5,ROA
RAD,NSR,SSW,DRY,DAY,SINGLE,NO,FINE,3,EMP
RAD,NSR,TAI,DRY,NIGHT,SINGLE,LIGHT,FINE,4,EMP
RAD,FRNT,SSW,DRY,DAY,SINGLE,LIGHT,FINE,6,OTH
DEPOT,NSF,SSW,DRY,DAY,SINGLE,LIGHT,FINE,2,BUS - OTHER
RAD,FRNT,TBO,DRY,DAY,BUS,LIGHT,FINE,1,EMP
RAD,OSR,TAI,DRY,DAY,SINGLE,LIGHT,FINE,4,CARS TRUCKS
DEPOT,OSR,SSW,DRY,DAY,SINGLE,NO,FINE,2,EMP
BSP,TOPR,TAI,DRY,DAY,SINGLE,LIGHT,FINE,4,EMP
BSP,NSF,SSW,DRY,DAY,SINGLE,MODERATE,FINE,4,EMP
RBT,OSR,TAI,DRY,DAY,SINGLE,NO,FINE,4,EMP
RAD,MIR,SSW,SLIP,DAWN,SINGLE,LIGHT,FINE,4,ENV
RAD,NSF,SSW,DRY,DAY,SINGLE,LIGHT,SUN,4,EMP
RAD,MIR,SSW,DRY,DAY,SINGLE,LIGHT,FINE,1,EMP
RAD,NSF,SSW,DRY,DAY,MULTI,HEAVY,FINE,5,EMP
TIN,OSR,SSW,DRY,DUSK,MULTI,MODERATE,FINE,4,CARS TRUCKS
RAD,OSM,SSW,WET,NIGHT,SINGLE,NO,RAIN,4,EMP
RAD,TOPR,REVERSING,DRY,DAY,SINGLE,LIGHT,FINE,4,EMP
TIN,FRNT,N2T,DRY,DUSK,MULTI,HEAVY,FINE,4,EMP
BSP,MIR,HON,DRY,DAY,MULTI,LIGHT,FINE,4,EMP
RAD,Top middle sect,SSW,DRY,DAY,SINGLE,LIGHT,FINE,4,EMP
RAD,OSF,HON,DRY,NIGHT,MULTI,MODERATE,FINE,4,CARS TRUCKS
BSP,OSM,SSW,DRY,DAY,MULTI,MODERATE,FINE,4,CARS TRUCKS
RAD,OSF,SSW,DRY,DAY,BUS,NO,FINE,4,EMP
BSP,WSRE,BTMO,DRY,DAY,SINGLE,LIGHT,SUN,4,EMP
RAD,MIR,SSW,WET,NIGHT,MULTI,LIGHT,RAIN,5,CARS TRUCKS
RBT,FRNT,TBO,DRY,DAY,SINGLE,MODERATE,FINE,4,CARS TRUCKS
BSP,OSR,SSW,DRY,DAY,BUS,LIGHT,FINE,2,CARS TRUCKS
RAD,OSF,SSW,DRY,DUSK,SINGLE,NO,FINE,1,EMP
RAD,OSF,N2T,DRY,DAY,SINGLE,NO,FINE,4,EMP
RAD,FRNT,N2T,WET,DAY,SINGLE,HEAVY,RAIN,4,CARS TRUCKS
BSP,MIR,SSW,DRY,DAY,MULTI,HEAVY,FINE,4,CARS TRUCKS
RBT,REAR,SSW,DRY,DAY,SINGLE,HEAVY,FINE,1,CARS TRUCKS
DEPOT,NSF,SSW,DRY,DUSK,SINGLE,NO,FINE,4,EMP
RAD,Scrape along re,SSW,DRY,DAY,SINGLE,LIGHT,FINE,4,EMP
TIN,NSM,SSW,DRY,DAY,MULTI,HEAVY,FINE,4,EMP
BSP,REAR,SSW,DRY,DUSK,BUS,LIGHT,FINE,1,EMP
RAD,Minor paint scu,SSW,DRY,DAY,SINGLE,LIGHT,FINE,1,EMP
BSP,TOPF,SSW,DRY,DAY,BUS,LIGHT,FINE,4,EMP
RAD,OSR,TBO,DRY,DAY,MULTI,MODERATE,FINE,5,OTH
RAD,NSF,SSW,DRY,DAWN,MULTI,MODERATE,FINE,4,EMP
BSP,MIR,SSW,WET,DAWN,SINGLE,LIGHT,RAIN,1,ROA
RAD,Front bumper da,SSW,DRY,DAY,SINGLE,LIGHT,FINE,4,EMP
BSP,MIR,SSW,WET,DAY,BUS,EXTREME,RAIN,1,EMP
RAD,NSR,REVERSING,DRY,DAY,BUS,LIGHT,FINE,4,EMP
BSP,NSR,TBO,DRY,DAY,SINGLE,LIGHT,SUN,4,EMP
RBT,NSM,SSW,DRY,NIGHT,SINGLE,NO,FINE,4,EMP
RAD,NSR,SSW,DRY,DAY,SINGLE,LIGHT,FINE,1,GEN
DEPOT,NSF,TBO,DRY,NIGHT,BUS,NO,FINE,4,EMP
XRD,OSF,SSW,DRY,DAY,MULTI,MODERATE,FINE,1,CARS TRUCKS
RAD,NSR,SSW,DRY,NIGHT,MULTI,MODERATE,FINE,1,GEN
DEPOT,OSF,HON,DRY,DAY,BUS,LIGHT,FINE,4,EMP
RAD,WIN,SSW,DRY,DAY,SINGLE,NO,FINE,4,EMP
TIN,FRNT,N2T,DRY,DAY,SINGLE,MODERATE,FINE,4,CARS TRUCKS
RBT,OSF,HON,DRY,DAY,SINGLE,NO,FINE,4,EMP
BSP,NSF,SSW,DRY,NIGHT,MULTI,LIGHT,FINE,0,PAS
RAD,REAR,N2T,DRY,DAY,MULTI,HEAVY,FINE,1,ROA
RAD,OSF,SSW,DRY,NIGHT,MULTI,LIGHT,FINE,4,EMP
DEPOT,NSR,REVERSING,DRY,DUSK,SINGLE,LIGHT,FINE,4,EMP
RAD,Nil,SSW,DRY,DAY,SINGLE,LIGHT,FINE,1,EMP
RAD,FRNT,HON,WET,NIGHT,MULTI,LIGHT,FINE,0,ENV
DEPOT,NSF,HON,DRY,DAY,SINGLE,NO,FINE,4,BUS - OTHER
BSP,NSR,SSW,DRY,DAY,MULTI,HEAVY,FINE,5,CARS TRUCKS
BSP,NSM,SSW,DRY,DAY,BUS,LIGHT,FINE,4,EMP
RAD,TOPM,SSW,DRY,DAY,SINGLE,MODERATE,FINE,0,OTH
RBT,REAR,REVERSING,WET,DAY,SINGLE,LIGHT,RAIN,4,EMP
RBT,OSR,SSW,WET,DAY,SINGLE,HEAVY,RAIN,4,EMP
XRD,OSF,SSW,DRY,DAY,SINGLE,LIGHT,FINE,1,EMP
TIN,NSF,SSW,DRY,DAY,MULTI,NO,FINE,1,EMP
RAD,OSF,SSW,SLIP,DAY,SINGLE,NO,FINE,1,EMP
RAD,NSM,SSW,DRY,DAWN,FREE,MODERATE,FINE,1,CARS TRUCKS
TIN,REAR,N2T,DRY,DAY,SINGLE,LIGHT,FINE,1,CARS TRUCKS
RAD,OSM,SSW,DRY,DAY,SINGLE,NO,FINE,1,OTH
BSP,NSR,HON,DRY,DAY,SINGLE,LIGHT,FINE,1,EMP
RAD,REAR,TBO,WET,DUSK,SINGLE,NO,RAIN,4,EMP
BSP,OSR,N2T,DRY,DAY,SINGLE,LIGHT,FINE,3,EMP
RAD,MIR,SSW,DRY,DAY,MULTI,LIGHT,FINE,2,BUS - OTHER
BSP,NSR,SSW,DRY,NIGHT,SINGLE,LIGHT,FINE,1,EMP
RAD,NSR,TBO,DRY,NIGHT,MULTI,LIGHT,FINE,1,EMP
DEPOT,NSR,REVERSING,SLIP,DAY,SINGLE,NO,RAIN,4,EMP
BSP,NSF,SSW,DRY,DAY,SINGLE,HEAVY,FINE,4,EMP
XRD,NSF,HON,WET,DAWN,MULTI,NO,RAIN,1,EMP
RAD,NSR,N2T,DRY,DAY,MULTI,LIGHT,FINE,1,GEN
XRD,OSM,SSW,DRY,DUSK,SINGLE,MODERATE,FINE,4,EMP
TIN,REAR,SSW,DRY,STREET,SINGLE,HEAVY,FINE,4,EMP
RAD,REAR,N2T,DRY,DAY,MULTI,EXTREME,FINE,4,EMP
BSP,NSR,SSW,DRY,DUSK,MULTI,HEAVY,FINE,4,EMP
RAD,REAR,HON,DRY,NIGHT,MULTI,HEAVY,FINE,1,CARS TRUCKS
BSP,MIR,HON,DRY,DAY,BUS,HEAVY,SUN,4,EMP
RAD,NSM,SSW,WET,NIGHT,MULTI,MODERATE,RAIN,0,ENV
RAD,OSR,BTMO,DRY,DAY,SINGLE,NO,FINE,4,OTH
RAD,NSR,SSW,WET,DAY,SINGLE,NO,RAIN,4,EMP
BSP,NSR,SSW,WET,NIGHT,SINGLE,MODERATE,RAIN,4,EMP
RAD,NSR,SSW,DRY,NIGHT,SINGLE,LIGHT,FINE,1,CARS TRUCKS
RBT,OSM,SSW,WET,NIGHT,SINGLE,NO,RAIN,4,EMP
RAD,NSF,SSW,DRY,DAY,MULTI,MODERATE,FINE,4,GEN
RAD,REAR,N2T,DRY,DAY,SINGLE,LIGHT,FINE,1,CARS TRUCKS
BSP,NSR,SSW,WET,DAY,BUS,LIGHT,RAIN,2,EMP
BSP,NSR,SSW,DRY,DAY,SINGLE,NO,FINE,4,EMP
RAD,NSM,SSW,DRY,DAWN,SINGLE,LIGHT,FINE,4,OTH
RBT,OSR,SSW,DRY,DAY,MULTI,LIGHT,FINE,1,EMP
RBT,NSR,SSW,DRY,DAY,SINGLE,LIGHT,FINE,1,EMP
RBT,NSM,SSW,DRY,DAY,SINGLE,LIGHT,FINE,6,EMP
BSP,OSR,TAI,DRY,DAY,SINGLE,NO,FINE,4,CARS TRUCKS
RAD,NSM,SSW,WET,DAY,SINGLE,LIGHT,FINE,4,CARS TRUCKS
RAD,NSR,REVERSING,DRY,DAY,SINGLE,LIGHT,FINE,4,BUS - OTHER
RAD,OSF,HON,WET,DAY,SINGLE,LIGHT,RAIN,4,CARS TRUCKS
DEPOT,MIR,SSW,DRY,DAY,SINGLE,LIGHT,FINE,4,EMP
RAD,NSM,SSW,DRY,DAWN,SINGLE,HEAVY,FINE,1,CARS TRUCKS
RAD,OSR,SSW,SLIP,DAWN,MULTI,LIGHT,RAIN,1,EMP
BSP,OSF,SSW,DRY,DAY,MULTI,MODERATE,FINE,1,GEN
RAD,OSR,SSW,DRY,NIGHT,FREE,MODERATE,FINE,4,EMP
RAD,NSR,SSW,DRY,STREET,MULTI,LIGHT,FINE,4,EMP
RAD,FRNT,SSW,DRY,DUSK,SINGLE,MODERATE,FINE,4,EMP
RAD,OSR,SSW,DRY,NIGHT,MULTI,MODERATE,FINE,4,EMP
BSP,FRNT,N2T,SLIP,DAY,BUS,NO,FINE,4,EMP
RAD,REAR,SSW,DRY,NIGHT,MULTI,LIGHT,FINE,1,EMP
TIN,OSF,SSW,DRY,DAY,SINGLE,HEAVY,FINE,4,EMP
RAD,NSR,TAI,DRY,DAY,MULTI,LIGHT,FINE,2,EMP
TIN,OSM,SSW,DRY,DAY,SINGLE,HEAVY,FINE,1,CARS TRUCKS
BSP,MIR,SSW,DRY,DUSK,SINGLE,LIGHT,FINE,1,EMP
RAD,OSM,SSW,DRY,DAY,MULTI,EXTREME,FINE,4,EMP
RBT,FRNT,SSW,SLIP,DAY,SINGLE,LIGHT,FINE,4,CARS TRUCKS
DEPOT,REAR,REVERSING,DRY,DAY,SINGLE,NO,SUN,4,EMP
RAD,REAR,SSW,DRY,DAY,SINGLE,LIGHT,FINE,6,OTH
BSP,OSR,SSW,WET,NIGHT,MULTI,LIGHT,RAIN,5,EMP
XRD,FRNT,N2T,WET,NIGHT,MULTI,MODERATE,RAIN,4,EMP
BSP,WIN,SSW,DRY,NIGHT,SINGLE,NO,FINE,5,EMP
XRD,NSR,SSW,DRY,DAY,SINGLE,NO,FINE,1,EMP
XRD,NSF,SSW,SLIP,DAY,MULTI,MODERATE,RAIN,4,BUS BRAKING
XRD,NSF,TBO,DRY,DAY,SINGLE,HEAVY,FINE,1,ROA
DEPOT,NSR,SSW,DRY,DAY,BUS,NO,FINE,1,CARS TRUCKS
BSP,REAR,BTMO,WET,DAY,MULTI,MODERATE,RAIN,1,CARS TRUCKS
RAD,NSR,SSW,DRY,DAY,MULTI,MODERATE,FINE,0,OTH
BSP,NSM,SSW,DRY,NIGHT,SINGLE,LIGHT,RAIN,4,CARS TRUCKS
RAD,NSF,BTMO,WET,DAY,SINGLE,LIGHT,RAIN,4,EMP
RAD,REAR,BTMO,DRY,DAY,SINGLE,LIGHT,FINE,4,BUS - OTHER
BSP,REAR,SSW,DRY,DAY,BUS,NO,FINE,1,EMP
BSP,WIN,TAI,DRY,NIGHT,SINGLE,NO,FINE,4,EMP
RAD,NSM,SSW,WET,DAY,MULTI,MODERATE,RAIN,0,OTH
BSP,OSR,SSW,DRY,NIGHT,BUS,NO,FINE,1,EMP
TIN,OSR,SSW,DRY,DAY,SINGLE,MODERATE,FINE,4,EMP
RAD,FRNT,SSW,WET,DAY,MULTI,HEAVY,RAIN,0,CARS TRUCKS
RBT,NSF,HON,WET,DAY,MULTI,LIGHT,RAIN,4,EMP
RAD,NSR,SSW,WET,DAY,SINGLE,NO,FINE,4,CARS TRUCKS
BSP,FRNT,HON,DRY,DAY,SINGLE,LIGHT,FINE,0,ENV
XRD,NSR,N2T,WET,NIGHT,MULTI,MODERATE,RAIN,4,EMP
RAD,OSF,SSW,DRY,DAY,MULTI,HEAVY,FINE,4,EMP
RAD,FRNT,REVERSING,DRY,DAY,SINGLE,LIGHT,FINE,4,EMP
RAD,WIN,SSW,WET,NIGHT,SINGLE,NO,RAIN,1,EMP
XRD,OSF,SSW,DRY,DAY,SINGLE,MODERATE,FINE,4,EMP
RBT,NSR,SSW,DRY,DAY,SINGLE,MODERATE,FINE,4,EMP
BSP,WSRE,SSW,DRY,NIGHT,SINGLE,NO,FINE,0,GEN
XRD,NSM,SSW,DRY,DAY,SINGLE,HEAVY,FINE,4,EMP
BSP,WSRE,HON,DRY,DAY,SINGLE,NO,FINE,4,EMP
RAD,WSRE,BTMO,DRY,DAY,SINGLE,NO,FINE,4,CARS TRUCKS
DEPOT,OSM,SSW,DRY,DAY,SINGLE,NO,FOG,4,EMP
RAD,MIR,HON,DRY,DAY,FREE,EXTREME,FINE,4,CARS TRUCKS
DEPOT,NSR,SSW,DRY,DAY,MULTI,NO,FINE,6,BUS - OTHER
RBT,OSF,SSW,DRY,DAY,SINGLE,LIGHT,FINE,3,EMP
RAD,OSM,HON,WET,DAY,SINGLE,LIGHT,RAIN,1,CARS TRUCKS
RAD,NSR,REVERSING,DRY,DAY,SINGLE,MODERATE,FOG,1,ROA
RAD,TOPF,SSW,DRY,DAY,SINGLE,LIGHT,FINE,6,OTH
TIN,OSR,TAI,DRY,DAY,SINGLE,MODERATE,FINE,4,EMP
RAD,OSM,SSW,DRY,DAY,MULTI,HEAVY,FINE,5,CARS TRUCKS
RAD,OSR,N2T,DRY,DAY,MULTI,EXTREME,FINE,5,CARS TRUCKS
RAD,FRNT,HON,DRY,DAY,SINGLE,MODERATE,FINE,4,EMP
RAD,NSM,SSW,DRY,DAY,MULTI,MODERATE,FINE,4,BUS - OTHER
RAD,REAR,SSW,DRY,DAY,SINGLE,NO,SUN,4,EMP
TIN,NSR,TAI,DRY,STREET,SINGLE,LIGHT,FINE,4,EMP
TIN,NSR,TAI,SLIP,DUSK,SINGLE,LIGHT,RAIN,4,BUS - OTHER
DEPOT,NSR,SSW,DRY,DAY,SINGLE,LIGHT,FINE,6,BUS - OTHER
RAD,NSR,SSW,DRY,NIGHT,SINGLE,NO,FINE,4,EMP
BSP,OSF,SSW,DRY,DAY,BUS,MODERATE,FINE,1,CARS TRUCKS
TIN,NSR,SSW,DRY,DAY,MULTI,LIGHT,FINE,1,EMP
BSP,OSM,SSW,SLIP,DAY,SINGLE,NO,RAIN,4,EMP
RAD,OSR,TAI,DRY,DAY,SINGLE,NO,FINE,4,CARS TRUCKS
BSP,OSR,N2T,WET,DAY,MULTI,EXTREME,FINE,1,EMP
TIN,NSR,SSW,DRY,DAY,MULTI,LIGHT,FINE,4,BUS - OTHER
RAD,NSF,SSW,DRY,DAY,MULTI,EXTREME,FINE,1,ROA
DEPOT,NSR,SSW,WET,DAWN,BUS,NO,RAIN,4,EMP
RAD,OSR,REVERSING,DRY,DAY,SINGLE,HEAVY,FINE,5,CARS TRUCKS
BSP,OSM,TBO,DRY,DAY,SINGLE,LIGHT,FINE,1,CARS TRUCKS
BSP,NSR,REVERSING,DRY,DAY,BUS,LIGHT,FINE,4,CARS TRUCKS
RAD,NSR,TBO,DRY,DAY,SINGLE,LIGHT,FINE,1,ROA
TIN,OSR,SSW,WET,DAY,SINGLE,HEAVY,RAIN,4,EMP
TIN,NSF,HON,DRY,DAY,SINGLE,LIGHT,FINE,1,EMP
BSP,WSRE,SSW,DRY,DAY,SINGLE,NO,FINE,2,BUS - OTHER
XRD,NSR,SSW,WET,NIGHT,SINGLE,HEAVY,RAIN,4,EMP
RAD,FRNT,HON,DRY,DAY,SINGLE,LIGHT,FINE,5,CYC
RAD,NSM,TBO,SLIP,DAY,MULTI,LIGHT,FINE,1,EMP
RAD,NSR,SSW,SLIP,DAY,SINGLE,MODERATE,RAIN,4,EMP
RBT,WSRE,BTMO,WET,DAY,SINGLE,LIGHT,RAIN,0,EMP
BSP,MIR,ROO,WET,DUSK,SINGLE,MODERATE,RAIN,4,EMP
BSP,NSR,SSW,DRY,DAY,SINGLE,MODERATE,FINE,6,OTH
RAD,OSR,SSW,DRY,DAY,FREE,MODERATE,FINE,4,EMP
BSP,NSF,SSW,DRY,DAY,BUS,NO,FOG,4,EMP
RAD,NSR,SSW,DRY,DAY,MULTI,HEAVY,FINE,0,OTH
BSP,NSF,BTMO,DRY,NIGHT,MULTI,LIGHT,FINE,0,EMP
DEPOT,REAR,TAI,DRY,NIGHT,SINGLE,NO,FINE,4,EMP
BSP,NSR,N2T,DRY,DAWN,BUS,LIGHT,FINE,1,CARS TRUCKS
RAD,OSR,TAI,DRY,DAY,SINGLE,LIGHT,FINE,4,OTH
RAD,NSF,BTMO,DRY,DAY,SINGLE,NO,FINE,4,EMP
DEPOT,NSR,SSW,DRY,NIGHT,SINGLE,NO,FINE,1,CARS TRUCKS
RAD,OSR,N2T,DRY,DAY,SINGLE,EXTREME,FINE,5,CARS TRUCKS
BSP,FRNT,HON,DRY,DUSK,MULTI,HEAVY,FINE,4,EMP
RAD,REAR,REVERSING,DRY,DAY,SINGLE,EXTREME,FINE,4,EMP
BSP,NSM,SSW,DRY,DUSK,SINGLE,LIGHT,FINE,4,BUS - OTHER
BSP,OSR,TAI,WET,DAY,BUS,NO,RAIN,4,BUS - OTHER
BSP,MIR,SSW,DRY,DAY,SINGLE,NO,FINE,4,BUS - OTHER
RAD,OSM,SSW,DRY,DAY,MULTI,NO,FINE,4,EMP
RAD,OSR,SSW,DRY,DUSK,MULTI,HEAVY,FINE,5,EMP
RAD,WIN,SSW,DRY,DAY,SINGLE,MODERATE,FINE,1,EMP
RAD,MIR,SSW,DRY,DAWN,MULTI,LIGHT,FINE,4,CARS TRUCKS
BSP,OSF,SSW,DRY,DUSK,MULTI,MODERATE,FINE,4,EMP
RAD,NSF,SSW,WET,DAY,MULTI,LIGHT,FINE,0,BUS - OTHER
RAD,FRNT,SSW,DRY,DAY,SINGLE,HEAVY,FINE,5,ROA
BSP,NSF,REVERSING,DRY,DAY,MULTI,LIGHT,FINE,1,CARS TRUCKS
BSP,MIR,SSW,DRY,DAY,FREE,HEAVY,FINE,4,EMP
RAD,OSF,SSW,DRY,NIGHT,SINGLE,MODERATE,FINE,1,EMP
RAD,NSF,SSW,DRY,DAY,MULTI,LIGHT,FINE,4,CARS TRUCKS
TIN,OSR,TAI,DRY,DAY,SINGLE,LIGHT,FINE,4,EMP
RAD,FRNT,TBO,DRY,DAY,SINGLE,LIGHT,FINE,1,CARS TRUCKS
BSP,MIR,SSW,DRY,DAY,MULTI,MODERATE,FINE,5,CARS TRUCKS
DEPOT,NSR,SSW,DRY,DAY,SINGLE,LIGHT,FINE,6,EMP
RAD,NSF,HON,DRY,DAY,SINGLE,NO,FINE,4,OTH
TIN,OSM,SSW,DRY,DAY,MULTI,HEAVY,FINE,4,ROA
BSP,MIR,SSW,DRY,DUSK,MULTI,LIGHT,FINE,4,EMP
BSP,NSR,SSW,DRY,DAY,BUS,LIGHT,FINE,5,CARS TRUCKS
RAD,NSR,SSW,DRY,NIGHT,SINGLE,MODERATE,FINE,4,EMP
BSP,FRNT,HON,DRY,DAY,MULTI,LIGHT,FINE,0,ENV
DEPOT,MIR,TAI,DRY,DAWN,BUS,NO,FINE,2,BUS - OTHER
XRD,NSR,TAI,DRY,DAY,MULTI,MODERATE,FINE,4,EMP
DEPOT,OSF,REVERSING,DRY,DAY,MULTI,NO,FINE,1,EMP
RAD,NSM,SSW,WET,NIGHT,MULTI,HEAVY,RAIN,4,EMP
RAD,OSR,TAI,SLIP,DUSK,SINGLE,LIGHT,FINE,4,BUS - OTHER
BSP,OSF,SSW,DRY,DAY,BUS,MODERATE,FINE,1,EMP
RAD,L/H/S front mir,SSW,DRY,DAY,SINGLE,LIGHT,FINE,4,EMP
RAD,OSM,TBO,DRY,DAY,SINGLE,NO,FINE,1,GEN
RAD,NSF,SSW,DRY,DAY,SINGLE,LIGHT,SUN,1,CARS TRUCKS
TIN,NSM,SSW,WET,DAY,MULTI,HEAVY,RAIN,4,EMP
BSP,OSR,BTMO,SLIP,DAY,SINGLE,LIGHT,FINE,4,EMP
RAD,R/H/S rear bump,SSW,DRY,DAY,SINGLE,LIGHT,FINE,4,EMP
RAD,NSF,HON,DRY,DUSK,SINGLE,NO,FINE,4,EMP
BSP,OSF,SSW,DRY,DAY,SINGLE,MODERATE,FINE,1,BUS - OTHER
DEPOT,OSM,SSW,DRY,DAY,SINGLE,NO,FINE,6,EMP
RAD,NSR,BTMO,DRY,DAY,SINGLE,LIGHT,FINE,4,CARS TRUCKS
DEPOT,MIR,SSW,WET,DAY,SINGLE,NO,RAIN,2,EMP
RAD,OSF,HON,WET,DAY,SINGLE,LIGHT,RAIN,4,EMP
BSP,NSR,TAI,DRY,DAY,SINGLE,LIGHT,FOG,4,EMP
RAD,TOPM,SSW,DRY,DAY,SINGLE,LIGHT,FINE,1,EMP
RBT,FRNT,SSW,DRY,DUSK,SINGLE,MODERATE,FINE,1,EMP
RAD,OSM,SSW,WET,DAWN,SINGLE,NO,RAIN,4,EMP
RAD,NSR,BTMO,DRY,DAY,MULTI,HEAVY,FINE,4,EMP
RAD,NSM,SSW,DRY,NIGHT,SINGLE,NO,FINE,1,EMP
BSP,NSR,SSW,DRY,DAY,SINGLE,NO,FINE,1,BUS - OTHER
RAD,NSR,SSW,WET,DAY,MULTI,LIGHT,FINE,1,EMP
BSP,NSR,TAI,WET,DAY,SINGLE,NO,RAIN,4,EMP
DEPOT,FRNT,N2T,DRY,DAY,MULTI,LIGHT,FINE,4,BUS - OTHER
RAD,NSR,SSW,DRY,DUSK,SINGLE,HEAVY,FINE,4,EMP
RAD,L/H/S indicator,SSW,DRY,DAY,SINGLE,LIGHT,FINE,4,EMP
BSP,FRNT,SSW,DRY,DAY,SINGLE,MODERATE,FINE,1,ROA
BSP,OSR,N2T,DRY,DAY,SINGLE,LIGHT,FINE,1,CARS TRUCKS
BSP,MIR,SSW,DRY,DAWN,SINGLE,LIGHT,FINE,1,EMP
RAD,OSM,SSW,DRY,NIGHT,SINGLE,NO,FINE,1,EMP
BSP,OSM,SSW,DRY,DAY,MULTI,LIGHT,FINE,1,EMP
RAD,Nil,SSW,DRY,DAY,SINGLE,LIGHT,FINE,4,EMP
XRD,FRNT,N2T,WET,NIGHT,MULTI,NO,RAIN,4,EMP
BSP,NSR,TAI,DRY,DUSK,BUS,LIGHT,FINE,4,EMP
BSP,FRNT,HON,DRY,DAY,SINGLE,HEAVY,FINE,4,EMP
RAD,WSRE,HON,SLIP,DAY,SINGLE,LIGHT,RAIN,0,ENV
RAD,NSF,SSW,DRY,DAY,SINGLE,LIGHT,FINE,5,CARS TRUCKS
RAD,OSR,SSW,DRY,DAY,BUS,LIGHT,FINE,1,CARS TRUCKS
TIN,OSR,TAI,WET,DUSK,MULTI,MODERATE,RAIN,4,EMP
RAD,NSM,SSW,DRY,DAY,SINGLE,LIGHT,FINE,0,OTH
DEPOT,WSRE,SSW,DRY,DAY,SINGLE,NO,FINE,2,EMP
TIN,OSF,HON,DRY,DAY,MULTI,LIGHT,FINE,1,EMP
RAD,OSF,SSW,WET,DAY,SINGLE,LIGHT,FINE,1,CARS TRUCKS
RAD,OSM,SSW,WET,DAY,SINGLE,NO,FINE,4,EMP
XRD,NSR,SSW,WET,DAY,MULTI,HEAVY,RAIN,4,EMP
BSP,OSR,SSW,DRY,DAWN,SINGLE,LIGHT,FINE,4,EMP
RAD,NSM,SSW,WET,DAY,MULTI,MODERATE,RAIN,4,EMP
RAD,NSM,SSW,DRY,DAY,MULTI,MODERATE,FINE,1,CARS TRUCKS
BSP,MIR,HON,DRY,DAY,MULTI,LIGHT,RAIN,4,EMP
RAD,OSM,SSW,DRY,DAWN,MULTI,LIGHT,FINE,4,EMP
RAD,NSM,SSW,DRY,NIGHT,MULTI,MODERATE,FINE,0,EMP
RAD,NSM,TBO,DRY,DAY,SINGLE,LIGHT,FINE,1,CARS TRUCKS
RBT,OSM,SSW,WET,DUSK,SINGLE,LIGHT,RAIN,4,EMP
RAD,NSM,SSW,DRY,DAY,SINGLE,LIGHT,FINE,1,EMP
RAD,NSR,SSW,DRY,DAY,SINGLE,LIGHT,FINE,5,ROA
RBT,OSM,SSW,DRY,DAY,MULTI,LIGHT,FINE,1,EMP
RAD,FRNT,N2T,DRY,DUSK,MULTI,MODERATE,FINE,0,CARS TRUCKS
RAD,OSF,N2T,DRY,DAY,MULTI,MODERATE,FINE,5,CARS TRUCKS
RAD,NSF,HON,DRY,DAY,MULTI,LIGHT,FINE,5,EMP
RAD,FRNT,TBO,DRY,DAWN,SINGLE,NO,FINE,0,EMP
BSP,OSR,N2T,SLIP,DAY,SINGLE,LIGHT,RAIN,1,EMP
RAD,FRNT,REVERSING,WET,DAY,SINGLE,LIGHT,RAIN,5,GEN
RAD,NSF,SSW,WET,DUSK,SINGLE,MODERATE,RAIN,1,EMP
RAD,NSM,SSW,DRY,DAY,SINGLE,LIGHT,FINE,5,CARS TRUCKS
RBT,NSR,SSW,DRY,DAY,MULTI,HEAVY,FINE,1,EMP
RAD,MIR,SSW,DRY,NIGHT,MULTI,LIGHT,FINE,4,CARS TRUCKS
RAD,NSR,SSW,DRY,DAY,SINGLE,MODERATE,FINE,5,EMP
BSP,NSR,SSW,WET,DUSK,SINGLE,LIGHT,RAIN,4,EMP
RAD,NSM,SSW,DRY,NIGHT,BUS,NO,FINE,4,EMP
DEPOT,NSM,SSW,DRY,DAY,SINGLE,LIGHT,FINE,2,CARS TRUCKS
RAD,WIN,SSW,DRY,DAY,SINGLE,LIGHT,FINE,1,CARS TRUCKS
RAD,FRNT,SSW,DRY,DAWN,MULTI,LIGHT,FINE,4,EMP
RAD,WIN,SSW,DRY,NIGHT,SINGLE,LIGHT,FINE,1,EMP
RAD,NSM,SSW,WET,DAY,MULTI,HEAVY,RAIN,4,BUS - OTHER
DEPOT,NSF,SSW,WET,DAY,SINGLE,LIGHT,RAIN,4,BUS - OTHER