location_code,damage_code,collision_code,road_code,light_code,road_type_code,traffic_code,weather_code,emp_liability_code,kpi_cause_code
XRD,OSR,SSW,WET,DAY,SINGLE,NO,RAIN,1,CARS TRUCKS
RAD,FRNT,REVERSING,DRY,DAY,SINGLE,LIGHT,FINE,1,GEN
BSP,NSR,SSW,SLIP,DUSK,SINGLE,HEAVY,FINE,4,CARS TRUCKS
RAD,FRNT,HON,DRY,DAY,SINGLE,LIGHT,FINE,1,OTH
XRD,WSRE,SSW,DRY,NIGHT,SINGLE,LIGHT,FINE,1,EMP
RAD,REAR,TAI,DRY,DAY,SINGLE,LIGHT,FINE,4,EMP
RAD,NSF,SSW,WET,DAY,MULTI,HEAVY,SUN,3,EMP
RBT,OSF,SSW,DRY,DAY,MULTI,LIGHT,FINE,4,EMP
XRD,MIR,SSW,DRY,DAY,MULTI,MODERATE,FINE,5,ROA
RAD,NSR,BTMO,DRY,DAY,SINGLE,LIGHT,FINE,4,BUS - OTHER
RAD,NSF,TBO,DRY,NIGHT,SINGLE,LIGHT,FINE,4,CARS TRUCKS
XRD,NSR,TAI,DRY,DAY,MULTI,LIGHT,FINE,4,EMP
TIN,REAR,SSW,DRY,DAY,SINGLE,NO,FINE,1,EMP
RAD,OSR,SSW,DRY,DAY,MULTI,HEAVY,FINE,5,BUS - OTHER
BSP,OSR,SSW,DRY,DAY,BUS,NO,FINE,1,EMP
TIN,NSR,SSW,DRY,DAY,SINGLE,MODERATE,FINE,4,EMP
BSP,OSR,REVERSING,WET,DUSK,MULTI,EXTREME,RAIN,4,EMP
RAD,OSR,SSW,DRY,DAY,MULTI,EXTREME,FINE,4,EMP
XRD,OSF,SSW,DRY,DAY,SINGLE,LIGHT,FINE,4,EMP
TIN,FRNT,N2T,DRY,NIGHT,SINGLE,LIGHT,FINE,4,EMP
TIN,NSM,TBO,WET,DAY,MULTI,LIGHT,RAIN,1,CARS TRUCKS
RAD,WIN,SSW,WET,NIGHT,MULTI,NO,FINE,1,EMP
RAD,OSR,SSW,DRY,STREET,SINGLE,LIGHT,FINE,4,EMP
RAD,NSR,SSW,DRY,DAY,SINGLE,LIGHT,FINE,0,GEN
BSP,NSF,SSW,WET,DAY,MULTI,HEAVY,RAIN,4,EMP
XRD,NSR,SSW,DRY,NIGHT,MULTI,LIGHT,FINE,1,EMP
RAD,NSF,SSW,DRY,NIGHT,SINGLE,LIGHT,FINE,0,BUS - OTHER
RAD,NSF,TBO,DRY,DAY,MULTI,MODERATE,FINE,1,CARS TRUCKS
RAD,MIR,SSW,WET,NIGHT,MULTI,LIGHT,FOG,4,CARS TRUCKS
RAD,OSM,SSW,DRY,DAY,SINGLE,LIGHT,RAIN,4,EMP
RAD,OSR,REVERSING,DRY,DUSK,SINGLE,MODERATE,FINE,1,CARS TRUCKS
RAD,NSF,HON,DRY,NIGHT,SINGLE,LIGHT,FINE,4,EMP
XRD,REAR,TAI,DRY,DAY,MULTI,HEAVY,FINE,4,EMP
TIN,MIR,SSW,DRY,DAY,MULTI,HEAVY,FINE,1,CARS TRUCKS
RAD,REAR,SSW,DRY,DAY,SINGLE,LIGHT,FINE,0,OTH
RAD,Dent in two pan,SSW,DRY,DAY,SINGLE,LIGHT,FINE,1,EMP
RAD,MIR,SSW,SLIP,DAY,SINGLE,MODERATE,FINE,5,CARS TRUCKS
DEPOT,MIR,SSW,WET,DAY,SINGLE,NO,FINE,0,CARS TRUCKS
RAD,WSRE,HON,DRY,DAY,MULTI,LIGHT,FINE,0,OTH
DEPOT,REAR,HON,DRY,DAY,SINGLE,NO,FINE,5,CARS TRUCKS
RAD,MIR,HON,SLIP,DAY,MULTI,HEAVY,RAIN,4,EMP
TIN,NSM,SSW,WET,DUSK,MULTI,LIGHT,RAIN,4,EMP
BSP,WIN,SSW,DRY,DAY,SINGLE,NO,FINE,0,BUS - OTHER
RAD,MIR,SSW,DRY,DAY,SINGLE,MODERATE,FINE,5,EMP
RAD,OSR,N2T,DRY,DAY,SINGLE,LIGHT,FINE,1,EMP
RAD,FRNT,HON,DRY,DAY,SINGLE,LIGHT,FINE,0,NONPOW
RAD,NSF,N2T,DRY,DAWN,MULTI,LIGHT,FOG,4,EMP
RBT,NSR,TAI,DRY,NIGHT,SINGLE,MODERATE,FINE,4,EMP
BSP,TOPM,ROO,DRY,DAY,SINGLE,LIGHT,FINE,4,CARS TRUCKS
RAD,NSF,HON,DRY,DAY,MULTI,LIGHT,FINE,4,BUS - OTHER
RBT,WSRE,BTMO,WET,NIGHT,SINGLE,NO,RAIN,4,EMP
RAD,OSR,BTMO,WET,DAWN,SINGLE,LIGHT,FOG,4,EMP
TIN,NSR,SSW,DRY,DAY,SINGLE,MODERATE,FINE,1,CARS TRUCKS
RAD,NSR,SSW,WET,DAY,SINGLE,HEAVY,FINE,4,EMP
BSP,MIR,SSW,DRY,DAY,SINGLE,LIGHT,FINE,4,BUS - OTHER
BSP,REAR,N2T,DRY,DAY,BUS,NO,FINE,2,BUS - OTHER
RAD,NSR,SSW,WET,DUSK,SINGLE,MODERATE,RAIN,4,EMP
RAD,OSR,SSW,DRY,DAY,SINGLE,MODERATE,FINE,1,GEN
RAD,MIR,SSW,DRY,DAY,MULTI,HEAVY,FINE,1,CARS TRUCKS
RAD,R/H/S Mirror da,SSW,DRY,DAY,SINGLE,LIGHT,FINE,4,EMP
RAD,OSR,SSW,DRY,DAY,MULTI,HEAVY,FINE,5,CARS TRUCKS
RAD,NSR,SSW,WET,NIGHT,MULTI,HEAVY,RAIN,4,CARS TRUCKS
TIN,NSR,TAI,DRY,DAY,SINGLE,HEAVY,FINE,4,CARS TRUCKS
RAD,NSM,SSW,WET,DAY,BUS,MODERATE,RAIN,4,EMP
RAD,OSM,TBO,DRY,DAY,SINGLE,HEAVY,FINE,1,EMP
XRD,MIR,SSW,DRY,DAY,SINGLE,LIGHT,FINE,5,EMP
RAD,NSF,TBO,WET,NIGHT,SINGLE,MODERATE,RAIN,1,ROA
XRD,OSF,TBO,WET,DAY,SINGLE,HEAVY,RAIN,1,EMP
RAD,OSR,SSW,DRY,NIGHT,MULTI,LIGHT,FINE,1,CARS TRUCKS
BSP,OSR,SSW,WET,DAY,SINGLE,MODERATE,FINE,4,CARS TRUCKS
RAD,NSF,N2T,SLIP,DAY,MULTI,HEAVY,RAIN,4,EMP
RAD,MIR,SSW,WET,DAWN,MULTI,MODERATE,RAIN,4,EMP
RAD,WIN,SSW,DRY,DAWN,MULTI,MODERATE,FINE,1,ROAD RAGE
RAD,FRNT,HON,DRY,DAWN,MULTI,NO,FINE,0,OTH
DEPOT,FRNT,HON,DRY,NIGHT,SINGLE,LIGHT,FINE,1,CARS TRUCKS
RAD,Paint mark N/S/,SSW,DRY,DAY,SINGLE,LIGHT,FINE,4,EMP
RAD,REAR,REVERSING,DRY,NIGHT,MULTI,NO,FINE,4,EMP
RAD,BROKEN CLEARANC,SSW,DRY,DAY,SINGLE,LIGHT,FINE,4,EMP
RAD,OSF,HON,DRY,DAY,MULTI,LIGHT,FINE,4,EMP
TIN,OSR,TAI,DRY,DAY,MULTI,HEAVY,FINE,4,EMP
BSP,FRNT,SSW,SLIP,DAY,SINGLE,LIGHT,FINE,4,EMP
RAD,Broken mirror,SSW,DRY,DAY,SINGLE,LIGHT,FINE,1,EMP
RAD,OSF,TBO,DRY,STREET,MULTI,LIGHT,FINE,1,CARS TRUCKS
TIN,NSR,TAI,DRY,DAY,SINGLE,MODERATE,FINE,1,EMP
DEPOT,NSM,SSW,WET,DAY,SINGLE,HEAVY,RAIN,4,CARS TRUCKS
RAD,OSR,SSW,DRY,DAY,MULTI,MODERATE,FINE,5,CARS TRUCKS
BSP,NSR,SSW,DRY,DAY,MULTI,MODERATE,FINE,1,CARS TRUCKS
RAD,MIR,SSW,DRY,DAY,SINGLE,LIGHT,FINE,5,CARS TRUCKS
DEPOT,OSR,TAI,DRY,DAY,SINGLE,LIGHT,FINE,4,EMP
XRD,OSR,SSW,DRY,DAY,SINGLE,MODERATE,FINE,1,EMP
BSP,TOPR,SSW,DRY,DAY,SINGLE,MODERATE,FINE,4,EMP
XRD,NSR,REVERSING,DRY,DAY,SINGLE,LIGHT,FINE,4,EMP
RAD,OSF,TBO,DRY,DAY,SINGLE,LIGHT,FINE,1,ROA
RBT,NSM,SSW,WET,NIGHT,MULTI,LIGHT,FINE,4,EMP
RAD,FRNT,BTMO,DRY,NIGHT,MULTI,MODERATE,FINE,0,EMP
BSP,MIR,SSW,DRY,DAY,SINGLE,MODERATE,FINE,1,ROA
BSP,NSR,SSW,DRY,DAY,BUS,LIGHT,SUN,4,EMP
RAD,REAR,TBO,WET,DAY,SINGLE,MODERATE,RAIN,1,EMP
RAD,OSM,SSW,DRY,DAY,MULTI,MODERATE,FINE,1,ROA
XRD,NSF,SSW,DRY,NIGHT,SINGLE,NO,FINE,1,EMP
BSP,NSR,TAI,DRY,DAY,SINGLE,LIGHT,FINE,4,EMP
RAD,NSF,SSW,WET,DUSK,MULTI,HEAVY,RAIN,1,EMP
RAD,NSR,SSW,DRY,DUSK,MULTI,LIGHT,FINE,1,EMP
RBT,OSR,SSW,DRY,DAY,SINGLE,NO,FINE,4,EMP
BSP,OSR,N2T,DRY,DAY,SINGLE,NO,FINE,1,ROA
BSP,NSR,TAI,DRY,DAY,MULTI,MODERATE,FINE,4,BUS - OTHER
BSP,MIR,SSW,DRY,DAY,BUS,NO,FINE,2,CARS TRUCKS
DEPOT,NSR,TAI,DRY,NIGHT,SINGLE,LIGHT,FINE,4,EMP
XRD,OSR,SSW,WET,DAY,MULTI,MODERATE,FINE,4,EMP
RAD,REAR,SSW,DRY,DAWN,SINGLE,LIGHT,FINE,6,OTH
XRD,NSM,ROO,WET,NIGHT,MULTI,MODERATE,RAIN,4,EMP
XRD,OSM,SSW,DRY,DUSK,SINGLE,EXTREME,FINE,4,CARS TRUCKS
RAD,NSR,SSW,WET,DAY,SINGLE,LIGHT,RAIN,3,EMP
RAD,REAR,SSW,WET,NIGHT,SINGLE,LIGHT,RAIN,4,EMP
RAD,OSF,SSW,WET,DAY,SINGLE,LIGHT,RAIN,4,EMP
RAD,Damage to front,SSW,DRY,DAY,SINGLE,LIGHT,FINE,1,EMP
DEPOT,NSM,SSW,DRY,DUSK,SINGLE,NO,FINE,4,EMP
RBT,OSR,TAI,DRY,DAY,MULTI,LIGHT,FINE,4,EMP
DEPOT,NSR,SSW,WET,NIGHT,SINGLE,EXTREME,RAIN,4,EMP
RAD,FRNT,HON,WET,STREET,MULTI,LIGHT,RAIN,1,CARS TRUCKS
RAD,NSF,TBO,DRY,DAY,SINGLE,NO,FINE,1,CARS TRUCKS
TIN,FRNT,N2T,DRY,DAY,MULTI,MODERATE,FINE,4,EMP
TIN,NSR,SSW,WET,DAY,MULTI,HEAVY,RAIN,4,EMP
XRD,NSF,HON,DRY,DAY,SINGLE,NO,FINE,4,EMP
RAD,NSR,SSW,DRY,NIGHT,SINGLE,NO,FINE,4,CARS TRUCKS
BSP,OSF,SSW,DRY,DAY,SINGLE,LIGHT,FINE,1,EMP
RAD,WIN,SSW,DRY,NIGHT,SINGLE,MODERATE,FINE,1,EMP
TIN,FRNT,SSW,DRY,DAY,BUS,LIGHT,FINE,1,EMP
BSP,NSM,SSW,DRY,DUSK,SINGLE,LIGHT,FINE,5,CARS TRUCKS
BSP,FRNT,REVERSING,DRY,DAY,SINGLE,LIGHT,FINE,1,CARS TRUCKS
RAD,WIN,SSW,WET,DAY,SINGLE,NO,FINE,4,EMP
RAD,OSF,TBO,DRY,DAY,MULTI,MODERATE,FINE,1,CARS TRUCKS
RAD,FRNT,SSW,DRY,DAY,SINGLE,LIGHT,FINE,5,GEN
DEPOT,NSF,SSW,DRY,DAY,SINGLE,NO,FINE,0,BUS - OTHER
RAD,WIN,SSW,DRY,DAY,MULTI,LIGHT,FINE,1,OTH
RAD,N/S/R corner pa,SSW,DRY,DAY,SINGLE,LIGHT,FINE,4,EMP
RAD,NSF,SSW,DRY,NIGHT,MULTI,MODERATE,FINE,5,EMP
TIN,NSM,SSW,DRY,DAY,MULTI,HEAVY,FINE,4,BUS - OTHER
BSP,NSR,SSW,DRY,DAWN,SINGLE,NO,FINE,1,EMP
RAD,NSF,SSW,WET,DAWN,BUS,MODERATE,RAIN,4,EMP
RBT,FRNT,SSW,DRY,NIGHT,MULTI,LIGHT,FINE,1,EMP
BSP,MIR,SSW,DRY,DAY,SINGLE,LIGHT,SUN,4,EMP
BSP,NSM,SSW,DRY,DUSK,MULTI,HEAVY,FINE,4,EMP
RBT,MIR,SSW,DRY,DAY,SINGLE,LIGHT,FINE,4,EMP
BSP,NSR,N2T,DRY,DAY,MULTI,LIGHT,FINE,1,ROA
BSP,MIR,SSW,DRY,STREET,MULTI,LIGHT,FINE,4,EMP
RAD,REAR,N2T,WET,NIGHT,SINGLE,LIGHT,FINE,1,CARS TRUCKS
TIN,OSM,SSW,WET,DAWN,SINGLE,NO,RAIN,4,EMP
RAD,FRNT,SSW,DRY,NIGHT,MULTI,NO,FINE,1,EMP
RBT,WIN,SSW,WET,NIGHT,SINGLE,NO,RAIN,3,EMP
TIN,FRNT,SSW,WET,DAWN,SINGLE,NO,RAIN,4,EMP
RAD,MIR,SSW,DRY,DAY,BUS,MODERATE,FINE,5,EMP
TIN,NSF,SSW,DRY,NIGHT,MULTI,NO,FINE,4,EMP
XRD,OSR,SSW,WET,DAY,SINGLE,HEAVY,FINE,1,EMP
XRD,OSR,SSW,DRY,DAY,MULTI,MODERATE,FINE,1,ROA
BSP,WSRE,BTMO,WET,NIGHT,SINGLE,LIGHT,FINE,0,EMP
RAD,WIN,SSW,DRY,DAWN,SINGLE,NO,FINE,4,EMP
RAD,REAR,SSW,DRY,DAY,SINGLE,HEAVY,FINE,1,ROA
XRD,OSM,TBO,DRY,DUSK,MULTI,LIGHT,FINE,1,CARS TRUCKS
RBT,MIR,SSW,WET,DAY,MULTI,HEAVY,RAIN,1,EMP
XRD,OSM,SSW,DRY,DAY,SINGLE,NO,FINE,4,EMP
RAD,FRNT,SSW,DRY,DAY,MULTI,MODERATE,FINE,5,EMP
RAD,FRNT,SSW,WET,NIGHT,MULTI,HEAVY,RAIN,1,EMP
RBT,MIR,SSW,DRY,DAY,MULTI,LIGHT,FINE,5,CARS TRUCKS
BSP,OSR,SSW,DRY,DAY,MULTI,NO,FINE,1,CARS TRUCKS
RAD,NSF,BTMO,DRY,DAWN,SINGLE,LIGHT,FINE,4,BUS - OTHER
RBT,REAR,TAI,DRY,DAY,SINGLE,EXTREME,FINE,4,EMP
RAD,REAR,REVERSING,WET,NIGHT,SINGLE,NO,RAIN,4,BUS - OTHER
DEPOT,OSR,SSW,DRY,DAY,BUS,NO,FINE,2,OTH
TIN,NSM,SSW,DRY,DAY,SINGLE,NO,FINE,1,EMP
RAD,OSR,SSW,DRY,DAY,MULTI,NO,SUN,1,EMP
RAD,TOPF,ROO,DRY,DAY,SINGLE,LIGHT,FINE,4,EMP
RAD,FRNT,HON,DRY,NIGHT,MULTI,LIGHT,FINE,4,EMP
RAD,NSR,SSW,WET,DUSK,MULTI,HEAVY,RAIN,4,EMP
DEPOT,REAR,N2T,DRY,DAY,BUS,NO,FINE,4,EMP
RAD,MIR,SSW,DRY,DAY,SINGLE,LIGHT,FINE,3,EMP
RAD,NSF,HON,DRY,DAY,SINGLE,HEAVY,FINE,4,CARS TRUCKS
RAD,REAR,REVERSING,WET,DAY,SINGLE,NO,RAIN,4,BUS - OTHER
XRD,NSR,SSW,DRY,DAY,SINGLE,LIGHT,FINE,5,CARS TRUCKS
DEPOT,WIN,N2T,DRY,NIGHT,SINGLE,NO,FINE,4,EMP
XRD,OSF,SSW,DRY,DAY,MULTI,MODERATE,FINE,5,CARS TRUCKS
XRD,NSM,SSW,DRY,DAY,MULTI,NO,FINE,1,EMP
RAD,NSR,BTMO,DRY,DAY,SINGLE,LIGHT,FINE,6,EMP
TIN,FRNT,N2T,DRY,DUSK,SINGLE,MODERATE,FINE,4,EMP
RBT,OSR,SSW,DRY,DAY,MULTI,HEAVY,RAIN,1,EMP
RAD,OSM,SSW,DRY,DAY,MULTI,MODERATE,FINE,5,ROA
XRD,OSF,SSW,WET,NIGHT,BUS,LIGHT,RAIN,4,EMP
TIN,OSR,REVERSING,DRY,DAY,SINGLE,NO,FINE,4,BUS - OTHER
XRD,NSF,SSW,WET,DAY,MULTI,HEAVY,RAIN,4,EMP
BSP,NSR,BTMO,DRY,DAY,SINGLE,MODERATE,FINE,4,BUS - OTHER
RAD,FRNT,N2T,DRY,NIGHT,MULTI,MODERATE,FINE,0,OTH
RAD,FRNT,SSW,SLIP,DAY,SINGLE,LIGHT,RAIN,4,EMP
RAD,Missing indicat,SSW,DRY,DAY,SINGLE,LIGHT,FINE,1,EMP
BSP,OSR,N2T,DRY,NIGHT,MULTI,HEAVY,FINE,5,GEN
XRD,NSF,SSW,DRY,DUSK,MULTI,HEAVY,FINE,1,EMP
XRD,NSF,REVERSING,DRY,DAY,SINGLE,NO,FINE,4,BUS - OTHER
BSP,NSF,SSW,DRY,DAY,BUS,NO,FINE,4,EMP
RAD,OSF,SSW,DRY,DAWN,BUS,LIGHT,FINE,4,EMP
DEPOT,FRNT,N2T,DRY,DAY,SINGLE,LIGHT,FINE,2,EMP
RAD,NSF,SSW,DRY,NIGHT,SINGLE,EXTREME,FINE,1,EMP
RAD,NSM,TBO,DRY,DAY,SINGLE,NO,FINE,1,EMP
RAD,OSR,SSW,WET,DAY,SINGLE,NO,RAIN,4,EMP
XRD,OSM,SSW,DRY,DAY,MULTI,MODERATE,FINE,1,EMP
RAD,MIR,SSW,DRY,DAY,MULTI,MODERATE,FINE,1,EMP
RBT,NSM,SSW,DRY,DAY,MULTI,HEAVY,FINE,1,EMP
XRD,OSR,SSW,WET,DUSK,SINGLE,HEAVY,RAIN,4,EMP
RAD,OSR,TBO,WET,NIGHT,SINGLE,HEAVY,RAIN,1,EMP
XRD,NSM,SSW,DRY,NIGHT,MULTI,HEAVY,FINE,1,ROA
BSP,NSR,HON,DRY,NIGHT,MULTI,LIGHT,FINE,4,EMP
BSP,NSR,SSW,DRY,DAY,SINGLE,EXTREME,SUN,1,EMP
BSP,OSF,SSW,DRY,DUSK,SINGLE,HEAVY,FINE,4,EMP
RAD,REAR,N2T,WET,NIGHT,SINGLE,MODERATE,RAIN,1,CARS TRUCKS
TIN,MIR,SSW,DRY,DAY,MULTI,LIGHT,FINE,5,EMP
XRD,TOPF,SSW,DRY,DAY,SINGLE,LIGHT,FINE,4,EMP
XRD,OSR,SSW,DRY,DAY,MULTI,MODERATE,FINE,1,EMP
RAD,MIR,SSW,DRY,DAWN,MULTI,LIGHT,FINE,4,EMP
XRD,NSR,REVERSING,DRY,DAY,MULTI,LIGHT,FINE,1,ROA
RAD,MIR,HON,WET,DAY,SINGLE,MODERATE,RAIN,4,EMP
XRD,NSF,SSW,WET,DAY,MULTI,LIGHT,RAIN,1,EMP
BSP,OSR,N2T,WET,DAY,MULTI,LIGHT,RAIN,1,CARS TRUCKS
XRD,OSR,SSW,DRY,DUSK,SINGLE,HEAVY,FINE,4,EMP
BSP,REAR,SSW,WET,DAY,SINGLE,LIGHT,FINE,4,BUS - OTHER
TIN,NSR,TAI,DRY,DAY,SINGLE,MODERATE,FINE,4,EMP
RAD,OSF,SSW,DRY,DUSK,SINGLE,HEAVY,FINE,1,CARS TRUCKS
BSP,NSR,SSW,DRY,DAWN,BUS,NO,FINE,4,EMP
DEPOT,NSM,SSW,WET,DAWN,BUS,LIGHT,FINE,4,BUS - OTHER
RAD,NSR,SSW,DRY,DAY,BUS,LIGHT,FINE,1,CARS TRUCKS
RBT,NSM,SSW,WET,NIGHT,SINGLE,LIGHT,RAIN,4,EMP
TIN,NSF,SSW,DRY,DAY,SINGLE,LIGHT,FINE,4,CARS TRUCKS
RAD,NSM,SSW,WET,DAWN,SINGLE,LIGHT,RAIN,4,EMP
XRD,FRNT,SSW,DRY,DAY,MULTI,MODERATE,FINE,4,EMP
RAD,NSM,SSW,SLIP,DAY,SINGLE,LIGHT,FINE,4,EMP
RBT,FRNT,REVERSING,DRY,DAY,SINGLE,MODERATE,FINE,1,CARS TRUCKS
RAD,Rear nearside b,SSW,DRY,DAY,SINGLE,LIGHT,FINE,4,EMP
BSP,REAR,N2T,WET,DAY,SINGLE,LIGHT,RAIN,1,CARS TRUCKS
RAD,OSF,SSW,DRY,DAY,SINGLE,LIGHT,FINE,5,CARS TRUCKS
BSP,MIR,SSW,DRY,DAY,BUS,LIGHT,FINE,5,CARS TRUCKS
TIN,OSM,SSW,SLIP,DAY,SINGLE,LIGHT,RAIN,4,BUS - OTHER
RAD,NSF,SSW,DRY,STREET,MULTI,HEAVY,FINE,4,EMP
RAD,FRNT,SSW,DRY,NIGHT,SINGLE,LIGHT,FINE,4,EMP
RAD,OSR,TAI,DRY,DUSK,SINGLE,HEAVY,FINE,4,EMP
RAD,WSRE,SSW,DRY,DAY,SINGLE,LIGHT,FINE,0,GEN
BSP,NSR,TBO,WET,DAY,SINGLE,LIGHT,RAIN,3,EMP
BSP,NSM,SSW,DRY,DAY,SINGLE,MODERATE,FINE,1,CARS TRUCKS
TIN,NSM,SSW,SLIP,DAY,SINGLE,MODERATE,FINE,4,BUS - OTHER
BSP,NSF,HON,WET,DAY,BUS,HEAVY,RAIN,4,EMP
XRD,NSR,SSW,DRY,DAY,SINGLE,LIGHT,FINE,4,CARS TRUCKS
RAD,NSF,SSW,DRY,DUSK,MULTI,LIGHT,FINE,5,EMP
XRD,NSF,REVERSING,DRY,DAY,SINGLE,NO,FINE,4,EMP
RAD,Rear R/H/S corn,SSW,DRY,DAY,SINGLE,LIGHT,FINE,4,EMP
BSP,OSF,HON,DRY,DAY,BUS,NO,FINE,4,CARS TRUCKS
RAD,NSM,SSW,DRY,DAY,SINGLE,LIGHT,FINE,6,OTH
RAD,Rear R/H/S,SSW,DRY,DAY,SINGLE,LIGHT,FINE,4,EMP
DEPOT,OSR,REVERSING,DRY,DAWN,SINGLE,NO,FINE,4,EMP
RBT,REAR,N2T,DRY,DAY,SINGLE,LIGHT,FINE,1,CARS TRUCKS
RAD,REAR,BTMO,DRY,DAY,MULTI,HEAVY,FINE,1,CARS TRUCKS
RAD,NSM,SSW,DRY,DAY,SINGLE,NO,FINE,6,CARS TRUCKS
DEPOT,REAR,N2T,DRY,DAY,SINGLE,LIGHT,FINE,4,CARS TRUCKS
BSP,MIR,HON,DRY,DAY,SINGLE,LIGHT,FINE,4,EMP
BSP,NSM,SSW,DRY,DAY,SINGLE,NO,FINE,1,EMP
RBT,NSF,SSW,DRY,DUSK,SINGLE,NO,FINE,4,EMP
RAD,NSR,SSW,DRY,DAY,SINGLE,NO,SUN,4,EMP
XRD,OSM,SSW,DRY,DAY,SINGLE,HEAVY,FINE,4,BUS - OTHER
TIN,REAR,REVERSING,DRY,DAY,MULTI,MODERATE,FINE,4,EMP
RBT,OSF,SSW,DRY,DAY,SINGLE,MODERATE,FINE,1,EMP
XRD,OSF,BTMO,DRY,DAY,SINGLE,NO,FINE,4,EMP
XRD,REAR,N2T,DRY,DAY,MULTI,MODERATE,FINE,1,EMP
BSP,MIR,SSW,DRY,NIGHT,SINGLE,NO,FINE,2,CARS TRUCKS
TIN,NSR,TBO,DRY,DAWN,MULTI,LIGHT,FINE,1,CARS TRUCKS
RAD,NSR,TBO,WET,DAY,MULTI,LIGHT,RAIN,1,EMP
RBT,OSF,N2T,WET,NIGHT,SINGLE,NO,RAIN,4,EMP
RAD,Slight scratch ,SSW,DRY,DAY,SINGLE,LIGHT,FINE,4,EMP
RAD,NSM,SSW,DRY,STREET,SINGLE,NO,FINE,1,EMP
DEPOT,WIN,SSW,DRY,DUSK,SINGLE,LIGHT,FINE,4,EMP
TIN,FRNT,HON,DRY,DAY,SINGLE,HEAVY,FINE,1,EMP
RAD,REAR,SSW,DRY,DAY,SINGLE,NO,FINE,6,OTH
TIN,NSR,SSW,DRY,DAY,SINGLE,HEAVY,FINE,4,CARS TRUCKS
BSP,NSR,SSW,WET,DAY,BUS,NO,FINE,4,EMP
XRD,NSR,TAI,DRY,DAY,SINGLE,MODERATE,FINE,4,EMP
RAD,MIR,HON,WET,DAY,MULTI,MODERATE,RAIN,4,EMP
BSP,NSR,SSW,DRY,DAY,MULTI,HEAVY,FINE,1,ROA
BSP,NSF,SSW,DRY,DUSK,MULTI,LIGHT,FINE,4,EMP
RAD,NSR,N2T,DRY,DAY,MULTI,MODERATE,FINE,1,CARS TRUCKS
RAD,WSRE,BTMO,WET,DAY,SINGLE,NO,RAIN,4,EMP
TIN,FRNT,HON,DRY,DAY,MULTI,LIGHT,FINE,1,ROA
BSP,WIN,SSW,DRY,NIGHT,SINGLE,LIGHT,FINE,0,GEN
RBT,WSRE,BTMO,DRY,DAY,SINGLE,MODERATE,FINE,4,EMP
BSP,NSF,SSW,DRY,STREET,SINGLE,LIGHT,FINE,1,EMP
RAD,FRNT,HON,WET,DAY,MULTI,LIGHT,RAIN,0,OTH
RAD,FRNT,HON,WET,DAY,SINGLE,LIGHT,RAIN,0,ENV
RAD,REAR,SSW,DRY,DAY,MULTI,NO,FINE,1,EMP
BSP,MIR,SSW,DRY,DAY,MULTI,LIGHT,FINE,5,EMP
DEPOT,NSM,SSW,DRY,DAY,SINGLE,LIGHT,FINE,6,EMP
XRD,MIR,HON,DRY,DAY,MULTI,LIGHT,FINE,4,EMP
RAD,NSR,SSW,DRY,DAWN,BUS,LIGHT,FINE,4,EMP
RAD,MIR,SSW,DRY,DUSK,SINGLE,LIGHT,FOG,4,EMP
XRD,REAR,SSW,DRY,DAWN,MULTI,NO,FINE,1,EMP
RAD,OSM,SSW,SLIP,DAY,SINGLE,NO,FINE,4,EMP
BSP,OSR,N2T,DRY,DAY,SINGLE,NO,FINE,1,EMP
BSP,FRNT,SSW,DRY,STREET,SINGLE,LIGHT,FINE,5,EMP
TIN,OSF,SSW,DRY,DUSK,MULTI,HEAVY,SUN,4,EMP
RAD,NSF,SSW,WET,DAY,BUS,HEAVY,RAIN,1,EMP
XRD,NSM,SSW,WET,DUSK,MULTI,HEAVY,RAIN,4,CARS TRUCKS
BSP,NSR,TBO,DRY,DAY,MULTI,MODERATE,RAIN,1,ROA
BSP,NSR,SSW,DRY,DAY,SINGLE,LIGHT,FINE,1,BUS - OTHER
BSP,OSM,SSW,DRY,NIGHT,BUS,LIGHT,FINE,2,CARS TRUCKS
RBT,OSM,SSW,DRY,DAY,SINGLE,LIGHT,FINE,1,EMP
BSP,OSR,SSW,DRY,DAY,SINGLE,LIGHT,FINE,1,GEN