location_code,damage_code,collision_code,road_code,light_code,road_type_code,traffic_code,weather_code,emp_liability_code,kpi_cause_code
RBT,NSF,TBO,DRY,DAY,MULTI,LIGHT,FINE,1,ROA
RAD,REAR,BTMO,SLIP,DAY,SINGLE,MODERATE,FINE,0,EMP
RAD,FRNT,SSW,DRY,DAY,MULTI,LIGHT,FINE,1,CARS TRUCKS
RAD,NSR,SSW,DRY,STREET,BUS,NO,FINE,4,EMP
BSP,NSM,SSW,WET,DAY,MULTI,LIGHT,RAIN,4,EMP
XRD,FRNT,SSW,DRY,DAY,MULTI,LIGHT,FINE,1,GEN
BSP,NSM,HON,DRY,DAY,SINGLE,MODERATE,FINE,4,EMP
RAD,WSRE,BTMO,DRY,NIGHT,SINGLE,LIGHT,FINE,5,EMP
RAD,NSR,HON,DRY,DAY,SINGLE,LIGHT,FINE,1,ROA
TIN,NSR,N2T,DRY,DUSK,FREE,MODERATE,FINE,1,EMP
RAD,REAR,SSW,DRY,NIGHT,SINGLE,NO,FINE,0,OTH
BSP,NSM,SSW,DRY,NIGHT,BUS,NO,FINE,4,EMP
RAD,FRNT,SSW,DRY,DAY,SINGLE,LIGHT,FINE,4,EMP
XRD,TOPM,HON,DRY,DAY,SINGLE,LIGHT,FINE,4,EMP
BSP,NSF,SSW,WET,NIGHT,MULTI,LIGHT,RAIN,4,CARS TRUCKS
RBT,WSRE,SSW,DRY,DAY,SINGLE,NO,FINE,4,EMP
RAD,OSM,SSW,DRY,DUSK,SINGLE,NO,FINE,4,EMP
TIN,OSR,SSW,DRY,DAY,SINGLE,HEAVY,FINE,1,CARS TRUCKS
RAD,NSF,SSW,DRY,DAY,MULTI,LIGHT,FINE,1,EMP
RAD,NSR,SSW,DRY,DAY,BUS,HEAVY,FINE,1,CARS TRUCKS
XRD,FRNT,N2T,WET,NIGHT,SINGLE,LIGHT,RAIN,4,EMP
TIN,REAR,SSW,DRY,DAY,SINGLE,MODERATE,FINE,1,EMP
RAD,OSR,N2T,DRY,DAY,MULTI,LIGHT,FINE,1,ROA
BSP,NSM,SSW,DRY,DAY,SINGLE,NO,FINE,4,EMP
DEPOT,MIR,SSW,SLIP,DAY,SINGLE,MODERATE,FINE,4,EMP
BSP,REAR,N2T,DRY,DAY,MULTI,HEAVY,FINE,1,ROA
TIN,OSM,SSW,DRY,DAY,SINGLE,LIGHT,FINE,5,ROA
RAD,WSRE,SSW,WET,DAWN,SINGLE,LIGHT,FINE,0,EMP
DEPOT,NSR,SSW,DRY,DAY,MULTI,MODERATE,FINE,6,OTH
RAD,FRNT,N2T,DRY,DAY,MULTI,HEAVY,FINE,1,EMP
RAD,NSR,SSW,DRY,DAY,SINGLE,EXTREME,FINE,1,CARS TRUCKS
DEPOT,REAR,REVERSING,WET,DUSK,SINGLE,NO,RAIN,4,EMP
BSP,REAR,N2T,WET,DAY,MULTI,MODERATE,RAIN,1,ROA
RAD,FRNT,N2T,DRY,DAY,SINGLE,LIGHT,FINE,4,CARS TRUCKS
BSP,NSF,SSW,DRY,DAY,SINGLE,LIGHT,SUN,4,CARS TRUCKS
BSP,REAR,N2T,DRY,DAY,SINGLE,MODERATE,FINE,1,CARS TRUCKS
BSP,MIR,SSW,DRY,DUSK,SINGLE,MODERATE,SUN,4,BUS - OTHER
DEPOT,NSM,SSW,WET,DUSK,SINGLE,NO,RAIN,4,BUS BRAKING
RAD,OSR,SSW,SLIP,DAY,SINGLE,NO,FINE,4,EMP
BSP,MIR,SSW,WET,DUSK,MULTI,LIGHT,RAIN,4,EMP
BSP,NSF,SSW,WET,DAY,MULTI,NO,RAIN,4,EMP
BSP,NSR,TAI,DRY,DAY,BUS,NO,SUN,4,EMP
RBT,NSF,SSW,DRY,DAY,MULTI,MODERATE,FINE,4,EMP
BSP,OSF,SSW,WET,DAY,BUS,LIGHT,FINE,4,EMP
RAD,R/H/S park ligh,SSW,DRY,DAY,SINGLE,LIGHT,FINE,4,EMP
RAD,FRNT,N2T,WET,DAY,MULTI,HEAVY,FINE,5,CARS TRUCKS
RAD,Scratches on R/,SSW,DRY,DAY,SINGLE,LIGHT,FINE,4,EMP
RBT,NSM,SSW,DRY,DAY,MULTI,HEAVY,FINE,1,ROA
RAD,NSF,SSW,DRY,NIGHT,SINGLE,NO,FINE,4,EMP
RAD,NSF,SSW,DRY,DAY,MULTI,LIGHT,FINE,1,CARS TRUCKS
XRD,NSR,SSW,DRY,NIGHT,MULTI,LIGHT,FINE,4,EMP
TIN,OSR,REVERSING,WET,DAY,SINGLE,NO,FINE,4,BUS - OTHER
RAD,N/S front of do,SSW,DRY,DAY,SINGLE,LIGHT,FINE,4,EMP
DEPOT,NSM,SSW,DRY,NIGHT,SINGLE,NO,FINE,4,CARS TRUCKS
RAD,NSR,SSW,DRY,DAY,SINGLE,MODERATE,FINE,1,EMP
RAD,MIR,SSW,WET,NIGHT,MULTI,NO,RAIN,4,EMP
XRD,NSF,SSW,DRY,DUSK,MULTI,MODERATE,FINE,1,EMP
RAD,NSR,SSW,DRY,DAY,SINGLE,NO,FINE,0,CARS TRUCKS
XRD,REAR,HON,WET,DAY,SINGLE,LIGHT,FOG,1,EMP
BSP,NSR,SSW,DRY,NIGHT,SINGLE,NO,FINE,4,EMP
BSP,OSR,TAI,DRY,DAY,MULTI,LIGHT,FINE,4,EMP
BSP,NSR,SSW,WET,NIGHT,SINGLE,LIGHT,RAIN,1,EMP
TIN,OSR,SSW,WET,DAY,SINGLE,LIGHT,RAIN,4,EMP
RBT,NSR,SSW,DRY,DAY,MULTI,LIGHT,SUN,1,CARS TRUCKS
XRD,NSR,N2T,DRY,DAY,SINGLE,HEAVY,FINE,4,CARS TRUCKS
RAD,REAR,BTMO,DRY,DAY,SINGLE,EXTREME,FINE,1,CARS TRUCKS
RAD,OSF,SSW,DRY,DAY,BUS,MODERATE,FINE,1,CARS TRUCKS
RAD,OSF,BTMO,DRY,DAY,SINGLE,LIGHT,FINE,4,CARS TRUCKS
RAD,Front right top,SSW,DRY,DAY,SINGLE,LIGHT,FINE,4,EMP
RAD,NSR,SSW,DRY,DAY,BUS,NO,FINE,4,OTH
RAD,NSF,HON,WET,DAY,BUS,MODERATE,RAIN,1,ROA
DEPOT,OSR,SSW,WET,DUSK,MULTI,NO,RAIN,2,OTH
RAD,REAR,N2T,DRY,DAY,SINGLE,MODERATE,FINE,1,CARS TRUCKS
RAD,OSF,TBO,DRY,NIGHT,SINGLE,MODERATE,FINE,1,EMP
XRD,FRNT,TAI,DRY,DAWN,MULTI,LIGHT,FINE,1,GEN
RAD,MIR,SSW,DRY,DAY,MULTI,EXTREME,FINE,4,EMP
RBT,NSR,SSW,DRY,STREET,SINGLE,NO,FINE,4,EMP
XRD,OSM,SSW,WET,NIGHT,MULTI,MODERATE,FINE,1,EMP
RAD,OSM,SSW,DRY,NIGHT,SINGLE,NO,FINE,4,BUS - OTHER
BSP,OSR,SSW,WET,DAY,BUS,NO,RAIN,5,CARS TRUCKS
RAD,NSM,SSW,DRY,STREET,SINGLE,LIGHT,FINE,1,EMP
DEPOT,NSR,REVERSING,WET,NIGHT,BUS,NO,RAIN,4,EMP
XRD,NSM,SSW,WET,DAY,MULTI,MODERATE,RAIN,4,CARS TRUCKS
RAD,Rear R/H/S bump,SSW,DRY,DAY,SINGLE,LIGHT,FINE,1,EMP
BSP,NSR,SSW,DRY,NIGHT,MULTI,MODERATE,FINE,4,EMP
RBT,FRNT,TBO,DRY,DAY,SINGLE,LIGHT,FINE,4,CARS TRUCKS
BSP,OSR,SSW,DRY,DAY,MULTI,LIGHT,FINE,5,ROA
RAD,REAR,N2T,DRY,DAY,SINGLE,LIGHT,RAIN,4,EMP
RAD,NSM,SSW,DRY,DAY,SINGLE,NO,FINE,4,BUS - OTHER
BSP,OSR,SSW,DRY,NIGHT,SINGLE,LIGHT,FINE,1,EMP
BSP,MIR,SSW,DRY,DAY,MULTI,LIGHT,FINE,5,CARS TRUCKS
BSP,NSF,SSW,DRY,DAY,SINGLE,LIGHT,FOG,4,CARS TRUCKS
BSP,FRNT,N2T,DRY,DAY,SINGLE,LIGHT,FINE,1,CARS TRUCKS
BSP,REAR,SSW,DRY,DAY,SINGLE,EXTREME,FINE,1,CARS TRUCKS
RAD,FRNT,HON,WET,DAY,SINGLE,MODERATE,RAIN,4,EMP
RAD,NSR,SSW,DRY,DAY,SINGLE,LIGHT,FINE,1,CYC
RAD,FRNT,HON,DRY,DAY,SINGLE,NO,FINE,4,BUS - OTHER
BSP,OSR,SSW,SLIP,DAY,BUS,LIGHT,RAIN,4,EMP
BSP,OSR,SSW,DRY,NIGHT,BUS,MODERATE,FINE,4,EMP
BSP,NSM,SSW,DRY,NIGHT,MULTI,LIGHT,FINE,4,EMP
RAD,WSRE,SSW,DRY,DAY,SINGLE,LIGHT,FINE,4,EMP
BSP,WIN,SSW,DRY,NIGHT,BUS,LIGHT,FINE,3,EMP
RAD,OSM,SSW,DRY,DAWN,MULTI,MODERATE,FINE,5,CARS TRUCKS
RAD,OSR,SSW,WET,DAY,SINGLE,MODERATE,RAIN,5,CARS TRUCKS
RAD,NSR,SSW,DRY,DAY,SINGLE,NO,RAIN,4,EMP
RAD,NSR,SSW,DRY,DAY,SINGLE,LIGHT,FINE,5,CARS TRUCKS
RAD,REAR,SSW,DRY,DAY,SINGLE,NO,FINE,1,EMP
DEPOT,NSR,SSW,DRY,DAY,SINGLE,LIGHT,FINE,4,CARS TRUCKS
DEPOT,MIR,SSW,DRY,DAY,MULTI,MODERATE,FINE,1,CARS TRUCKS
BSP,TOPM,SSW,WET,DUSK,SINGLE,NO,RAIN,4,EMP
XRD,NSM,SSW,SLIP,DAY,MULTI,MODERATE,FINE,1,EMP
RAD,FRNT,HON,DRY,NIGHT,SINGLE,NO,FINE,4,BUS - OTHER
RAD,REAR,SSW,DRY,DAY,BUS,NO,FINE,1,CARS TRUCKS
TIN,REAR,SSW,DRY,DAWN,SINGLE,NO,FINE,4,EMP
RAD,NSF,SSW,DRY,DUSK,SINGLE,NO,FINE,4,EMP
RAD,NSM,SSW,DRY,DUSK,SINGLE,HEAVY,FINE,4,CARS TRUCKS
RAD,TOPR,SSW,DRY,DAY,MULTI,LIGHT,FINE,1,ROA
TIN,FRNT,BTMO,DRY,DAY,SINGLE,MODERATE,FINE,4,EMP
BSP,MIR,SSW,DRY,DAY,MULTI,LIGHT,FINE,4,EMP
BSP,NSR,SSW,WET,DAWN,BUS,MODERATE,RAIN,4,EMP
BSP,WIN,TAI,DRY,DAY,SINGLE,LIGHT,FINE,4,CARS TRUCKS
RAD,OSF,N2T,DRY,DAY,MULTI,LIGHT,FINE,4,EMP
DEPOT,NSF,REVERSING,DRY,DAY,SINGLE,LIGHT,FINE,2,EMP
RAD,Bent front bump,SSW,DRY,DAY,SINGLE,LIGHT,FINE,4,EMP
RBT,NSM,TBO,WET,DAY,MULTI,MODERATE,RAIN,1,CARS TRUCKS
TIN,FRNT,SSW,DRY,DAY,SINGLE,LIGHT,FINE,1,CARS TRUCKS
RAD,NSM,SSW,DRY,DAWN,SINGLE,LIGHT,FINE,3,EMP
BSP,NSR,SSW,WET,DUSK,MULTI,HEAVY,RAIN,4,EMP
RAD,NSF,HON,DRY,DAY,SINGLE,LIGHT,FINE,4,PL&EQ
RBT,FRNT,SSW,DRY,DAY,MULTI,MODERATE,FINE,4,BUS - OTHER
RAD,OSF,SSW,DRY,DAY,MULTI,LIGHT,FINE,0,BUS - OTHER
DEPOT,NSR,TAI,DRY,DAY,MULTI,NO,FINE,4,EMP
RAD,NSR,SSW,DRY,DAY,SINGLE,EXTREME,FINE,4,EMP
BSP,WSRE,BTMO,WET,DAY,SINGLE,NO,FINE,4,EMP
RAD,NSM,SSW,WET,NIGHT,MULTI,HEAVY,RAIN,1,SURFING
XRD,OSF,SSW,DRY,DAY,SINGLE,MODERATE,FINE,1,EMP
RBT,OSF,SSW,DRY,DAY,SINGLE,LIGHT,FINE,4,EMP
RAD,FRNT,BTMO,DRY,DAY,SINGLE,LIGHT,FINE,6,OTH
DEPOT,OSM,SSW,DRY,DAY,SINGLE,LIGHT,FINE,2,EMP
RAD,R/H/S front bum,SSW,DRY,DAY,SINGLE,LIGHT,FINE,4,EMP
RAD,OSR,SSW,DRY,DAY,SINGLE,MODERATE,FINE,5,CARS TRUCKS
RAD,OSF,HON,DRY,DAY,SINGLE,MODERATE,FINE,1,CARS TRUCKS
RAD,MIR,HON,DRY,DAY,MULTI,LIGHT,FINE,4,CARS TRUCKS
RAD,MIR,SSW,DRY,DAY,SINGLE,LIGHT,FINE,1,GEN
XRD,OSR,SSW,DRY,STREET,SINGLE,NO,FINE,3,EMP
XRD,MIR,SSW,DRY,DAY,MULTI,MODERATE,FINE,4,EMP
RAD,FRNT,HON,DRY,DAWN,SINGLE,NO,FINE,4,BUS - OTHER
RAD,REAR,N2T,SLIP,DAY,SINGLE,HEAVY,RAIN,5,CARS TRUCKS
RAD,OSR,SSW,WET,NIGHT,MULTI,HEAVY,RAIN,5,CARS TRUCKS
RAD,WIN,BTMO,DRY,DAY,SINGLE,LIGHT,FINE,4,EMP
RAD,REAR,TAI,WET,DAY,BUS,HEAVY,RAIN,4,EMP
BSP,NSF,N2T,DRY,DAY,BUS,HEAVY,FINE,4,EMP
RBT,OSM,SSW,DRY,DAY,BUS,LIGHT,FINE,4,EMP
RAD,MIR,SSW,DRY,DAY,SINGLE,LIGHT,FINE,4,ENV
RAD,OSF,SSW,DRY,DAY,MULTI,NO,RAIN,1,CARS TRUCKS
DEPOT,OSF,SSW,DRY,DAY,SINGLE,LIGHT,FINE,6,BUS - OTHER
TIN,NSR,SSW,DRY,DUSK,SINGLE,NO,FINE,4,EMP
BSP,OSR,REVERSING,DRY,DAY,SINGLE,LIGHT,FINE,6,EMP
RBT,NSF,SSW,DRY,DAY,MULTI,LIGHT,FINE,4,EMP
XRD,NSM,SSW,DRY,DAWN,SINGLE,LIGHT,FINE,4,EMP
BSP,MIR,SSW,DRY,DAY,SINGLE,LIGHT,FINE,4,BUS BRAKING
BSP,OSR,SSW,DRY,DAY,MULTI,MODERATE,FINE,1,CARS TRUCKS
RAD,REAR,SSW,DRY,DAY,FREE,LIGHT,FINE,4,EMP
BSP,NSF,SSW,WET,NIGHT,SINGLE,LIGHT,RAIN,4,CARS TRUCKS
RBT,FRNT,TBO,DRY,DAY,SINGLE,LIGHT,FINE,4,EMP
RAD,NSR,N2T,DRY,DAY,SINGLE,LIGHT,FINE,4,BUS - OTHER
RBT,REAR,N2T,DRY,DAY,MULTI,MODERATE,FINE,1,CARS TRUCKS
RAD,WSRE,SSW,WET,DAY,SINGLE,LIGHT,RAIN,4,ENV
TIN,NSM,SSW,WET,NIGHT,MULTI,LIGHT,RAIN,4,EMP
TIN,OSR,SSW,DRY,STREET,MULTI,HEAVY,FOG,4,EMP
BSP,REAR,N2T,WET,DAY,SINGLE,LIGHT,RAIN,1,EMP
TIN,OSR,TAI,DRY,DAY,SINGLE,HEAVY,FINE,4,EMP
RAD,NSM,SSW,DRY,NIGHT,SINGLE,HEAVY,FINE,4,EMP
RAD,OSF,SSW,WET,NIGHT,SINGLE,LIGHT,RAIN,4,EMP
BSP,FRNT,HON,WET,DAY,SINGLE,LIGHT,FINE,4,EMP
RAD,NSR,TAI,DRY,DAY,MULTI,HEAVY,SUN,4,EMP
RAD,NSF,HON,WET,NIGHT,SINGLE,LIGHT,RAIN,4,CARS TRUCKS
TIN,FRNT,SSW,DRY,DAY,MULTI,LIGHT,FINE,1,ROA
DEPOT,NSF,SSW,DRY,DAY,SINGLE,LIGHT,FINE,4,BUS - OTHER
RAD,NSR,SSW,DRY,NIGHT,SINGLE,HEAVY,FINE,0,EMP
DEPOT,REAR,REVERSING,DRY,DAY,BUS,NO,FINE,4,EMP
RAD,FRNT,N2T,DRY,DAWN,MULTI,LIGHT,FINE,4,EMP
BSP,NSR,SSW,DRY,NIGHT,SINGLE,MODERATE,FINE,4,CARS TRUCKS
BSP,OSR,N2T,DRY,DAY,BUS,MODERATE,FINE,1,EMP
RAD,NSR,SSW,SLIP,DAY,SINGLE,LIGHT,RAIN,0,EMP
DEPOT,NSR,REVERSING,DRY,NIGHT,SINGLE,LIGHT,FINE,1,EMP
TIN,OSR,N2T,DRY,DAY,MULTI,LIGHT,FINE,1,GEN
RAD,NSR,REVERSING,DRY,DAWN,BUS,NO,FINE,4,EMP
RAD,TOPM,SSW,WET,DAY,SINGLE,LIGHT,RAIN,1,EMP
XRD,NSR,N2T,DRY,DAWN,SINGLE,MODERATE,FINE,1,ROA
BSP,REAR,REVERSING,DRY,DAY,MULTI,MODERATE,FINE,4,EMP
XRD,OSR,SSW,DRY,DAY,MULTI,LIGHT,FINE,1,CARS TRUCKS
RAD,FRNT,N2T,DRY,DAY,MULTI,MODERATE,FINE,5,ROA
RAD,NSR,SSW,WET,DAWN,SINGLE,MODERATE,FINE,4,EMP
RAD,NSR,SSW,DRY,DAWN,SINGLE,LIGHT,FINE,6,OTH
BSP,REAR,REVERSING,WET,NIGHT,BUS,NO,RAIN,4,EMP
RAD,OSM,SSW,DRY,DAY,SINGLE,LIGHT,FINE,5,CARS TRUCKS
RAD,OSM,SSW,DRY,NIGHT,MULTI,MODERATE,FINE,1,CARS TRUCKS
RAD,WSRE,HON,WET,DAY,MULTI,MODERATE,RAIN,0,EMP
XRD,NSR,SSW,DRY,DAWN,SINGLE,LIGHT,FINE,4,EMP
BSP,OSR,SSW,DRY,DAY,MULTI,LIGHT,FINE,5,GEN
TIN,FRNT,N2T,DRY,DAY,MULTI,MODERATE,FINE,4,BUS - OTHER
BSP,OSR,TAI,DRY,NIGHT,SINGLE,LIGHT,FINE,4,EMP
RAD,TOPF,N2T,DRY,DAY,SINGLE,LIGHT,FINE,4,EMP
BSP,MIR,SSW,DRY,DAY,MULTI,MODERATE,FINE,4,CARS TRUCKS
DEPOT,FRNT,SSW,DRY,DUSK,SINGLE,LIGHT,FINE,4,EMP
BSP,NSR,SSW,WET,DAY,SINGLE,MODERATE,RAIN,4,BUS - OTHER
XRD,FRNT,HON,DRY,DAY,MULTI,LIGHT,FINE,1,EMP
RAD,NSR,SSW,DRY,DAY,MULTI,HEAVY,FINE,1,EMP
XRD,OSR,TAI,DRY,DAY,SINGLE,NO,FINE,4,EMP
DEPOT,OSF,TBO,DRY,DAY,SINGLE,LIGHT,FINE,1,CARS TRUCKS
RAD,FRNT,BTMO,WET,DAY,SINGLE,LIGHT,RAIN,0,ENV
XRD,NSR,TAI,WET,DAY,SINGLE,EXTREME,RAIN,4,EMP
RAD,NSR,SSW,WET,DAY,MULTI,EXTREME,RAIN,1,EMP
RBT,NSF,SSW,WET,NIGHT,SINGLE,LIGHT,FINE,4,EMP
RAD,MIR,SSW,DRY,STREET,SINGLE,NO,FINE,4,PAS
RAD,WSRE,N2T,DRY,DAY,SINGLE,LIGHT,FINE,2,EMP
RAD,NSF,TBO,DRY,NIGHT,MULTI,MODERATE,FINE,1,EMP
DEPOT,REAR,BTMO,DRY,DUSK,SINGLE,NO,FINE,4,EMP
RAD,FRNT,SSW,DRY,DAY,MULTI,HEAVY,FINE,1,EMP
BSP,TOPF,HON,DRY,DAY,SINGLE,NO,FINE,4,EMP
BSP,MIR,SSW,WET,DAY,SINGLE,LIGHT,RAIN,4,EMP
BSP,OSR,SSW,DRY,DAY,BUS,LIGHT,FINE,4,EMP
RAD,NSM,SSW,DRY,DAY,MULTI,LIGHT,FINE,6,BUS - OTHER
RAD,MIR,SSW,DRY,NIGHT,BUS,NO,FINE,4,EMP
BSP,REAR,N2T,DRY,DAY,BUS,LIGHT,FINE,4,EMP
RBT,OSF,TAI,DRY,DAY,SINGLE,LIGHT,FINE,4,EMP
RAD,FRNT,BTMO,WET,DAY,SINGLE,MODERATE,RAIN,4,EMP
BSP,WSRE,SSW,DRY,DUSK,SINGLE,LIGHT,FINE,0,GEN
RAD,NSR,SSW,DRY,DAY,SINGLE,LIGHT,FINE,4,ENV
XRD,OSM,SSW,DRY,DAY,MULTI,LIGHT,FINE,4,EMP
RAD,OSR,TBO,DRY,NIGHT,MULTI,MODERATE,FINE,1,CARS TRUCKS
RAD,OSR,SSW,DRY,DAY,SINGLE,NO,FINE,1,CARS TRUCKS
RAD,NSR,N2T,DRY,DAY,MULTI,LIGHT,FINE,5,CARS TRUCKS
BSP,OSR,SSW,DRY,DAY,SINGLE,MODERATE,FINE,5,EMP
RAD,MIR,HON,WET,NIGHT,MULTI,LIGHT,RAIN,4,CARS TRUCKS
RAD,FRNT,SSW,DRY,DAY,MULTI,HEAVY,FINE,4,EMP
TIN,REAR,SSW,DRY,DAY,MULTI,LIGHT,FINE,1,EMP
DEPOT,NSR,TAI,WET,DAY,SINGLE,LIGHT,RAIN,4,CARS TRUCKS
DEPOT,NSR,REVERSING,DRY,DAY,SINGLE,NO,FINE,2,EMP
RAD,OSM,TAI,DRY,DAY,MULTI,MODERATE,FINE,4,EMP
XRD,NSR,TAI,DRY,DAY,SINGLE,LIGHT,FINE,4,EMP
RAD,OSF,SSW,DRY,DAY,MULTI,MODERATE,SUN,5,CARS TRUCKS
XRD,NSF,HON,DRY,DAY,SINGLE,LIGHT,FINE,4,EMP
RAD,NSM,TBO,DRY,DAY,MULTI,LIGHT,FINE,1,EMP
BSP,MIR,REVERSING,DRY,NIGHT,MULTI,LIGHT,FINE,4,EMP
RAD,Scratches to re,SSW,DRY,DAY,SINGLE,LIGHT,FINE,4,EMP
RAD,OSR,N2T,DRY,DAY,MULTI,LIGHT,FINE,1,BUS - OTHER
RAD,TOPR,HON,DRY,DAY,SINGLE,LIGHT,FINE,4,EMP
RAD,FRNT,HON,DRY,DAY,MULTI,LIGHT,FINE,5,GEN
BSP,REAR,REVERSING,WET,DAY,BUS,NO,RAIN,4,EMP
BSP,OSF,SSW,DRY,DAY,SINGLE,NO,FINE,1,EMP
BSP,MIR,SSW,DRY,DAY,SINGLE,NO,FINE,5,CARS TRUCKS
BSP,TOPF,ROO,DRY,NIGHT,SINGLE,NO,FINE,4,EMP
RAD,OSF,REVERSING,DRY,DAY,SINGLE,NO,SUN,4,BUS - OTHER
RBT,FRNT,TBO,DRY,DAY,SINGLE,MODERATE,FINE,4,EMP
BSP,REAR,BTMO,DRY,DAY,MULTI,MODERATE,FINE,1,EMP
RAD,OSM,SSW,DRY,DAY,SINGLE,MODERATE,FINE,5,GEN
RAD,MIR,SSW,DRY,DUSK,SINGLE,MODERATE,FINE,5,ROA
BSP,NSF,SSW,DRY,NIGHT,SINGLE,NO,FINE,4,BUS - OTHER
DEPOT,TOPM,SSW,DRY,DAY,SINGLE,LIGHT,FINE,0,ENV
RAD,OSF,SSW,DRY,DAY,MULTI,HEAVY,FINE,1,CARS TRUCKS
RAD,WSRE,BTMO,WET,NIGHT,SINGLE,NO,FINE,4,EMP
RAD,REAR,BTMO,DRY,DAY,SINGLE,MODERATE,FINE,4,BUS - OTHER
RAD,OSF,SSW,DRY,DAY,SINGLE,LIGHT,FINE,6,EMP
RAD,FRNT,N2T,DRY,DAY,FREE,HEAVY,FINE,4,EMP
BSP,REAR,REVERSING,WET,DAWN,SINGLE,NO,FOG,4,EMP
BSP,NSR,TAI,DRY,DAWN,SINGLE,LIGHT,FINE,4,EMP
RAD,WIN,SSW,DRY,NIGHT,BUS,NO,FINE,0,GEN
TIN,MIR,SSW,DRY,STREET,SINGLE,LIGHT,FINE,4,EMP
DEPOT,MIR,HON,DRY,NIGHT,SINGLE,NO,FINE,4,BUS - OTHER
DEPOT,FRNT,N2T,DRY,DUSK,SINGLE,NO,FINE,2,EMP
RAD,FRNT,SSW,DRY,NIGHT,SINGLE,MODERATE,FINE,5,GEN
BSP,REAR,N2T,DRY,DAY,MULTI,MODERATE,FINE,1,EMP
RAD,OSF,SSW,DRY,DAY,SINGLE,NO,FINE,2,EMP
DEPOT,OSF,SSW,DRY,DAY,SINGLE,LIGHT,FINE,6,EMP
RBT,NSF,SSW,DRY,DAY,SINGLE,LIGHT,FINE,4,EMP
RAD,NSF,TBO,SLIP,DUSK,MULTI,LIGHT,RAIN,1,CARS TRUCKS
RAD,OSF,SSW,DRY,DAY,SINGLE,LIGHT,FINE,5,ROA
RAD,NSR,SSW,DRY,DAWN,SINGLE,LIGHT,FINE,0,OTH
BSP,MIR,SSW,DRY,DAY,MULTI,HEAVY,SUN,4,EMP
XRD,OSR,TAI,DRY,DAY,SINGLE,LIGHT,FINE,4,CARS TRUCKS
XRD,NSF,HON,DRY,DAY,SINGLE,NO,FINE,1,CARS TRUCKS
BSP,REAR,N2T,WET,DAY,MULTI,MODERATE,RAIN,5,CARS TRUCKS
BSP,FRNT,N2T,DRY,DAY,SINGLE,NO,FINE,4,EMP
RAD,FRNT,HON,WET,DAY,MULTI,HEAVY,RAIN,4,EMP
RAD,OSR,N2T,DRY,DAY,SINGLE,LIGHT,FINE,5,ROA
RAD,NSF,HON,SLIP,DAY,SINGLE,MODERATE,RAIN,4,CARS TRUCKS
TIN,NSR,SSW,DRY,DAWN,SINGLE,LIGHT,FINE,4,EMP
RAD,NSF,SSW,DRY,DAY,MULTI,LIGHT,FINE,5,CARS TRUCKS
BSP,OSR,SSW,DRY,DAY,MULTI,LIGHT,FINE,4,BUS BRAKING
DEPOT,NSM,SSW,WET,DAWN,SINGLE,NO,RAIN,4,EMP
BSP,FRNT,SSW,DRY,DAY,BUS,NO,FINE,3,EMP
RAD,OSR,SSW,SLIP,DUSK,SINGLE,NO,RAIN,4,EMP
BSP,MIR,SSW,DRY,DAY,SINGLE,MODERATE,FINE,4,EMP
BSP,NSR,SSW,DRY,DAY,SINGLE,EXTREME,FINE,4,EMP
RAD,Rear Bumper & m,SSW,DRY,DAY,SINGLE,LIGHT,FINE,1,EMP
RAD,REAR,REVERSING,DRY,DAY,MULTI,MODERATE,FINE,4,CARS TRUCKS
RAD,MIR,SSW,DRY,DAY,BUS,NO,FINE,1,ROA
RAD,WSRE,HON,DRY,DAY,SINGLE,LIGHT,FINE,0,EMP
BSP,REAR,N2T,DRY,DAY,SINGLE,NO,FINE,1,EMP
XRD,FRNT,TBO,WET,DAY,SINGLE,LIGHT,FINE,1,EMP
RAD,FRNT,HON,DRY,DAY,SINGLE,LIGHT,FINE,4,BUS - OTHER
DEPOT,NSF,SSW,DRY,NIGHT,BUS,NO,FINE,4,EMP
RBT,OSR,SSW,DRY,DAWN,MULTI,MODERATE,FINE,5,CARS TRUCKS
BSP,NSM,SSW,DRY,DAY,SINGLE,MODERATE,FINE,4,EMP
RAD,NSR,REVERSING,DRY,DUSK,SINGLE,LIGHT,FINE,4,CARS TRUCKS
XRD,REAR,SSW,DRY,DAY,SINGLE,LIGHT,FINE,1,EMP