location_code,damage_code,collision_code,road_code,light_code,road_type_code,traffic_code,weather_code,emp_liability_code,kpi_cause_code
BSP,OSF,SSW,DRY,NIGHT,MULTI,MODERATE,FINE,1,ROA
XRD,NSF,HON,DRY,DAY,MULTI,LIGHT,FINE,1,CARS TRUCKS
XRD,OSR,SSW,DRY,DUSK,MULTI,MODERATE,FINE,4,EMP
XRD,MIR,TAI,DRY,DAY,MULTI,LIGHT,FINE,1,CARS TRUCKS
RAD,NSF,REVERSING,DRY,DAY,SINGLE,LIGHT,FINE,4,BUS - OTHER
RAD,REAR,SSW,DRY,DAY,SINGLE,LIGHT,FINE,3,EMP
BSP,FRNT,HON,DRY,NIGHT,MULTI,LIGHT,FINE,4,EMP
BSP,OSF,SSW,DRY,DAY,SINGLE,NO,FINE,5,CARS TRUCKS
XRD,OSR,SSW,DRY,DAY,BUS,LIGHT,FINE,4,EMP
RAD,FRNT,SSW,DRY,DAY,SINGLE,LIGHT,FINE,4,CARS TRUCKS
RAD,L/H/S rear corn,SSW,DRY,DAY,SINGLE,LIGHT,FINE,4,EMP
RAD,OSF,N2T,WET,NIGHT,MULTI,LIGHT,RAIN,1,CARS TRUCKS
DEPOT,NSR,SSW,WET,DAY,SINGLE,NO,SUN,4,EMP
RAD,NSM,REVERSING,WET,DAWN,BUS,MODERATE,RAIN,1,CARS TRUCKS
RBT,WSRE,BTMO,DRY,NIGHT,SINGLE,LIGHT,FINE,4,EMP
DEPOT,REAR,SSW,DRY,DAY,SINGLE,LIGHT,FINE,6,OTH
RAD,MIR,SSW,WET,DAY,SINGLE,LIGHT,FINE,1,EMP
BSP,FRNT,SSW,DRY,NIGHT,BUS,LIGHT,FINE,4,EMP
BSP,OSM,SSW,WET,DAY,MULTI,LIGHT,RAIN,1,EMP
XRD,NSR,TAI,DRY,DAY,MULTI,LIGHT,FINE,1,EMP
RBT,NSF,SSW,DRY,DAY,SINGLE,MODERATE,FINE,1,CARS TRUCKS
RAD,NSF,SSW,DRY,DAY,MULTI,HEAVY,FINE,5,ROA
RAD,NSM,SSW,WET,DUSK,MULTI,LIGHT,RAIN,1,ROA
XRD,OSR,SSW,WET,DAWN,SINGLE,LIGHT,RAIN,4,EMP
DEPOT,OSM,SSW,DRY,DAY,BUS,NO,FINE,4,EMP
BSP,NSR,TAI,DRY,DAY,SINGLE,LIGHT,FINE,4,BUS - OTHER
RAD,OSR,SSW,WET,DAY,SINGLE,LIGHT,RAIN,1,EMP
RAD,FRNT,HON,DRY,DAY,SINGLE,NO,FINE,4,ENV
BSP,NSR,TAI,WET,DUSK,BUS,LIGHT,RAIN,4,BUS - OTHER
TIN,NSM,SSW,WET,DAY,SINGLE,MODERATE,RAIN,4,BUS - OTHER
RAD,OSM,SSW,DRY,DAWN,SINGLE,NO,FINE,4,EMP
RAD,NSM,SSW,DRY,DAY,MULTI,MODERATE,FINE,4,EMP
DEPOT,FRNT,N2T,DRY,DAY,SINGLE,NO,FINE,4,EMP
BSP,OSF,TBO,DRY,DAY,SINGLE,MODERATE,FINE,4,EMP
BSP,MIR,SSW,DRY,DAY,BUS,LIGHT,FINE,5,EMP
RAD,NSF,SSW,DRY,DAWN,SINGLE,LIGHT,FINE,4,EMP
XRD,OSM,SSW,SLIP,NIGHT,SINGLE,LIGHT,FINE,4,EMP
BSP,OSF,SSW,DRY,DAY,BUS,LIGHT,FINE,0,BUS - OTHER
RAD,OSF,SSW,DRY,DAY,MULTI,MODERATE,FINE,5,ROA
BSP,NSF,SSW,DRY,DAY,SINGLE,NO,SUN,4,EMP
RAD,NSM,SSW,WET,DAY,MULTI,HEAVY,RAIN,4,EMP
RAD,MIR,HON,DRY,DAY,SINGLE,HEAVY,FINE,5,CARS TRUCKS
RAD,OSR,SSW,DRY,DAY,SINGLE,LIGHT,FINE,5,GEN
TIN,NSR,SSW,DRY,DAY,SINGLE,NO,FINE,4,CARS TRUCKS
TIN,OSM,SSW,DRY,DAY,MULTI,LIGHT,FINE,4,EMP
RBT,OSR,SSW,DRY,DAWN,SINGLE,LIGHT,FINE,4,EMP
RAD,OSR,SSW,DRY,DAY,SINGLE,EXTREME,FINE,1,CARS TRUCKS
TIN,NSR,SSW,DRY,DAY,MULTI,HEAVY,FINE,4,EMP
RAD,OSM,SSW,DRY,DAY,SINGLE,LIGHT,FINE,1,OTH
TIN,NSM,TAI,DRY,DAWN,MULTI,NO,FINE,4,EMP
RAD,NSF,SSW,DRY,DAY,MULTI,LIGHT,FINE,4,BUS - OTHER
RAD,NSF,TBO,DRY,DAY,MULTI,LIGHT,FINE,1,EMP
XRD,OSM,SSW,DRY,DAY,SINGLE,HEAVY,FINE,4,EMP
RAD,OSF,SSW,DRY,DAY,SINGLE,MODERATE,FINE,1,EMP
TIN,NSM,SSW,DRY,DAY,MULTI,LIGHT,FINE,1,CARS TRUCKS
DEPOT,NSM,SSW,WET,DAY,BUS,NO,RAIN,4,EMP
RAD,FRNT,HON,SLIP,DUSK,MULTI,LIGHT,RAIN,4,EMP
RAD,OSM,SSW,DRY,NIGHT,SINGLE,LIGHT,FINE,5,CARS TRUCKS
TIN,NSR,SSW,DRY,NIGHT,MULTI,MODERATE,FINE,4,EMP
RAD,MIR,HON,WET,DAWN,MULTI,NO,RAIN,4,EMP
RAD,Nil reported,SSW,DRY,DAY,SINGLE,LIGHT,FINE,4,EMP
RAD,FRNT,HON,SLIP,NIGHT,MULTI,MODERATE,FINE,4,EMP
XRD,MIR,HON,WET,DAY,SINGLE,NO,RAIN,4,EMP
RAD,Broken L/H fron,SSW,DRY,DAY,SINGLE,LIGHT,FINE,1,EMP
RAD,OSR,SSW,DRY,DAY,SINGLE,LIGHT,FINE,5,CARS TRUCKS
DEPOT,MIR,SSW,DRY,DUSK,SINGLE,LIGHT,FINE,4,EMP
RAD,TOPM,HON,DRY,DAY,SINGLE,LIGHT,FINE,4,EMP
RAD,WSRE,SSW,WET,DAWN,MULTI,LIGHT,RAIN,3,EMP
RAD,REAR,N2T,DRY,DUSK,MULTI,LIGHT,FINE,1,CARS TRUCKS
RAD,NSR,SSW,DRY,DAY,SINGLE,NO,FINE,4,PL&EQ
RAD,NSR,SSW,WET,DAY,SINGLE,MODERATE,FINE,4,EMP
XRD,NSR,SSW,DRY,DAY,SINGLE,NO,FINE,4,EMP
TIN,NSF,SSW,SLIP,NIGHT,MULTI,LIGHT,RAIN,4,EMP
RAD,NSR,N2T,DRY,DAWN,SINGLE,LIGHT,FINE,1,EMP
TIN,OSM,SSW,DRY,DAY,MULTI,HEAVY,FINE,4,EMP
RAD,OSR,SSW,DRY,NIGHT,SINGLE,MODERATE,FINE,4,EMP
TIN,OSR,REVERSING,DRY,DAY,SINGLE,HEAVY,FINE,4,EMP
RAD,L/H/S rear whee,SSW,DRY,DAY,SINGLE,LIGHT,FINE,1,EMP
RAD,OSR,HON,DRY,DAY,MULTI,MODERATE,FINE,1,CARS TRUCKS
BSP,OSM,SSW,DRY,DAY,SINGLE,LIGHT,FINE,4,EMP
RAD,NSR,TAI,DRY,DAY,SINGLE,LIGHT,FINE,0,OTH
BSP,NSF,SSW,DRY,STREET,SINGLE,LIGHT,FINE,1,CARS TRUCKS
DEPOT,NSR,HON,DRY,DAY,SINGLE,LIGHT,FINE,4,EMP
XRD,OSM,SSW,DRY,DAY,SINGLE,LIGHT,FINE,3,EMP
BSP,MIR,SSW,DRY,NIGHT,BUS,NO,FINE,4,EMP
RAD,OSM,SSW,WET,DAY,SINGLE,MODERATE,RAIN,5,CARS TRUCKS
BSP,MIR,SSW,WET,NIGHT,SINGLE,NO,FINE,4,EMP
RAD,FRNT,TBO,DRY,NIGHT,MULTI,LIGHT,FINE,1,EMP
XRD,NSF,TBO,DRY,DAY,SINGLE,LIGHT,FINE,3,EMP
BSP,NSR,SSW,DRY,DUSK,BUS,LIGHT,FINE,1,EMP
BSP,OSR,SSW,DRY,DAY,BUS,MODERATE,FINE,2,CARS TRUCKS
RAD,OSR,SSW,WET,DAY,SINGLE,MODERATE,RAIN,4,EMP
BSP,NSR,N2T,DRY,DAY,MULTI,LIGHT,FINE,1,EMP
RAD,NSR,SSW,DRY,NIGHT,SINGLE,LIGHT,FINE,1,EMP
DEPOT,NSF,REVERSING,WET,NIGHT,SINGLE,NO,RAIN,4,BUS - OTHER
TIN,NSF,SSW,DRY,DAY,MULTI,HEAVY,FINE,1,EMP
XRD,OSR,SSW,DRY,DAY,SINGLE,EXTREME,FINE,4,EMP
XRD,NSF,SSW,DRY,DAY,MULTI,HEAVY,FINE,1,CARS TRUCKS
DEPOT,OSF,TAI,DRY,DAY,SINGLE,LIGHT,FINE,2,BUS - OTHER
RAD,NSM,REVERSING,DRY,DAY,SINGLE,LIGHT,FINE,4,EMP
RAD,MIR,SSW,WET,DAY,SINGLE,LIGHT,RAIN,4,EMP
RAD,FRNT,TAI,DRY,DAY,MULTI,HEAVY,FINE,4,BUS - OTHER
RAD,FRNT,SSW,DRY,DAY,SINGLE,LIGHT,FINE,5,EMP
RAD,NSR,SSW,DRY,DAY,MULTI,HEAVY,FINE,5,CARS TRUCKS
XRD,OSR,TAI,WET,DAY,SINGLE,MODERATE,RAIN,4,CARS TRUCKS
DEPOT,REAR,N2T,DRY,DAWN,SINGLE,NO,FINE,4,EMP
RAD,NSF,SSW,DRY,DAY,SINGLE,LIGHT,FINE,4,OTH
TIN,FRNT,HON,DRY,DAY,MULTI,MODERATE,FINE,1,POW
RAD,NSR,SSW,DRY,DAY,SINGLE,LIGHT,FINE,0,PAS
DEPOT,NSR,TAI,DRY,NIGHT,BUS,NO,FINE,4,EMP
RBT,NSR,TAI,DRY,DUSK,MULTI,MODERATE,FINE,4,EMP
RAD,MIR,SSW,DRY,DUSK,MULTI,MODERATE,FINE,1,EMP
RAD,NSF,SSW,WET,NIGHT,MULTI,LIGHT,RAIN,1,EMP
RAD,OSF,SSW,DRY,DAWN,SINGLE,NO,FINE,4,EMP
BSP,OSM,N2T,DRY,DAY,SINGLE,LIGHT,FINE,1,EMP
RAD,OSF,SSW,WET,DAY,SINGLE,LIGHT,RAIN,4,ROA
BSP,FRNT,N2T,DRY,DAY,MULTI,MODERATE,FINE,1,BUS - OTHER
BSP,MIR,SSW,DRY,DAY,BUS,NO,FINE,0,GEN
RAD,NSM,SSW,DRY,DAY,SINGLE,LIGHT,FINE,0,PAS
RAD,OSR,HON,DRY,DAY,MULTI,HEAVY,FINE,4,EMP
RAD,MIR,SSW,DRY,DAY,SINGLE,HEAVY,SUN,4,EMP
RAD,REAR,SSW,WET,DAY,SINGLE,NO,RAIN,4,EMP
TIN,FRNT,SSW,DRY,DAY,SINGLE,NO,FINE,4,EMP
RAD,OSF,SSW,DRY,DAY,SINGLE,LIGHT,FINE,3,EMP
BSP,NSR,REVERSING,DRY,DAY,SINGLE,NO,FINE,4,EMP
RBT,FRNT,SSW,DRY,DAY,SINGLE,NO,FINE,1,EMP
BSP,FRNT,TBO,DRY,NIGHT,SINGLE,LIGHT,FINE,1,GEN
RAD,NSR,SSW,SLIP,DAY,MULTI,MODERATE,FOG,1,CARS TRUCKS
RBT,OSF,SSW,WET,NIGHT,SINGLE,LIGHT,RAIN,4,EMP
RAD,NSM,SSW,DRY,DAY,MULTI,MODERATE,FINE,1,EMP
BSP,REAR,HON,DRY,DAY,MULTI,LIGHT,FINE,1,EMP
RAD,FRNT,SSW,DRY,DAY,SINGLE,MODERATE,FINE,4,OTH
RAD,NSR,N2T,WET,DAY,SINGLE,HEAVY,RAIN,1,CARS TRUCKS
BSP,MIR,SSW,SLIP,DAY,BUS,LIGHT,RAIN,4,EMP
DEPOT,OSR,REVERSING,DRY,DAY,BUS,NO,FINE,4,EMP
RBT,NSF,BTMO,DRY,DAY,SINGLE,HEAVY,FINE,4,EMP
DEPOT,OSM,SSW,DRY,DUSK,SINGLE,NO,FINE,0,CARS TRUCKS
DEPOT,NSR,SSW,DRY,DAY,SINGLE,LIGHT,FINE,5,EMP
RAD,NSF,N2T,DRY,DAY,MULTI,LIGHT,FINE,4,CARS TRUCKS
BSP,OSF,SSW,DRY,DAY,MULTI,LIGHT,FINE,4,EMP
RAD,OSR,SSW,SLIP,DAY,SINGLE,LIGHT,RAIN,4,EMP
TIN,NSR,SSW,DRY,DAY,SINGLE,LIGHT,FINE,3,EMP
DEPOT,OSR,SSW,DRY,DAY,SINGLE,NO,FINE,1,BUS - OTHER
BSP,NSR,TAI,DRY,DAY,MULTI,LIGHT,FINE,4,EMP
DEPOT,NSR,REVERSING,DRY,DAY,BUS,NO,FINE,4,EMP
RAD,NSM,SSW,DRY,DAY,BUS,MODERATE,FINE,4,EMP
BSP,FRNT,REVERSING,WET,DAY,SINGLE,LIGHT,FINE,1,BUS - OTHER
RAD,MIR,SSW,DRY,DAY,MULTI,LIGHT,FINE,1,GEN
RBT,OSR,SSW,SLIP,DAY,MULTI,LIGHT,RAIN,1,EMP
RAD,OSR,SSW,DRY,DAY,SINGLE,EXTREME,SUN,4,EMP
RAD,NSR,SSW,WET,DAY,SINGLE,LIGHT,FINE,4,EMP
RAD,OSM,SSW,DRY,DUSK,SINGLE,NO,FINE,4,BUS - OTHER
DEPOT,OSF,SSW,DRY,DAY,SINGLE,LIGHT,FINE,1,EMP
RAD,OSM,SSW,DRY,DAY,MULTI,MODERATE,FINE,4,EMP
RAD,MIR,HON,WET,NIGHT,SINGLE,LIGHT,RAIN,4,EMP
RAD,FRNT,HON,DRY,DAY,SINGLE,NO,FINE,1,EMP
DEPOT,REAR,SSW,WET,DAWN,SINGLE,NO,FINE,4,EMP
RAD,OSR,SSW,DRY,DAY,MULTI,LIGHT,FINE,3,EMP
RAD,TOPM,SSW,DRY,DUSK,BUS,MODERATE,FINE,4,EMP
RAD,Scratches along,SSW,DRY,DAY,SINGLE,LIGHT,FINE,4,EMP
RAD,NSR,SSW,WET,NIGHT,BUS,NO,RAIN,4,EMP
RAD,REAR,REVERSING,DRY,DAY,MULTI,NO,FINE,4,BUS - OTHER
TIN,OSM,SSW,DRY,DAY,MULTI,NO,FINE,1,CARS TRUCKS
RAD,MIR,SSW,DRY,STREET,SINGLE,HEAVY,FINE,5,EMP
DEPOT,NSM,SSW,DRY,DAY,SINGLE,NO,FINE,4,EMP
RAD,OSF,N2T,DRY,DAY,MULTI,HEAVY,FINE,4,CARS TRUCKS
RAD,NSM,SSW,WET,DAY,SINGLE,LIGHT,RAIN,1,ROA
BSP,OSR,SSW,WET,DAY,SINGLE,LIGHT,FINE,1,CARS TRUCKS
RBT,NSM,SSW,DRY,DAY,SINGLE,LIGHT,FINE,5,CARS TRUCKS
XRD,REAR,SSW,DRY,DAY,SINGLE,LIGHT,FINE,3,EMP
BSP,WSRE,SSW,DRY,DAY,MULTI,NO,FINE,0,GEN
XRD,REAR,N2T,DRY,DAY,SINGLE,LIGHT,FINE,1,EMP
RAD,OSF,TBO,DRY,DAY,MULTI,MODERATE,FINE,1,EMP
RAD,MIR,HON,DRY,DUSK,SINGLE,MODERATE,FINE,4,EMP
DEPOT,FRNT,TBO,DRY,DAY,SINGLE,LIGHT,FINE,5,ROA
RAD,NSF,SSW,WET,NIGHT,MULTI,LIGHT,RAIN,4,EMP
RAD,NSR,SSW,WET,DAY,MULTI,HEAVY,RAIN,4,CARS TRUCKS
BSP,MIR,SSW,DRY,DAWN,MULTI,MODERATE,FINE,4,EMP
RAD,NSR,SSW,DRY,DAY,SINGLE,LIGHT,SUN,0,GEN
BSP,OSR,SSW,WET,DAY,SINGLE,LIGHT,RAIN,4,EMP
TIN,FRNT,N2T,WET,DAY,SINGLE,NO,RAIN,4,EMP
XRD,NSF,HON,DRY,DAY,SINGLE,HEAVY,FINE,4,BUS - OTHER
DEPOT,OSR,SSW,DRY,DAY,SINGLE,LIGHT,FINE,6,OTH
RBT,NSF,SSW,DRY,DAY,MULTI,NO,FINE,4,EMP
TIN,NSR,SSW,DRY,DAY,SINGLE,NO,SUN,4,EMP
DEPOT,MIR,SSW,WET,DAY,BUS,NO,FINE,4,EMP
RAD,MIR,SSW,DRY,DAY,SINGLE,MODERATE,FINE,0,EMP
XRD,NSR,SSW,DRY,DUSK,MULTI,LIGHT,FINE,4,EMP
RAD,NSR,SSW,DRY,DAY,SINGLE,HEAVY,SUN,4,CARS TRUCKS
XRD,FRNT,SSW,DRY,DAY,MULTI,LIGHT,FINE,4,EMP
BSP,OSF,HON,DRY,DAY,SINGLE,NO,FINE,4,EMP
DEPOT,NSF,REVERSING,DRY,DAY,MULTI,NO,FINE,1,CARS TRUCKS
RAD,NSF,SSW,SLIP,DAY,SINGLE,NO,RAIN,4,EMP
DEPOT,WSRE,HON,WET,DAY,SINGLE,NO,FINE,3,EMP
BSP,NSM,SSW,DRY,DAY,MULTI,EXTREME,FINE,4,CARS TRUCKS
XRD,MIR,SSW,WET,NIGHT,SINGLE,NO,RAIN,4,EMP
BSP,NSM,TBO,DRY,DAY,SINGLE,LIGHT,FINE,4,CARS TRUCKS
RAD,OSM,SSW,DRY,DAY,BUS,LIGHT,FINE,1,ROA
XRD,NSM,SSW,DRY,NIGHT,SINGLE,NO,FINE,4,EMP
RAD,FRNT,HON,DRY,DUSK,SINGLE,LIGHT,FINE,0,OTH
BSP,MIR,SSW,DRY,NIGHT,BUS,LIGHT,FINE,4,EMP
RAD,MIR,SSW,DRY,DAY,MULTI,HEAVY,FINE,4,CARS TRUCKS
BSP,REAR,N2T,DRY,DAY,MULTI,MODERATE,FINE,2,BUS - OTHER
RAD,NSR,SSW,DRY,DAWN,MULTI,LIGHT,FOG,4,EMP
XRD,NSR,REVERSING,WET,DAWN,SINGLE,LIGHT,RAIN,4,EMP
RAD,OSR,SSW,DRY,DAWN,MULTI,LIGHT,FINE,4,CARS TRUCKS
XRD,OSF,TBO,DRY,NIGHT,SINGLE,NO,FINE,1,CARS TRUCKS
RAD,MIR,SSW,DRY,DAY,MULTI,LIGHT,FINE,4,CARS TRUCKS
RAD,NSR,SSW,DRY,DAY,MULTI,EXTREME,FINE,3,EMP
BSP,OSR,N2T,DRY,DAWN,MULTI,HEAVY,FINE,1,EMP
XRD,OSR,SSW,DRY,DAY,SINGLE,LIGHT,FINE,4,BUS - OTHER
BSP,NSR,TAI,DRY,NIGHT,MULTI,NO,FINE,4,EMP
BSP,NSF,HON,DRY,NIGHT,BUS,NO,FINE,4,EMP
DEPOT,FRNT,N2T,DRY,NIGHT,SINGLE,NO,FINE,2,EMP
BSP,NSR,SSW,WET,DAY,SINGLE,HEAVY,RAIN,5,CARS TRUCKS
DEPOT,NSR,TAI,DRY,NIGHT,SINGLE,NO,FINE,4,EMP
RAD,WSRE,SSW,DRY,DAY,BUS,LIGHT,FINE,1,EMP
XRD,FRNT,TBO,DRY,DAY,SINGLE,LIGHT,FINE,1,EMP
RAD,NSR,TAI,DRY,DAY,SINGLE,LIGHT,FINE,4,CARS TRUCKS
RBT,OSR,SSW,DRY,DUSK,SINGLE,LIGHT,SUN,4,EMP
RAD,WSRE,HON,DRY,DUSK,SINGLE,LIGHT,FINE,0,OTH
RAD,NSF,ROO,SLIP,NIGHT,SINGLE,MODERATE,RAIN,4,EMP
RAD,OSR,HON,DRY,DAY,SINGLE,HEAVY,FINE,1,CARS TRUCKS
BSP,NSR,TAI,DRY,DUSK,MULTI,NO,FINE,4,EMP
RAD,OSR,N2T,DRY,DAY,SINGLE,MODERATE,FINE,1,EMP
DEPOT,FRNT,TBO,DRY,DAY,SINGLE,LIGHT,FINE,2,EMP
RAD,MIR,SSW,DRY,NIGHT,SINGLE,LIGHT,FINE,1,ROA
TIN,NSM,SSW,DRY,NIGHT,SINGLE,HEAVY,FINE,4,EMP
BSP,OSR,SSW,DRY,NIGHT,SINGLE,MODERATE,FINE,1,EMP
RBT,OSR,SSW,DRY,DAY,SINGLE,MODERATE,FINE,4,EMP
RAD,MIR,SSW,DRY,NIGHT,SINGLE,LIGHT,RAIN,5,CARS TRUCKS
BSP,OSR,SSW,DRY,DAY,BUS,LIGHT,FINE,2,EMP
RAD,NSF,SSW,DRY,DAWN,SINGLE,LIGHT,FINE,3,EMP
BSP,MIR,SSW,WET,DAY,SINGLE,LIGHT,FOG,4,EMP
DEPOT,NSR,SSW,WET,DUSK,MULTI,NO,RAIN,4,EMP
BSP,NSR,SSW,DRY,DAY,MULTI,NO,FINE,1,BUS - OTHER
RAD,NSR,HON,DRY,DAY,SINGLE,NO,FINE,1,EMP
BSP,MIR,HON,WET,NIGHT,SINGLE,NO,RAIN,4,EMP
RAD,L/H/S corner of,SSW,DRY,DAY,SINGLE,LIGHT,FINE,4,EMP
TIN,OSM,SSW,DRY,DUSK,BUS,EXTREME,FINE,1,EMP
RAD,REAR,N2T,DRY,DAY,SINGLE,LIGHT,FINE,1,EMP
BSP,OSR,HON,DRY,DAY,BUS,NO,FINE,1,CARS TRUCKS
BSP,FRNT,SSW,DRY,DAY,SINGLE,HEAVY,FINE,4,EMP
RAD,TOPR,SSW,DRY,DAY,SINGLE,LIGHT,FINE,0,PAS
RAD,OSF,SSW,DRY,DAY,MULTI,LIGHT,FINE,0,CARS TRUCKS
XRD,NSF,HON,DRY,DAY,MULTI,LIGHT,FINE,4,EMP
RAD,MIR,SSW,WET,DAY,MULTI,MODERATE,FINE,1,CARS TRUCKS
DEPOT,OSR,SSW,DRY,DAY,BUS,NO,FINE,2,CARS TRUCKS
RBT,NSR,SSW,DRY,NIGHT,SINGLE,NO,FINE,1,EMP
TIN,REAR,N2T,DRY,DUSK,MULTI,MODERATE,FINE,1,CARS TRUCKS
RAD,REAR,REVERSING,DRY,NIGHT,SINGLE,LIGHT,FINE,4,EMP
RAD,MIR,SSW,DRY,DAWN,SINGLE,MODERATE,FINE,5,EMP
RAD,Rear R/H/S of b,SSW,DRY,DAY,SINGLE,LIGHT,FINE,1,EMP
BSP,NSF,SSW,DRY,DAY,MULTI,HEAVY,FINE,4,EMP
DEPOT,NSM,SSW,DRY,DAY,SINGLE,MODERATE,FINE,4,BUS - OTHER
BSP,REAR,TAI,DRY,DAY,BUS,LIGHT,FINE,4,EMP
RBT,NSF,BTMO,DRY,DUSK,SINGLE,NO,FINE,4,EMP
RBT,REAR,REVERSING,WET,DUSK,SINGLE,LIGHT,FINE,4,EMP
RAD,REAR,N2T,DRY,DAY,MULTI,HEAVY,FINE,1,EMP
BSP,NSF,SSW,DRY,DAWN,SINGLE,LIGHT,FINE,4,EMP
RBT,OSM,SSW,DRY,DAY,MULTI,MODERATE,FINE,1,EMP
RBT,FRNT,SSW,DRY,DAY,SINGLE,MODERATE,FINE,1,EMP
RBT,MIR,SSW,DRY,DAY,MULTI,LIGHT,FINE,4,EMP
BSP,FRNT,TBO,WET,NIGHT,SINGLE,NO,RAIN,4,EMP
RAD,FRNT,N2T,WET,DAY,MULTI,HEAVY,RAIN,4,EMP
RAD,OSM,SSW,DRY,NIGHT,MULTI,LIGHT,FINE,4,CARS TRUCKS
BSP,REAR,N2T,DRY,DUSK,SINGLE,NO,FINE,4,EMP
RAD,TOPF,SSW,WET,NIGHT,FREE,LIGHT,RAIN,0,OTH
RAD,NSR,REVERSING,WET,NIGHT,SINGLE,NO,RAIN,4,EMP
BSP,FRNT,SSW,DRY,DAY,SINGLE,NO,FINE,4,BUS - OTHER
RAD,NSF,TAI,DRY,DAY,SINGLE,LIGHT,FINE,4,EMP
RAD,NSR,TAI,DRY,DAY,MULTI,HEAVY,FINE,4,EMP
RAD,OSM,SSW,DRY,DAY,MULTI,LIGHT,FINE,1,EMP
RAD,NSR,SSW,WET,DAY,SINGLE,LIGHT,FINE,0,OTH
XRD,MIR,SSW,DRY,DAY,MULTI,HEAVY,FINE,4,EMP
XRD,NSM,SSW,DRY,DAY,SINGLE,LIGHT,FINE,1,CARS TRUCKS
DEPOT,NSR,TAI,DRY,DAY,MULTI,LIGHT,FINE,4,EMP
RAD,WIN,TAI,WET,DAY,SINGLE,MODERATE,RAIN,4,EMP
RAD,REAR,SSW,DRY,NIGHT,SINGLE,NO,FINE,4,EMP
RAD,NSR,SSW,DRY,DAY,BUS,EXTREME,FINE,4,EMP
RAD,NSM,SSW,DRY,DUSK,SINGLE,NO,FINE,4,CARS TRUCKS
XRD,FRNT,N2T,SLIP,NIGHT,SINGLE,MODERATE,RAIN,4,EMP
RAD,NSF,SSW,DRY,DAY,SINGLE,NO,FINE,4,CARS TRUCKS
BSP,MIR,SSW,WET,NIGHT,MULTI,NO,FINE,4,EMP
RAD,NSF,SSW,DRY,NIGHT,MULTI,LIGHT,FINE,4,EMP
RAD,OSF,N2T,DRY,NIGHT,SINGLE,LIGHT,RAIN,4,EMP
RAD,NSF,ROO,DRY,DUSK,SINGLE,NO,FINE,4,BUS - OTHER
RAD,NSF,HON,DRY,NIGHT,SINGLE,NO,FINE,4,CARS TRUCKS
BSP,OSR,SSW,DRY,DAY,BUS,LIGHT,FINE,1,EMP
TIN,NSR,SSW,DRY,DAY,SINGLE,LIGHT,FINE,4,EMP
RAD,Rear bumper pai,SSW,DRY,DAY,SINGLE,LIGHT,FINE,1,EMP
XRD,REAR,SSW,DRY,DAY,SINGLE,MODERATE,FINE,5,CARS TRUCKS
RAD,NSR,REVERSING,DRY,NIGHT,SINGLE,LIGHT,FINE,4,CARS TRUCKS
BSP,FRNT,BTMO,DRY,DAY,SINGLE,NO,FINE,4,BUS - OTHER
XRD,NSM,SSW,DRY,DAY,SINGLE,NO,FINE,4,EMP
BSP,OSR,N2T,WET,DAY,MULTI,HEAVY,RAIN,5,EMP
RAD,OSR,REVERSING,WET,NIGHT,SINGLE,NO,FINE,4,CARS TRUCKS
DEPOT,OSR,HON,DRY,NIGHT,SINGLE,NO,FINE,4,EMP
RAD,FRNT,SSW,WET,DAY,SINGLE,MODERATE,FINE,4,EMP
BSP,NSM,SSW,SLIP,NIGHT,BUS,MODERATE,RAIN,4,EMP
RAD,REAR,SSW,DRY,DAY,SINGLE,LIGHT,FINE,5,BUS - OTHER
RAD,MIR,SSW,DRY,DUSK,SINGLE,MODERATE,SUN,4,EMP
RAD,NSR,SSW,WET,NIGHT,SINGLE,LIGHT,FINE,4,EMP
TIN,NSR,REVERSING,DRY,DAY,SINGLE,LIGHT,FINE,4,EMP
RAD,FRNT,SSW,DRY,DAY,MULTI,EXTREME,FINE,1,EMP
BSP,MIR,ROO,WET,DAY,SINGLE,NO,RAIN,4,BUS - OTHER
XRD,FRNT,SSW,DRY,DAY,SINGLE,MODERATE,FINE,5,EMP
RAD,NSF,HON,WET,DAY,SINGLE,LIGHT,RAIN,1,EMP
BSP,REAR,N2T,WET,DAY,MULTI,LIGHT,FINE,1,GEN
BSP,MIR,ROO,DRY,DAY,MULTI,LIGHT,FINE,4,EMP
RAD,NSM,REVERSING,DRY,DAY,MULTI,HEAVY,FINE,1,CARS TRUCKS
XRD,NSM,SSW,DRY,NIGHT,SINGLE,NO,FINE,1,EMP